organization_id,total_active,complete_products
1,5795,5387
2,681,660
3,866,576
4,255,239
5,1597,1571
6,1535,1533
8,4073,4059
9,444,131
10,6847,6435
11,2366,2211
12,5477,3855
13,2207,2207
14,1898,1880
15,4655,4655
16,2968,2582
17,744,742
18,2201,2201
19,634,605
20,284,251
21,1500,1499
22,9632,6298
23,998,792
24,993,990
25,1714,1401
26,32618,32474
27,887,717
29,357,325
30,3716,3690
31,538,449
32,1507,1507
33,5158,4986
34,1410,1122
35,1095,1092
36,15695,7518
37,6211,3501
38,8142,7412
39,8451,6954
40,1793,1793
41,4856,4795
42,558,476
43,963,460
44,10395,0
45,465,418
46,3958,3228
47,4505,2322
48,5303,1507
49,4601,4164
50,1076,978
51,1258,1016
52,546,486
53,458,338
54,337,327
55,7352,4368
56,270,232
57,1021,1020
58,593,580
59,7333,5412
60,1244,1176
61,1174,1016
62,2035,2033
63,30,5
64,2077,2077
65,21686,19842
66,2262,2262
67,1371,1370
68,11390,10727
69,18795,11573
70,5325,1191
71,4940,4540
72,724,490
73,738,681
74,3620,3203
75,18,8
76,1038,1038
77,1,0
78,1564,1232
80,525,525
81,2913,289
82,1398,1340
83,660,621
84,677,625
85,8864,8091
86,2253,443
87,7740,5453
88,11476,8383
89,4930,4879
90,3290,3255
92,618,566
93,101,101
94,36542,26178
95,961,952
97,18822,18484
98,1240,937
99,766,763
100,121,121
101,23,23
102,2415,581
103,1055,1013
104,33,13
105,7,0
106,2214,2213
107,3533,2950
108,10422,9134
109,13115,11929
110,53,53
111,8905,8888
112,455,435
113,550,513
114,20594,5407
115,6416,6375
116,19481,19282
118,5538,4848
119,1552,152
120,5533,1574
121,1320,1320
122,3077,3021
123,2004,0
124,1736,1724
125,713,243
126,2741,1915
127,1536,1536
129,135,135
130,6245,3825
131,3152,2748
132,10676,8394
133,486,479
134,631,607
135,203,203
136,3327,2280
137,11196,7404
138,3059,1665
139,4755,4715
140,4117,3959
141,18492,17695
142,771,738
143,2791,2755
144,3763,3762
145,7589,2059
146,2533,2340
147,814,812
148,624,15
149,2816,2624
150,7841,0
151,22,22
152,8191,2123
153,913,909
154,1056,81
155,3467,3387
156,1578,687
157,4942,2896
159,106,79
160,4382,4316
161,6130,5708
162,1974,1605
163,3159,3149
164,849,813
165,1082,1020
166,6268,6084
167,2849,1736
168,2165,2084
170,101,100
171,3377,2767
174,1890,1331
176,1106,1095
177,3481,0
178,9267,0
179,3801,3610
180,222,168
181,28833,28821
182,4169,4162
183,8,0
184,7606,7389
185,2635,2511
186,2299,1
187,3131,3109
220,1150,385
221,2021,2018
222,893,890
223,686,17
224,432,403
225,4835,4470
226,284,271
227,5542,5480
228,156,134
229,1419,1362
230,1070,1037
231,137,119
232,1563,1562
233,655,654
234,336,256
235,561,511
236,4331,2635
237,1496,1486
238,123,105
239,2459,2439
240,6193,6186
241,6510,6401
242,1628,1613
243,3328,2958
244,1493,0
245,1529,1502
246,533,503
247,50,19
248,1681,1680
249,259,259
250,2360,1870
251,2948,2946
252,3991,3960
254,2357,693
255,48147,46897
262,7676,4700
263,9603,6317
265,18150,17133
266,619,618
268,824,823
269,168,168
272,7404,7371
273,1012,789
274,1,0
275,44,33
277,55231,0
278,428,428
280,1185,0
282,392,347
283,7870,0
284,16,16
285,694,691
286,4252,4155
287,5329,5288
288,897,0
289,2209,0
290,1620,0
291,283,253
