BaseItemCode,ShortDesc,CurrentHideable,PrimaryImage,Category,SuggestedParentHero,Action
MLDR-120-24,Indoor/Outdoor Driver 120W,N,MLDR-120-24.jpg,A_WRONG_IMAGE,,"Hero is a room/application lifestyle shot, not the driver — replace with product photo"
DD-2460-S-WH,Dim Drive 60W,N,DD-2460-S-WH.jpg,A_WRONG_IMAGE,,Hero image not the device face — reorder primary to device shot or replace
DD-24100-S-WH,Dim Drive 100W,N,DD-24100-S-WH.jpg,A_WRONG_IMAGE,,Hero image not the device face — reorder primary to device shot or replace
LV-HSDR-36-24-PC,36W 24V LED Driver,N,LV-HS-PD20-24V-30-WW.jpg,A_WRONG_IMAGE,,Driver borrowing Hard Strip photo (LV-HS-PD20...) — needs driver photo
LV-HSDR-60-24-PC,60W 24V LED Driver,N,LV-HS-PD20-24V-30-WW.jpg,A_WRONG_IMAGE,,Driver borrowing Hard Strip photo (LV-HS-PD20...) — needs driver photo
SL-CC,Concrete Cap (Step Star),N,TLWMV153WMBK.jpg,A_WRONG_IMAGE,,Concrete Cap borrowing Outdoor Wall Sconce photo (TLWMV153WMBK) — wrong family
LBR-II-KIT,Brick Star Replacement Kit,N,TLWMV153WMBK.jpg,A_WRONG_IMAGE,,Brick Star Kit borrowing Outdoor Wall Sconce photo (TLWMV153WMBK) — wrong family
BL-CC,Concrete Cap (Brick Star),N,WF-04-12V-BLK.jpg,A_WRONG_IMAGE,,Brick Star Concrete Cap borrowing Pathway Light photo (WF-04-12V-BLK) — wrong family
LMSH-001,Terminal Block and Junction Box,N,EPL-SR-WW-WH.jpg,A_WRONG_IMAGE,,Junction/Terminal Block borrowing Edgelit Puck photo (EPL-SR-WW-WH) — wrong family
ACC-TM-BLK,Landscape Tree Mount,N,FL-01-12V-BLK.jpg,A_WRONG_IMAGE,,Tree Mount borrowing Mini Flood photo (FL-01-12V-BLK) — wrong family
SL-ID-BWBC-6,"6"" Jumper",N,SL-ID-BWBC-6.jpg,B_HIDE_ACCESSORY,SL-ID-30K-LP-20-A8,Set Hideable=Y; attach to parent hero via RelatedItems
SL-ID-B2BC,Splice,N,SL-ID-B2BC.jpg,B_HIDE_ACCESSORY,SL-ID-30K-LP-20-A8,Set Hideable=Y; attach to parent hero via RelatedItems
SL-ID-LC,L-shaped Connector,N,SL-ID-LC.jpg,B_HIDE_ACCESSORY,SL-ID-30K-LP-20-A8,Set Hideable=Y; attach to parent hero via RelatedItems
SL-ID-TC,T-shaped Connector,N,SL-ID-TC.jpg,B_HIDE_ACCESSORY,SL-ID-30K-LP-20-A8,Set Hideable=Y; attach to parent hero via RelatedItems
SL-OD-MC,Mounting Clips,N,SL-OD-MC.jpg,B_HIDE_ACCESSORY,SL-OD-RGB30K-20-BA8,Set Hideable=Y; attach to parent hero via RelatedItems
SL-OD-BWBC-6,"6"" Jumper (Outdoor)",N,SL-OD-BWBC-6.jpg,B_HIDE_ACCESSORY,SL-OD-CCT-HP-20-B8,Set Hideable=Y; attach to parent hero via RelatedItems
SL-OD-B2BC,Splice (Outdoor),N,SL-OD-B2BC.jpg,B_HIDE_ACCESSORY,SL-OD-CCT-HP-20-B8,Set Hideable=Y; attach to parent hero via RelatedItems
SL-OD-W2BC-72,6' Power Feed (Outdoor),N,SL-OD-W2BC-72.jpg,B_HIDE_ACCESSORY,SL-OD-CCT-HP-20-B8,Set Hideable=Y; attach to parent hero via RelatedItems
ST-10MM-BWBC-6,"6"" Jumper",N,ST-10MM-BWBC-6.jpg,B_HIDE_ACCESSORY,ST-ID-27K-HP-20-B0,Set Hideable=Y; attach to parent hero via RelatedItems
ST-10MM-B2BC,Splice,N,ST-10MM-B2BC.jpg,B_HIDE_ACCESSORY,ST-ID-27K-HP-20-B0,Set Hideable=Y; attach to parent hero via RelatedItems
ST-10MM-W2BC-72,6' Power Feed,N,ST-10MM-W2BC-72.jpg,B_HIDE_ACCESSORY,ST-ID-27K-HP-20-B0,Set Hideable=Y; attach to parent hero via RelatedItems
ST-ID-RGB-BWBC-6,"6"" Jumper (RGB)",N,ST-ID-RGB-BWBC-6.jpg,B_HIDE_ACCESSORY,ST-ID-RGB-HP-20-B8,Set Hideable=Y; attach to parent hero via RelatedItems
ST-ID-RGB-B2BC,Splice (RGB),N,ST-ID-RGB-B2BC.jpg,B_HIDE_ACCESSORY,ST-ID-RGB-HP-20-B8,Set Hideable=Y; attach to parent hero via RelatedItems
ST-ID-RGB-W2BC-72,6' Power Feed (RGB),N,ST-ID-RGB-W2BC-72.jpg,B_HIDE_ACCESSORY,ST-ID-RGB-HP-20-B8,Set Hideable=Y; attach to parent hero via RelatedItems
ES-120V-EC,End Cap (Indoor & Outdoor),N,ES-120V-EC.jpg,B_HIDE_ACCESSORY,ES-120V-27K-164FT,Set Hideable=Y; attach to parent hero via RelatedItems
ES-120V-JC-1FT,"Jumper, 1Ft",N,ES-120V-JC-1FT.jpg,B_HIDE_ACCESSORY,ES-120V-27K-164FT,Set Hideable=Y; attach to parent hero via RelatedItems
ES-120V-JC-3FT,"Jumper, 3Ft",N,ES-120V-JC-3FT.jpg,B_HIDE_ACCESSORY,ES-120V-27K-164FT,Set Hideable=Y; attach to parent hero via RelatedItems
ES-120V-JC-6FT,"Jumper, 6Ft",N,ES-120V-JC-6FT.jpg,B_HIDE_ACCESSORY,ES-120V-27K-164FT,Set Hideable=Y; attach to parent hero via RelatedItems
ES-120V-JC-6IN,"Jumper, 6""",N,ES-120V-JC-6IN.jpg,B_HIDE_ACCESSORY,ES-120V-27K-164FT,Set Hideable=Y; attach to parent hero via RelatedItems
ES-120V-MC,Mounting Clips (Bag of 10),N,ES-120V-MC.jpg,B_HIDE_ACCESSORY,ES-120V-27K-164FT,Set Hideable=Y; attach to parent hero via RelatedItems
ES-120V-PC,8Ft Power Cord,N,ES-120V-PC.jpg,B_HIDE_ACCESSORY,ES-120V-27K-164FT,Set Hideable=Y; attach to parent hero via RelatedItems
ES-120V-PC-PL,5Ft Power Cord with Plug,N,ES-120V-PC-PL.jpg,B_HIDE_ACCESSORY,ES-120V-27K-164FT,Set Hideable=Y; attach to parent hero via RelatedItems
YH-RGB-POWERCORD,Power Cord for RGB Colour (20CM),N,YH-RGB-POWERCORD.jpg,B_HIDE_ACCESSORY,YH-HRF50CA120S505060,Set Hideable=Y; attach to parent hero via RelatedItems
YH-RGB-MIDDLECON,Waterproof Middle Connector (15CM),N,YH-RGB-MIDDLECON.jpg,B_HIDE_ACCESSORY,YH-HRF50CA120S505060,Set Hideable=Y; attach to parent hero via RelatedItems
YH-RGB-ENDCAP,End Cap,N,YH-RGB-ENDCAP.jpg,B_HIDE_ACCESSORY,YH-HRF50CA120S505060,Set Hideable=Y; attach to parent hero via RelatedItems
LES-001-6BR,Outdoor 6' Power Connector,N,LES-001-6BR.jpg,B_HIDE_ACCESSORY,LESHP-40-3000K,Set Hideable=Y; attach to parent hero via RelatedItems
LES-001-6CL,Indoor 6' Power Connector,N,LES-001-6CL.jpg,B_HIDE_ACCESSORY,LESHP-40-3000K,Set Hideable=Y; attach to parent hero via RelatedItems
LES-001-12BR,Outdoor 12' Power Connector,N,LES-001-12BR.jpg,B_HIDE_ACCESSORY,LESHP-40-3000K,Set Hideable=Y; attach to parent hero via RelatedItems
LES-001-12CL,Indoor 12' Power Connector,N,LES-001-12CL.jpg,B_HIDE_ACCESSORY,LESHP-40-3000K,Set Hideable=Y; attach to parent hero via RelatedItems
LES-002,In-Line Connector Set,N,LES-002.jpg,B_HIDE_ACCESSORY,LESHP-40-3000K,Set Hideable=Y; attach to parent hero via RelatedItems
LES-003-2,Cutting End Cap,N,LES-003-2.jpg,B_HIDE_ACCESSORY,LESHP-40-3000K,Set Hideable=Y; attach to parent hero via RelatedItems
LES-005,Wood Nail Clips,N,LES-005.jpg,B_HIDE_ACCESSORY,LESHP-40-3000K,Set Hideable=Y; attach to parent hero via RelatedItems
LES-BFXN,X Type Connector,N,LES-BFXN.jpg,B_HIDE_ACCESSORY,LESHP-40-3000K,Set Hideable=Y; attach to parent hero via RelatedItems
LES-BFDN,6 x 12mm Splice Kit,N,LES-BFDN.jpg,B_HIDE_ACCESSORY,LESHP-40-3000K,Set Hideable=Y; attach to parent hero via RelatedItems
LES-BFLN,L Type Connector,N,LES-BFLN.jpg,B_HIDE_ACCESSORY,LESHP-40-3000K,Set Hideable=Y; attach to parent hero via RelatedItems
LES-BFTR,T Type Connector,N,LES-BFTR.jpg,B_HIDE_ACCESSORY,LESHP-40-3000K,Set Hideable=Y; attach to parent hero via RelatedItems
LES-BFTD,T Type Connector (Bottom),N,LES-BFTD.jpg,B_HIDE_ACCESSORY,LESHP-40-3000K,Set Hideable=Y; attach to parent hero via RelatedItems
LMSII-001,Terminal Block and Junction Box,N,LMSII-001.jpg,B_HIDE_ACCESSORY,LESHP-40-3000K,Set Hideable=Y; attach to parent hero via RelatedItems
LES-BTFN,Female Connector,N,LES-BTFN.jpg,B_HIDE_ACCESSORY,LES-40-RGB,Set Hideable=Y; attach to parent hero via RelatedItems
LES-BTMN,Male Connector,N,LES-BTMN.jpg,B_HIDE_ACCESSORY,LES-40-RGB,Set Hideable=Y; attach to parent hero via RelatedItems
LES-BTSN,In Line Connector,N,LES-BTSN.jpg,B_HIDE_ACCESSORY,LES-40-RGB,Set Hideable=Y; attach to parent hero via RelatedItems
LES-BTMCJ-1.5,1.5' Power Connector,N,LES-BTMCJ-1.5.jpg,B_HIDE_ACCESSORY,LES-40-RGB,Set Hideable=Y; attach to parent hero via RelatedItems
LES-BTMCJ-6,6' Power Connector,N,LES-BTMCJ-6.jpg,B_HIDE_ACCESSORY,LES-40-RGB,Set Hideable=Y; attach to parent hero via RelatedItems
LES-STCN,Cutting End Cap,N,LES-STCN.jpg,B_HIDE_ACCESSORY,LES-40-RGB,Set Hideable=Y; attach to parent hero via RelatedItems
LES-STFN,Female End Cap,N,LES-STFN.jpg,B_HIDE_ACCESSORY,LES-40-RGB,Set Hideable=Y; attach to parent hero via RelatedItems
LES-SNPT,Wood Nail Clips,N,LES-SNPT.jpg,B_HIDE_ACCESSORY,LES-40-RGB,Set Hideable=Y; attach to parent hero via RelatedItems
LES-TCJ-EI6-N,"LED RGB eStrip 6"" Flex Connector",N,LES-TCJ-EI6-N.jpg,B_HIDE_ACCESSORY,LES-40-RGB,Set Hideable=Y; attach to parent hero via RelatedItems
NFLX-CONKIT-6FT,"Power Feed Connector, 6FT",N,NFLX-CONKIT-6FT.jpg,B_HIDE_ACCESSORY,NFLX-40-3000K,Set Hideable=Y; attach to parent hero via RelatedItems
NFLX-JUMP,"Jumper Connector, 15CM (6in)",N,NFLX-JUMP.jpg,B_HIDE_ACCESSORY,NFLX-40-3000K,Set Hideable=Y; attach to parent hero via RelatedItems
NFLX-SPLICE,In-line Splice Connector,N,NFLX-SPLICE.jpg,B_HIDE_ACCESSORY,NFLX-40-3000K,Set Hideable=Y; attach to parent hero via RelatedItems
NFLX-T-SPLICE,T Splice Connector,N,NFLX-T-SPLICE.jpg,B_HIDE_ACCESSORY,NFLX-40-3000K,Set Hideable=Y; attach to parent hero via RelatedItems
NFLX-ENDS,End Cap,N,NFLX-ENDS.jpg,B_HIDE_ACCESSORY,NFLX-40-3000K,Set Hideable=Y; attach to parent hero via RelatedItems
NFLX-CLIPS,Mounting Clips,N,NFLX-CLIPS.jpg,B_HIDE_ACCESSORY,NFLX-40-3000K,Set Hideable=Y; attach to parent hero via RelatedItems
NFLX-RGB-CONKIT-6FT,"RGB Power Feed Connector, 6FT",N,NFLX-RGB-CONKIT-6FT.jpg,B_HIDE_ACCESSORY,NFLX-40-RGB,Set Hideable=Y; attach to parent hero via RelatedItems
NFLX-RGB-JUMP,"RGB Jumper Connector, 15CM (6in)",N,NFLX-RGB-JUMP.jpg,B_HIDE_ACCESSORY,NFLX-40-RGB,Set Hideable=Y; attach to parent hero via RelatedItems
MGST-2700K-LAMP,Replacement Globe Lamp (2700K),N,MGST-12-2700K.jpg,B_HIDE_ACCESSORY,MGST-12-2700K,Set Hideable=Y; attach to parent hero via RelatedItems
MGST-6000K-LAMP,Replacement Globe Lamp (6000K),N,MGST-12-2700K.jpg,B_HIDE_ACCESSORY,MGST-12-2700K,Set Hideable=Y; attach to parent hero via RelatedItems
MGEC,End Cap (Bag of 10),N,MGEC.jpg,B_HIDE_ACCESSORY,MGST-12-2700K,Set Hideable=Y; attach to parent hero via RelatedItems
MGNC,Wood Nail Clips,N,MGNC.jpg,B_HIDE_ACCESSORY,MGST-12-2700K,Set Hideable=Y; attach to parent hero via RelatedItems
MGWL-2700K-LAMP,Replacement Wedge Lamp (2700K),N,MGWL-06-2700K.jpg,B_HIDE_ACCESSORY,MGWL-06-2700K,Set Hideable=Y; attach to parent hero via RelatedItems
MGWL-6000K-LAMP,Replacement Wedge Lamp (6000K),N,MGWL-06-2700K.jpg,B_HIDE_ACCESSORY,MGWL-06-2700K,Set Hideable=Y; attach to parent hero via RelatedItems
MGWL-R-LAMP,Replacement Wedge Lamp (Red),N,MGWL-R-LAMP.jpg,B_HIDE_ACCESSORY,MGWL-06-2700K,Set Hideable=Y; attach to parent hero via RelatedItems
MGWL-BL-LAMP,Replacement Wedge Lamp (Blue),N,MGWL-BL-LAMP.jpg,B_HIDE_ACCESSORY,MGWL-06-2700K,Set Hideable=Y; attach to parent hero via RelatedItems
MGWL-G-LAMP,Replacement Wedge Lamp (Green),N,MGWL-G-LAMP.jpg,B_HIDE_ACCESSORY,MGWL-06-2700K,Set Hideable=Y; attach to parent hero via RelatedItems
MGWL-AM-LAMP,Replacement Wedge Lamp (Amber),N,MGWL-AM-LAMP.jpg,B_HIDE_ACCESSORY,MGWL-06-2700K,Set Hideable=Y; attach to parent hero via RelatedItems
ES-EC,End Cap,N,ES-EC.jpg,B_HIDE_ACCESSORY,ES-LS283527K422430,Set Hideable=Y; attach to parent hero via RelatedItems
ES-JC-12IN,Jumper Cable (12IN),N,ES-JC-12IN.jpg,B_HIDE_ACCESSORY,ES-LS283527K422430,Set Hideable=Y; attach to parent hero via RelatedItems
ES-JC-3FT,Jumper Cable (3FT),N,ES-JC-3FT.jpg,B_HIDE_ACCESSORY,ES-LS283527K422430,Set Hideable=Y; attach to parent hero via RelatedItems
ES-JC-6FT,Jumper Cable (6FT),N,ES-JC-6FT.jpg,B_HIDE_ACCESSORY,ES-LS283527K422430,Set Hideable=Y; attach to parent hero via RelatedItems
ES-JC-6IN,Jumper Cable (6IN),N,ES-JC-6IN.jpg,B_HIDE_ACCESSORY,ES-LS283527K422430,Set Hideable=Y; attach to parent hero via RelatedItems
ES-PFC-6FT,Power Feed Connector (6FT),N,ES-PFC-6FT.jpg,B_HIDE_ACCESSORY,ES-LS283527K422430,Set Hideable=Y; attach to parent hero via RelatedItems
ES-MC,Mounting Clips (4pcs/bag),N,ES-MC.jpg,B_HIDE_ACCESSORY,ES-LS283527K422430,Set Hideable=Y; attach to parent hero via RelatedItems
LEDDR-12-20W-HW,"LED Driver 20W, 12V DC J-Box",N,LEDDR-12-20W-HW.jpg,B_HIDE_ACCESSORY,MGWL-06-2700K,Set Hideable=Y; attach to parent hero via RelatedItems
LTSPRO-J-12,"12"" Jumper Cable",N,LTSPRO-J-12.jpg,B_HIDE_ACCESSORY,LTSPRO-12-WH,Set Hideable=Y; attach to parent hero via RelatedItems
LTSPRO-J-12-BK,"12"" Jumper Cable (Black)",N,LTSPRO-J-12.jpg,B_HIDE_ACCESSORY,LTSPRO-12-WH,Set Hideable=Y; attach to parent hero via RelatedItems
LTSPRO-J-18,"18"" Jumper Cable",N,LTSPRO-J-12.jpg,B_HIDE_ACCESSORY,LTSPRO-18-WH,Set Hideable=Y; attach to parent hero via RelatedItems
LTSPRO-J-18-BK,"18"" Jumper Cable (Black)",N,LTSPRO-J-12.jpg,B_HIDE_ACCESSORY,LTSPRO-18-WH,Set Hideable=Y; attach to parent hero via RelatedItems
LTSPRO-J-24,"24"" Jumper Cable",N,LTSPRO-J-12.jpg,B_HIDE_ACCESSORY,LTSPRO-24-WH,Set Hideable=Y; attach to parent hero via RelatedItems
LTSPRO-J-24-BK,"24"" Jumper Cable (Black)",N,LTSPRO-J-12.jpg,B_HIDE_ACCESSORY,LTSPRO-24-WH,Set Hideable=Y; attach to parent hero via RelatedItems
LTSPRO-J-32,"32"" Jumper Cable",N,LTSPRO-J-12.jpg,B_HIDE_ACCESSORY,LTSPRO-32-WH,Set Hideable=Y; attach to parent hero via RelatedItems
LTSPRO-J-32-BK,"32"" Jumper Cable (Black)",N,LTSPRO-J-12.jpg,B_HIDE_ACCESSORY,LTSPRO-32-WH,Set Hideable=Y; attach to parent hero via RelatedItems
LTSPRO-PC-72,"72"" Replacement Power Cord and Plug",N,LTSPRO-PC-72.jpg,B_HIDE_ACCESSORY,LTSPRO-9-WH,Set Hideable=Y; attach to parent hero via RelatedItems
LTSPRO-PC-72-BK,"72"" Replacement Power Cord and Plug (Black)",N,LTSPRO-PC-72.jpg,B_HIDE_ACCESSORY,LTSPRO-9-WH,Set Hideable=Y; attach to parent hero via RelatedItems
LTSPRO-JB,Hardwire Junction Box,N,LTSPRO-JB.jpg,B_HIDE_ACCESSORY,LTSPRO-9-WH,Set Hideable=Y; attach to parent hero via RelatedItems
LTSPRO-JB-BK,Hardwire Junction Box (Black),N,LTSPRO-JB.jpg,B_HIDE_ACCESSORY,LTSPRO-9-WH,Set Hideable=Y; attach to parent hero via RelatedItems
RC-01,"3/8"" Romex Connector",N,RC-01.jpg,B_HIDE_ACCESSORY,LTSPRO-9-WH,Set Hideable=Y; attach to parent hero via RelatedItems
LTSPRO-SW-BK,CCT Slider Switch Cover (Black),N,LTSPRO-SW-09-WH.jpg,B_HIDE_ACCESSORY,LTSPRO-SW-09-WH,Set Hideable=Y; attach to parent hero via RelatedItems
LTSPRO-SW-WH,CCT Slider Switch Cover (White),N,LTSPRO-SW-09-WH.jpg,B_HIDE_ACCESSORY,LTSPRO-SW-09-WH,Set Hideable=Y; attach to parent hero via RelatedItems
LEDLB-J-6,"6"" Jumper Cable",N,LEDLB-J-6.jpg,B_HIDE_ACCESSORY,LEDLB-5CCT-10,Set Hideable=Y; attach to parent hero via RelatedItems
LEDLB-J-12,"12"" Jumper Cable",N,LEDLB-J-12.jpg,B_HIDE_ACCESSORY,LEDLB-5CCT-10,Set Hideable=Y; attach to parent hero via RelatedItems
LEDLB-J-18,"18"" Jumper Cable",N,LEDLB-J-18.jpg,B_HIDE_ACCESSORY,LEDLB-5CCT-10,Set Hideable=Y; attach to parent hero via RelatedItems
LEDLB-J-24,"24"" Jumper Cable",N,LEDLB-J-24.jpg,B_HIDE_ACCESSORY,LEDLB-5CCT-10,Set Hideable=Y; attach to parent hero via RelatedItems
LEDLB-J-32,"32"" Jumper Cable",N,LEDLB-J-32.jpg,B_HIDE_ACCESSORY,LEDLB-5CCT-10,Set Hideable=Y; attach to parent hero via RelatedItems
LTSPRO-HW-72,"72"" Power Cord for Hardwire",N,LTSPRO-HW-72.jpg,B_HIDE_ACCESSORY,LEDLB-5CCT-10,Set Hideable=Y; attach to parent hero via RelatedItems
LV-HS-PD20-PF1-12,"12"" Power Feed, DC Plug",N,LV-HS-PD20-PF1-12.jpg,B_HIDE_ACCESSORY,LV-HS-PD20-24V-30-WW,Set Hideable=Y; attach to parent hero via RelatedItems
LV-HS-PD20-PF1-39,"39"" Power Feed, DC Plug",N,LV-HS-PD20-PF1-39.jpg,B_HIDE_ACCESSORY,LV-HS-PD20-24V-30-WW,Set Hideable=Y; attach to parent hero via RelatedItems
LV-HS-PD20-PF1-HW,"36"" Power Feed, Hardwire",N,LV-HS-PD20-PF1-HW.jpg,B_HIDE_ACCESSORY,LV-HS-PD20-24V-30-WW,Set Hideable=Y; attach to parent hero via RelatedItems
LV-HS-PD20-PC1-12,"12"" Power Connector, Bar-Bar",N,LV-HS-PD20-PC1-12.jpg,B_HIDE_ACCESSORY,LV-HS-PD20-24V-30-WW,Set Hideable=Y; attach to parent hero via RelatedItems
LV-HS-PD20-PC1-39,"39"" Power Connector, Bar-Bar",N,LV-HS-PD20-PC1-39.jpg,B_HIDE_ACCESSORY,LV-HS-PD20-24V-30-WW,Set Hideable=Y; attach to parent hero via RelatedItems
LV-HS-PD20-PC1-3,"3"" Power Connector, Bar-Bar",N,LV-HS-PD20-PC1-3.jpg,B_HIDE_ACCESSORY,LV-HS-PD20-24V-30-WW,Set Hideable=Y; attach to parent hero via RelatedItems
LV-HS-CN-3DC,"Connector, 12"" Lead, 3 DC",N,LV-HS-EC.jpg,B_HIDE_ACCESSORY,LV-HS-PD20-24V-30-WW,Set Hideable=Y; attach to parent hero via RelatedItems
LV-HS-CN-2DC,"Connector, 12"" Lead, 2 DC",N,LV-HS-EC.jpg,B_HIDE_ACCESSORY,LV-HS-PD20-24V-30-WW,Set Hideable=Y; attach to parent hero via RelatedItems
LV-HS-EC,End Cap,N,LV-HS-EC.jpg,B_HIDE_ACCESSORY,LV-HS-PD20-24V-30-WW,Set Hideable=Y; attach to parent hero via RelatedItems
LV-HS-MC0,0° Mounting Clips (2pk),N,LV-HS-MC0.jpg,B_HIDE_ACCESSORY,LV-HS-PD20-24V-30-WW,Set Hideable=Y; attach to parent hero via RelatedItems
LV-HS-MC30,30° Mounting Clips (2pk),N,LV-HS-MC30.jpg,B_HIDE_ACCESSORY,LV-HS-PD20-24V-30-WW,Set Hideable=Y; attach to parent hero via RelatedItems
LV-HS-MC45,45° Mounting Clip (2pk),N,LV-HS-MC45.jpg,B_HIDE_ACCESSORY,LV-HS-PD20-24V-30-WW,Set Hideable=Y; attach to parent hero via RelatedItems
LV-HS-MCTR,Rotary Mounting Clip (2pk),N,LV-HS-MCTR.jpg,B_HIDE_ACCESSORY,LV-HS-PD20-24V-30-WW,Set Hideable=Y; attach to parent hero via RelatedItems
LV-HS-PF2-HW,"RGB 36"" Power Feed, Hardwire",N,LV-HS-PF2-HW.jpg,B_HIDE_ACCESSORY,LV-HS-RGB-24T2-1,Set Hideable=Y; attach to parent hero via RelatedItems
LV-HS-PC2-3,"3"" RGB Power Connector",N,LV-HS-PC2-3.jpg,B_HIDE_ACCESSORY,LV-HS-RGB-24T2-1,Set Hideable=Y; attach to parent hero via RelatedItems
LV-HS-PC2-12,"12"" RGB Power Feed, DC Plug",N,LV-HS-PC2-12.jpg,B_HIDE_ACCESSORY,LV-HS-RGB-24T2-1,Set Hideable=Y; attach to parent hero via RelatedItems
LV-HS-PC2-39,"39"" RGB Power Feed, DC Plug",N,LV-HS-PC2-12.jpg,B_HIDE_ACCESSORY,LV-HS-RGB-24T2-1,Set Hideable=Y; attach to parent hero via RelatedItems
FL-TR,Trunnion Mount Bracket,N,FL-TR.jpg,B_HIDE_ACCESSORY,FL-15-CT,Set Hideable=Y; attach to parent hero via RelatedItems
FL-Y-50,Yoke Mount Bracket (50W),N,FL-Y-50.jpg,B_HIDE_ACCESSORY,FL-50-CT,Set Hideable=Y; attach to parent hero via RelatedItems
FL-ADM-50,Universal Mount Bracket (50W),N,FL-ADM-50.jpg,B_HIDE_ACCESSORY,FL-50-CT,Set Hideable=Y; attach to parent hero via RelatedItems
FL-SH-50,Glare Shield (50W),N,FL-SH-50.jpg,B_HIDE_ACCESSORY,FL-50-CT,Set Hideable=Y; attach to parent hero via RelatedItems
FL-WG-50,Wire Guard (50W),N,FL-WG-50.jpg,B_HIDE_ACCESSORY,FL-50-CT,Set Hideable=Y; attach to parent hero via RelatedItems
LST-II-KIT,Step Star Replacement Kit,N,LEDSST-II-WH-P-WH.jpg,B_HIDE_ACCESSORY,LEDSST-II-WH-P-WH,Set Hideable=Y; attach to parent hero via RelatedItems
LEDD-MOD-WH,Disc Light Module (White 5500K),N,LEDD-MOD-WH.jpg,B_HIDE_ACCESSORY,LEDD-F-WH,Set Hideable=Y; attach to parent hero via RelatedItems
LEDD-MOD-WW,Disc Light Module (Warm White 2700K),N,LEDD-MOD-WW.jpg,B_HIDE_ACCESSORY,LEDD-F-WH,Set Hideable=Y; attach to parent hero via RelatedItems
LW-18G-CL2,Installation Wire (Indoor Through Wall),N,LEDD-F-WH.jpg,B_HIDE_ACCESSORY,LEDD-F-WH,Set Hideable=Y; attach to parent hero via RelatedItems
LW-18G-BUR,Installation Wire (Outdoor Burial),N,LEDD-F-WH.jpg,B_HIDE_ACCESSORY,LEDD-F-WH,Set Hideable=Y; attach to parent hero via RelatedItems
LEDD-CF,Disc Light Concrete Form (Round),N,LEDD-CF.jpg,B_HIDE_ACCESSORY,LEDD-F-WH,Set Hideable=Y; attach to parent hero via RelatedItems
LEDD-CF-SQ,Disc Light Concrete Form (Square),N,LEDD-CF-SQ.jpg,B_HIDE_ACCESSORY,LEDD-F-WH-SQ,Set Hideable=Y; attach to parent hero via RelatedItems
LCL-LEDMOD-WH,Mini Disc Module (White 5400K),N,LEDD-F-WH.jpg,B_HIDE_ACCESSORY,LEDD-F-WH,Set Hideable=Y; attach to parent hero via RelatedItems
LCL-LEDMOD-WW,Mini Disc Module (Warm White 2900K),N,LEDD-F-WH.jpg,B_HIDE_ACCESSORY,LEDD-F-WH,Set Hideable=Y; attach to parent hero via RelatedItems
LEDMD-CF,Mini Disc Concrete Form (Round),N,LEDD-F-WH.jpg,B_HIDE_ACCESSORY,LEDD-F-WH,Set Hideable=Y; attach to parent hero via RelatedItems
LEDMD-CF-SQ,Mini Disc Concrete Form (Square),N,LEDD-F-WH.jpg,B_HIDE_ACCESSORY,LEDD-F-WH,Set Hideable=Y; attach to parent hero via RelatedItems
SDL-5CCT-4-TR-BK,"Black Trim Ring (4"" Ultra-Thin)",N,SDL-5CCT-4-TR-BK.jpg,B_HIDE_ACCESSORY,SDL-5CCT-4-WH-1P,Set Hideable=Y; attach to parent hero via RelatedItems
SDL-5CCT-6-TR-BK,"Black Trim Ring (6"" Ultra-Thin)",N,SDL-5CCT-6-TR-BK.jpg,B_HIDE_ACCESSORY,SDL-5CCT-6-WH-1P,Set Hideable=Y; attach to parent hero via RelatedItems
SDL-5CCT-4-CP,"Construction Plate (4"" Ultra-Thin)",N,SDL-5CCT-4-CP.jpg,B_HIDE_ACCESSORY,SDL-5CCT-4-WH-1P,Set Hideable=Y; attach to parent hero via RelatedItems
SDL-5CCT-6-CP,"Construction Plate (6"" Ultra-Thin)",N,SDL-5CCT-6-CP.jpg,B_HIDE_ACCESSORY,SDL-5CCT-6-WH-1P,Set Hideable=Y; attach to parent hero via RelatedItems
LVLDL-03-TR-BK-L3,"Round Trim Ring 3"" (Black)",N,LVLDL-TR-ROUND.jpg,B_HIDE_ACCESSORY,DL-5CCT-3-WH,Set Hideable=Y; attach to parent hero via RelatedItems
LVLDL-03-TR-BZ-L3,"Round Trim Ring 3"" (Bronze)",N,LVLDL-TR-ROUND.jpg,B_HIDE_ACCESSORY,DL-5CCT-3-WH,Set Hideable=Y; attach to parent hero via RelatedItems
LVLDL-03-TR-BN-L3,"Round Trim Ring 3"" (Brushed Nickel)",N,LVLDL-TR-ROUND.jpg,B_HIDE_ACCESSORY,DL-5CCT-3-WH,Set Hideable=Y; attach to parent hero via RelatedItems
LVLDL-08-TR-BK-L3,"Round Trim Ring 8"" (Black)",N,LVLDL-TR-ROUND.jpg,B_HIDE_ACCESSORY,DL-5CCT-8-WH,Set Hideable=Y; attach to parent hero via RelatedItems
LVLDL-08-TR-BZ-L3,"Round Trim Ring 8"" (Bronze)",N,LVLDL-TR-ROUND.jpg,B_HIDE_ACCESSORY,DL-5CCT-8-WH,Set Hideable=Y; attach to parent hero via RelatedItems
LVLDL-08-TR-BN-L3,"Round Trim Ring 8"" (Brushed Nickel)",N,LVLDL-TR-ROUND.jpg,B_HIDE_ACCESSORY,DL-5CCT-8-WH,Set Hideable=Y; attach to parent hero via RelatedItems
LVLDL-10-TR-BK-L3,"Round Trim Ring 10"" (Black)",N,LVLDL-TR-ROUND.jpg,B_HIDE_ACCESSORY,DL-5CCT-10-WH,Set Hideable=Y; attach to parent hero via RelatedItems
LVLDL-10-TR-BZ-L3,"Round Trim Ring 10"" (Bronze)",N,LVLDL-TR-ROUND.jpg,B_HIDE_ACCESSORY,DL-5CCT-10-WH,Set Hideable=Y; attach to parent hero via RelatedItems
LVLDL-10-TR-BN-L3,"Round Trim Ring 10"" (Brushed Nickel)",N,LVLDL-TR-ROUND.jpg,B_HIDE_ACCESSORY,DL-5CCT-10-WH,Set Hideable=Y; attach to parent hero via RelatedItems
LVLDL-BR-3-L3,"Beauty Ring 3"" (Round)",N,LVLDL-TR-ROUND.jpg,B_HIDE_ACCESSORY,DL-5CCT-3-WH,Set Hideable=Y; attach to parent hero via RelatedItems
LVLDL-BR-4-L3,"Beauty Ring 4"" (Round)",N,LVLDL-TR-ROUND.jpg,B_HIDE_ACCESSORY,DL-5CCT-4-WH,Set Hideable=Y; attach to parent hero via RelatedItems
LVLDL-BR-6-L3,"Beauty Ring 6"" (Round)",N,LVLDL-TR-ROUND.jpg,B_HIDE_ACCESSORY,DL-5CCT-6-WH,Set Hideable=Y; attach to parent hero via RelatedItems
LVLDL-BR-8-L3,"Beauty Ring 8"" (Round)",N,LVLDL-TR-ROUND.jpg,B_HIDE_ACCESSORY,DL-5CCT-8-WH,Set Hideable=Y; attach to parent hero via RelatedItems
LVLDL-BR-10-L3,"Beauty Ring 10"" (Round)",N,LVLDL-TR-ROUND.jpg,B_HIDE_ACCESSORY,DL-5CCT-10-WH,Set Hideable=Y; attach to parent hero via RelatedItems
LVLDL-CP-3-L3,"Construction Plate 3"" (Thin Line)",N,LVLDL-TR-ROUND.jpg,B_HIDE_ACCESSORY,DL-5CCT-3-WH,Set Hideable=Y; attach to parent hero via RelatedItems
LVLDL-CP-4-L3,"Construction Plate 4"" (Thin Line)",N,LVLDL-CP-4-L3.jpg,B_HIDE_ACCESSORY,DL-5CCT-4S-WH,Set Hideable=Y; attach to parent hero via RelatedItems
LVLDL-CP-6-L3,"Construction Plate 6"" (Thin Line)",N,LVLDL-TR-ROUND.jpg,B_HIDE_ACCESSORY,DL-5CCT-6S-WH,Set Hideable=Y; attach to parent hero via RelatedItems
LVLDL-CP-8-L3,"Construction Plate 8"" (Thin Line)",N,LVLDL-TR-ROUND.jpg,B_HIDE_ACCESSORY,DL-5CCT-8-WH,Set Hideable=Y; attach to parent hero via RelatedItems
LVLDL-CP-10-L3,"Construction Plate 10"" (Thin Line)",N,LVLDL-TR-ROUND.jpg,B_HIDE_ACCESSORY,DL-5CCT-10-WH,Set Hideable=Y; attach to parent hero via RelatedItems
LVLDL-04S-TR-BK-L3,"Square Trim Ring 4"" (Black)",N,LVLDL-TR-ROUND.jpg,B_HIDE_ACCESSORY,DL-5CCT-4S-WH,Set Hideable=Y; attach to parent hero via RelatedItems
LVLDL-04S-TR-BZ-L3,"Square Trim Ring 4"" (Bronze)",N,LVLDL-TR-ROUND.jpg,B_HIDE_ACCESSORY,DL-5CCT-4S-WH,Set Hideable=Y; attach to parent hero via RelatedItems
LVLDL-04S-TR-BN-L3,"Square Trim Ring 4"" (Brushed Nickel)",N,LVLDL-TR-ROUND.jpg,B_HIDE_ACCESSORY,DL-5CCT-4S-WH,Set Hideable=Y; attach to parent hero via RelatedItems
LVLDL-06S-TR-BK-L3,"Square Trim Ring 6"" (Black)",N,LVLDL-TR-ROUND.jpg,B_HIDE_ACCESSORY,DL-5CCT-6S-WH,Set Hideable=Y; attach to parent hero via RelatedItems
LVLDL-06S-TR-BZ-L3,"Square Trim Ring 6"" (Bronze)",N,LVLDL-TR-ROUND.jpg,B_HIDE_ACCESSORY,DL-5CCT-6S-WH,Set Hideable=Y; attach to parent hero via RelatedItems
LVLDL-06S-TR-BN-L3,"Square Trim Ring 6"" (Brushed Nickel)",N,LVLDL-TR-ROUND.jpg,B_HIDE_ACCESSORY,DL-5CCT-6S-WH,Set Hideable=Y; attach to parent hero via RelatedItems
LVLDL-SR-06-TR-BK-L,"Round SM Trim Ring 6"" (Black)",N,LVLDL-SR-06-WW-WH-L.jpg,B_HIDE_ACCESSORY,LVLDL-SR-06-WW-WH-L,Set Hideable=Y; attach to parent hero via RelatedItems
LVLDL-SR-06-TR-BZ-L,"Round SM Trim Ring 6"" (Bronze)",N,LVLDL-SR-06-WW-WH-L.jpg,B_HIDE_ACCESSORY,LVLDL-SR-06-WW-WH-L,Set Hideable=Y; attach to parent hero via RelatedItems
LVLDL-SR-06-TR-BN-L,"Round SM Trim Ring 6"" (Brushed Nickel)",N,LVLDL-SR-06-WW-WH-L.jpg,B_HIDE_ACCESSORY,LVLDL-SR-06-WW-WH-L,Set Hideable=Y; attach to parent hero via RelatedItems
LVLDL-SR-08-TR-BK-L,"Round SM Trim Ring 8"" (Black)",N,LVLDL-SR-06-WW-WH-L.jpg,B_HIDE_ACCESSORY,LVLDL-SR-06-WW-WH-L,Set Hideable=Y; attach to parent hero via RelatedItems
LVLDL-SR-08-TR-BZ-L,"Round SM Trim Ring 8"" (Bronze)",N,LVLDL-SR-06-WW-WH-L.jpg,B_HIDE_ACCESSORY,LVLDL-SR-06-WW-WH-L,Set Hideable=Y; attach to parent hero via RelatedItems
LVLDL-SR-08-TR-BN-L,"Round SM Trim Ring 8"" (Brushed Nickel)",N,LVLDL-SR-06-WW-WH-L.jpg,B_HIDE_ACCESSORY,LVLDL-SR-06-WW-WH-L,Set Hideable=Y; attach to parent hero via RelatedItems
LVLDL-SR-10-TR-BK-L,"Round SM Trim Ring 10"" (Black)",N,LVLDL-SR-06-WW-WH-L.jpg,B_HIDE_ACCESSORY,LVLDL-SR-06-WW-WH-L,Set Hideable=Y; attach to parent hero via RelatedItems
LVLDL-SR-10-TR-BZ-L,"Round SM Trim Ring 10"" (Bronze)",N,LVLDL-SR-06-WW-WH-L.jpg,B_HIDE_ACCESSORY,LVLDL-SR-06-WW-WH-L,Set Hideable=Y; attach to parent hero via RelatedItems
LVLDL-SR-10-TR-BN-L,"Round SM Trim Ring 10"" (Brushed Nickel)",N,LVLDL-SR-06-WW-WH-L.jpg,B_HIDE_ACCESSORY,LVLDL-SR-06-WW-WH-L,Set Hideable=Y; attach to parent hero via RelatedItems
LVLDL-SR-12-TR-BK-L,"Round SM Trim Ring 12"" (Black)",N,LVLDL-SR-06-WW-WH-L.jpg,B_HIDE_ACCESSORY,LVLDL-SR-06-WW-WH-L,Set Hideable=Y; attach to parent hero via RelatedItems
LVLDL-SR-12-TR-BZ-L,"Round SM Trim Ring 12"" (Bronze)",N,LVLDL-SR-06-WW-WH-L.jpg,B_HIDE_ACCESSORY,LVLDL-SR-06-WW-WH-L,Set Hideable=Y; attach to parent hero via RelatedItems
LVLDL-SR-12-TR-BN-L,"Round SM Trim Ring 12"" (Brushed Nickel)",N,LVLDL-SR-06-WW-WH-L.jpg,B_HIDE_ACCESSORY,LVLDL-SR-06-WW-WH-L,Set Hideable=Y; attach to parent hero via RelatedItems
LVLDL-SS-06-TR-BK-L,"Square SM Trim Ring 6"" (Black)",N,LVLDL-SS-06-WW-WH-L.jpg,B_HIDE_ACCESSORY,LVLDL-SS-06-WW-WH-L,Set Hideable=Y; attach to parent hero via RelatedItems
LVLDL-SS-06-TR-BZ-L,"Square SM Trim Ring 6"" (Bronze)",N,LVLDL-SS-06-WW-WH-L.jpg,B_HIDE_ACCESSORY,LVLDL-SS-06-WW-WH-L,Set Hideable=Y; attach to parent hero via RelatedItems
LVLDL-SS-06-TR-BN-L,"Square SM Trim Ring 6"" (Brushed Nickel)",N,LVLDL-SS-06-WW-WH-L.jpg,B_HIDE_ACCESSORY,LVLDL-SS-06-WW-WH-L,Set Hideable=Y; attach to parent hero via RelatedItems
LVLDL-SS-08-TR-BK-L,"Square SM Trim Ring 8"" (Black)",N,LVLDL-SS-06-WW-WH-L.jpg,B_HIDE_ACCESSORY,LVLDL-SS-06-WW-WH-L,Set Hideable=Y; attach to parent hero via RelatedItems
LVLDL-SS-08-TR-BZ-L,"Square SM Trim Ring 8"" (Bronze)",N,LVLDL-SS-06-WW-WH-L.jpg,B_HIDE_ACCESSORY,LVLDL-SS-06-WW-WH-L,Set Hideable=Y; attach to parent hero via RelatedItems
LVLDL-SS-08-TR-BN-L,"Square SM Trim Ring 8"" (Brushed Nickel)",N,LVLDL-SS-06-WW-WH-L.jpg,B_HIDE_ACCESSORY,LVLDL-SS-06-WW-WH-L,Set Hideable=Y; attach to parent hero via RelatedItems
LVLDL-SS-10-TR-BK-L,"Square SM Trim Ring 10"" (Black)",N,LVLDL-SS-06-WW-WH-L.jpg,B_HIDE_ACCESSORY,LVLDL-SS-06-WW-WH-L,Set Hideable=Y; attach to parent hero via RelatedItems
LVLDL-SS-10-TR-BZ-L,"Square SM Trim Ring 10"" (Bronze)",N,LVLDL-SS-06-WW-WH-L.jpg,B_HIDE_ACCESSORY,LVLDL-SS-06-WW-WH-L,Set Hideable=Y; attach to parent hero via RelatedItems
LVLDL-SS-10-TR-BN-L,"Square SM Trim Ring 10"" (Brushed Nickel)",N,LVLDL-SS-06-WW-WH-L.jpg,B_HIDE_ACCESSORY,LVLDL-SS-06-WW-WH-L,Set Hideable=Y; attach to parent hero via RelatedItems
LVLDL-SS-12-TR-BK-L,"Square SM Trim Ring 12"" (Black)",N,LVLDL-SS-06-WW-WH-L.jpg,B_HIDE_ACCESSORY,LVLDL-SS-06-WW-WH-L,Set Hideable=Y; attach to parent hero via RelatedItems
LVLDL-SS-12-TR-BZ-L,"Square SM Trim Ring 12"" (Bronze)",N,LVLDL-SS-06-WW-WH-L.jpg,B_HIDE_ACCESSORY,LVLDL-SS-06-WW-WH-L,Set Hideable=Y; attach to parent hero via RelatedItems
LVLDL-SS-12-TR-BN-L,"Square SM Trim Ring 12"" (Brushed Nickel)",N,LVLDL-SS-06-WW-WH-L.jpg,B_HIDE_ACCESSORY,LVLDL-SS-06-WW-WH-L,Set Hideable=Y; attach to parent hero via RelatedItems
TLE-DM,Driver Mount Bracket (T-Edge),N,TLE-DM.jpg,B_HIDE_ACCESSORY,TLE-2X2-K40-3065,Set Hideable=Y; attach to parent hero via RelatedItems
TLE-MC,Mounting Clips (T-Edge),N,TLE-MC.jpg,B_HIDE_ACCESSORY,TLE-2X2-K40-3065,Set Hideable=Y; attach to parent hero via RelatedItems
DL-FR-TR-4-BK,"FR Thin Line Trim Ring 4"" (Black)",N,DL-FR-TR-4-BK.jpg,B_HIDE_ACCESSORY,DL-FR-5CCT-4-WH,Set Hideable=Y; attach to parent hero via RelatedItems
DL-FR-TR-4-BZ,"FR Thin Line Trim Ring 4"" (Oil Rubbed Bronze)",N,DL-FR-TR-4-BZ.jpg,B_HIDE_ACCESSORY,DL-FR-5CCT-4-WH,Set Hideable=Y; attach to parent hero via RelatedItems
DL-FR-TR-4-CP,"FR Thin Line Trim Ring 4"" (Copper)",N,DL-FR-TR-4-CP.jpg,B_HIDE_ACCESSORY,DL-FR-5CCT-4-WH,Set Hideable=Y; attach to parent hero via RelatedItems
DL-FR-TR-4-BN,"FR Thin Line Trim Ring 4"" (Brushed Nickel)",N,DL-FR-TR-4-BN.jpg,B_HIDE_ACCESSORY,DL-FR-5CCT-4-WH,Set Hideable=Y; attach to parent hero via RelatedItems
DL-FR-TR-6-BK,"FR Thin Line Trim Ring 6"" (Black)",N,DL-FR-TR-6-BK.jpg,B_HIDE_ACCESSORY,DL-FR-5CCT-6-WH,Set Hideable=Y; attach to parent hero via RelatedItems
DL-FR-TR-6-BZ,"FR Thin Line Trim Ring 6"" (Oil Rubbed Bronze)",N,DL-FR-TR-6-BZ.jpg,B_HIDE_ACCESSORY,DL-FR-5CCT-6-WH,Set Hideable=Y; attach to parent hero via RelatedItems
DL-FR-TR-6-CP,"FR Thin Line Trim Ring 6"" (Copper)",N,DL-FR-TR-6-CP.jpg,B_HIDE_ACCESSORY,DL-FR-5CCT-6-WH,Set Hideable=Y; attach to parent hero via RelatedItems
DL-FR-TR-6-BN,"FR Thin Line Trim Ring 6"" (Brushed Nickel)",N,DL-FR-TR-6-BN.jpg,B_HIDE_ACCESSORY,DL-FR-5CCT-6-WH,Set Hideable=Y; attach to parent hero via RelatedItems
DL-FR-BR-4,"FR Thin Line Beauty Ring 4""",N,DL-FR-ACC.jpg,B_HIDE_ACCESSORY,DL-FR-5CCT-4-WH,Set Hideable=Y; attach to parent hero via RelatedItems
DL-FR-BR-6,"FR Thin Line Beauty Ring 6""",N,DL-FR-ACC.jpg,B_HIDE_ACCESSORY,DL-FR-5CCT-6-WH,Set Hideable=Y; attach to parent hero via RelatedItems
DL-FR-CP-4,"FR Thin Line Construction Plate 4""",N,DL-FR-CP-4.jpg,B_HIDE_ACCESSORY,DL-FR-5CCT-4-WH,Set Hideable=Y; attach to parent hero via RelatedItems
DL-FR-CP-6,"FR Thin Line Construction Plate 6""",N,DL-FR-CP-6.jpg,B_HIDE_ACCESSORY,DL-FR-5CCT-6-WH,Set Hideable=Y; attach to parent hero via RelatedItems
LV-RD5455-EC,End Caps for RD54/RD55 (2/bag),N,LV-RD54-1M.jpg,B_HIDE_ACCESSORY,LV-RD54-1M,Set Hideable=Y; attach to parent hero via RelatedItems
LV-RD5455-EC-WF,End Caps White Frosted RD54/55 (2/bag),N,LV-RD54-1M.jpg,B_HIDE_ACCESSORY,LV-RD54-1M,Set Hideable=Y; attach to parent hero via RelatedItems
LV-RD5455-EC-MC,Mounting Clips RD54/55 (6/bag),N,LV-RD54-1M.jpg,B_HIDE_ACCESSORY,LV-RD54-1M,Set Hideable=Y; attach to parent hero via RelatedItems
FL-ADM-15,Universal Mount Bracket (15W),N,FL-01-12V-BLK.jpg,B_HIDE_ACCESSORY,FL-01-12V-BLK,Set Hideable=Y; attach to parent hero via RelatedItems
FL-SH-15,Glare Shield (15W),N,FL-01-12V-BLK.jpg,B_HIDE_ACCESSORY,FL-01-12V-BLK,Set Hideable=Y; attach to parent hero via RelatedItems
FL-WG-15,Wire Guard (15W),N,FL-01-12V-BLK.jpg,B_HIDE_ACCESSORY,FL-01-12V-BLK,Set Hideable=Y; attach to parent hero via RelatedItems
TLWMV15XWMBR-01,Sconce Cover 01 (Bronze),N,TLWMV153WMBK.jpg,B_HIDE_ACCESSORY,TLWMV153WMBK,Set Hideable=Y; attach to parent hero via RelatedItems
TLWMV15XWMBK-01,Sconce Cover 01 (Black),N,TLWMV153WMBK.jpg,B_HIDE_ACCESSORY,TLWMV153WMBK,Set Hideable=Y; attach to parent hero via RelatedItems
TLWMV15XWMSV-01,Sconce Cover 01 (Silver),N,TLWMV153WMBK.jpg,B_HIDE_ACCESSORY,TLWMV153WMBK,Set Hideable=Y; attach to parent hero via RelatedItems
TLWMV15XWMBR-02,Sconce Cover 02 (Bronze),N,TLWMV153WMBK.jpg,B_HIDE_ACCESSORY,TLWMV153WMBK,Set Hideable=Y; attach to parent hero via RelatedItems
TLWMV15XWMBK-02,Sconce Cover 02 (Black),N,TLWMV153WMBK.jpg,B_HIDE_ACCESSORY,TLWMV153WMBK,Set Hideable=Y; attach to parent hero via RelatedItems
TLWMV15XWMSV-02,Sconce Cover 02 (Silver),N,TLWMV153WMBK.jpg,B_HIDE_ACCESSORY,TLWMV153WMBK,Set Hideable=Y; attach to parent hero via RelatedItems
TLWMV15XWMBR-04,Sconce Cover 04 (Bronze),N,TLWMV153WMBK.jpg,B_HIDE_ACCESSORY,TLWMV153WMBK,Set Hideable=Y; attach to parent hero via RelatedItems
TLWMV15XWMBK-04,Sconce Cover 04 (Black),N,TLWMV153WMBK.jpg,B_HIDE_ACCESSORY,TLWMV153WMBK,Set Hideable=Y; attach to parent hero via RelatedItems
TLWMV15XWMSV-04,Sconce Cover 04 (Silver),N,TLWMV153WMBK.jpg,B_HIDE_ACCESSORY,TLWMV153WMBK,Set Hideable=Y; attach to parent hero via RelatedItems
LED-SW-S-WH-COV,"Switch Star Cover (Scoop, White)",N,LED-SW-P-WH.jpg,B_HIDE_ACCESSORY,LED-SW-P-WH,Set Hideable=Y; attach to parent hero via RelatedItems
LED-SW-S-LA-COV,"Switch Star Cover (Scoop, Light Almond)",N,LED-SW-P-WH.jpg,B_HIDE_ACCESSORY,LED-SW-P-WH,Set Hideable=Y; attach to parent hero via RelatedItems
LED-SW-S-BWG-COV,"Switch Star Cover (Scoop, Brown Wood Grain)",N,LED-SW-P-WH.jpg,B_HIDE_ACCESSORY,LED-SW-P-WH,Set Hideable=Y; attach to parent hero via RelatedItems
LED-SW-P-WH-COV,"Switch Star Cover (Prism, White)",N,LED-SW-P-WH.jpg,B_HIDE_ACCESSORY,LED-SW-P-WH,Set Hideable=Y; attach to parent hero via RelatedItems
LED-SW-P-LA-COV,"Switch Star Cover (Prism, Light Almond)",N,LED-SW-P-WH.jpg,B_HIDE_ACCESSORY,LED-SW-P-WH,Set Hideable=Y; attach to parent hero via RelatedItems
LED-SW-P-BWG-COV,"Switch Star Cover (Prism, Brown Wood Grain)",N,LED-SW-P-WH.jpg,B_HIDE_ACCESSORY,LED-SW-P-WH,Set Hideable=Y; attach to parent hero via RelatedItems
LED-SW-L-WH-COV,"Switch Star Cover (Louvre, White)",N,LED-SW-P-WH.jpg,B_HIDE_ACCESSORY,LED-SW-P-WH,Set Hideable=Y; attach to parent hero via RelatedItems
LED-SW-L-LA-COV,"Switch Star Cover (Louvre, Light Almond)",N,LED-SW-P-WH.jpg,B_HIDE_ACCESSORY,LED-SW-P-WH,Set Hideable=Y; attach to parent hero via RelatedItems
LED-SW-L-BWG-COV,"Switch Star Cover (Louvre, Brown Wood Grain)",N,LED-SW-P-WH.jpg,B_HIDE_ACCESSORY,LED-SW-P-WH,Set Hideable=Y; attach to parent hero via RelatedItems
LED-SW-MOD,Switch Star Replacement Module,N,LED-SW-P-WH.jpg,B_HIDE_ACCESSORY,LED-SW-P-WH,Set Hideable=Y; attach to parent hero via RelatedItems
LVLDL-04-TR-BK-L3,"Round Trim Ring 4"" (Black)",N,LVLDL-TR-ROUND.jpg,B_HIDE_ACCESSORY,DL-5CCT-4-WH,Set Hideable=Y; attach to parent hero via RelatedItems
LVLDL-04-TR-BZ-L3,"Round Trim Ring 4"" (Bronze)",N,LVLDL-TR-ROUND.jpg,B_HIDE_ACCESSORY,DL-5CCT-4-WH,Set Hideable=Y; attach to parent hero via RelatedItems
LVLDL-04-TR-BN-L3,"Round Trim Ring 4"" (Brushed Nickel)",N,LVLDL-TR-ROUND.jpg,B_HIDE_ACCESSORY,DL-5CCT-4-WH,Set Hideable=Y; attach to parent hero via RelatedItems
LVLDL-06-TR-BK-L3,"Round Trim Ring 6"" (Black)",N,LVLDL-TR-ROUND.jpg,B_HIDE_ACCESSORY,DL-5CCT-6-WH,Set Hideable=Y; attach to parent hero via RelatedItems
LVLDL-06-TR-BZ-L3,"Round Trim Ring 6"" (Bronze)",N,LVLDL-TR-ROUND.jpg,B_HIDE_ACCESSORY,DL-5CCT-6-WH,Set Hideable=Y; attach to parent hero via RelatedItems
LVLDL-06-TR-BN-L3,"Round Trim Ring 6"" (Brushed Nickel)",N,LVLDL-TR-ROUND.jpg,B_HIDE_ACCESSORY,DL-5CCT-6-WH,Set Hideable=Y; attach to parent hero via RelatedItems
RGL-4-TR-BK,"Regressed Trim Ring 4"" (Black)",N,RGL-4B-9W-SW.jpg,B_HIDE_ACCESSORY,RGL-4B-9W-SW,Set Hideable=Y; attach to parent hero via RelatedItems
RGL-4-TR-BZ,"Regressed Trim Ring 4"" (Bronze)",N,RGL-4B-9W-SW.jpg,B_HIDE_ACCESSORY,RGL-4B-9W-SW,Set Hideable=Y; attach to parent hero via RelatedItems
RGL-4-TR-SN,"Regressed Trim Ring 4"" (Satin Nickel)",N,RGL-4B-9W-SW.jpg,B_HIDE_ACCESSORY,RGL-4B-9W-SW,Set Hideable=Y; attach to parent hero via RelatedItems
RGL-6-TR-BK,"Regressed Trim Ring 6"" (Black)",N,RGL-4B-9W-SW.jpg,B_HIDE_ACCESSORY,RGL-4B-9W-SW,Set Hideable=Y; attach to parent hero via RelatedItems
RGL-6-TR-BZ,"Regressed Trim Ring 6"" (Bronze)",N,RGL-4B-9W-SW.jpg,B_HIDE_ACCESSORY,RGL-4B-9W-SW,Set Hideable=Y; attach to parent hero via RelatedItems
RGL-6-TR-SN,"Regressed Trim Ring 6"" (Satin Nickel)",N,RGL-4B-9W-SW.jpg,B_HIDE_ACCESSORY,RGL-4B-9W-SW,Set Hideable=Y; attach to parent hero via RelatedItems
SL66-AD-MC,Swivel Mount Kit (Tri-Proof),N,SL66-4FT-40W-40.jpg,B_HIDE_ACCESSORY,SL66-4FT-40W-40,Set Hideable=Y; attach to parent hero via RelatedItems
(family),LTSPRO-9-WH.jpg,-,LTSPRO-9-WH.jpg,C_SIZE_VISIBILITY,,"LED Task Star PRO — only 9"" shown; show one WH hero per size (12/18/24/32/40) to match LTS-II"
(family),LTSPRO-SW-09-WH.jpg,-,LTSPRO-SW-09-WH.jpg,C_SIZE_VISIBILITY,,"LTS Pro Swivel — only 9"" shown; show one WH hero per size (12/18/24/32/40)"
(family),DL-5CCT-4-WH.jpg,-,DL-5CCT-4-WH.jpg,C_SIZE_VISIBILITY,,"5CCT Thin Line Round — only 4"" shown; consider showing 3/6/8/10 too"
