BaseItemCode,LongDesc,price_mllist_CAD,price_mldn_CAD,price_nsllist_USD,price_nsldn_USD,gap_type
SL-ID-CCT-LP-20-A8,"Tunable CCT Indoor, Low Power",117.2,58.6,117.2,58.6,NSL price == ML price
MLDRE-40-24-DM,"Electronic LED Driver 40W, 24V DC - IP67 Dimmable",163.3,81.65,,,NSL price BLANK/zero
MLDRE-96-24-DM,"Electronic LED Driver 96W, 24V DC - IP67 Dimmable",218.2,109.1,,,NSL price BLANK/zero
MLDR-120-24,Indoor/Outdoor Driver 120W - Non-Dimmable,384.8,192.4,,,NSL price BLANK/zero
MLDR-20-24JB,Indoor Driver 20W - Non-Dimmable J-Box,141.3,70.65,,,NSL price BLANK/zero
DR-96-24-TM-5N1D,Infini Drive 24V LED Driver - 96W 5-in-1 Dimmable,140,70,140,70,NSL price == ML price
ST-ID-RGB-B2BC,Splice (RGB),4.2,2.1,4.2,2.1,NSL price == ML price
NN-C10-8,"PVC 1/2"" U Channel Track for indoor use",7.8,3.9,,,NSL price BLANK/zero
NFLX-RGB-PINS,RGB Pins,1.3,0.65,1.3,0.65,NSL price == ML price
NFLX-L-SPLICE,L Splice Connector,,,,,NSL price BLANK/zero
ES-EC,End Cap,1.1,0.55,1.1,0.55,NSL price == ML price
ES-EXT-ENDCAPS,End Caps for ES-EXT Aluminum Extrusion,4,2,,,NSL price BLANK/zero
ES-MB-2IN,Wall Mounting Bracket 2IN (2 pieces),6.4,3.2,6.4,3.2,NSL price == ML price
MLDRE-20-12-DM,"Electronic LED Driver 20W, 12V DC - IP67 Dimmable",163.3,81.65,,,NSL price BLANK/zero
MLDRE-60-12-DM,"Electronic LED Driver 60W, 12V DC - IP67 Dimmable",196.3,98.15,,,NSL price BLANK/zero
LEDDR-12-20W-HW,"LED Driver 20W, 12V DC - Hardwire, Junction Box",141.3,70.65,,,NSL price BLANK/zero
LV-HS-PD20-PF1-HW,"36"" Power Feed for LED Hard Strip, Hardwire",27,13.5,27,13.5,NSL price == ML price
LV-HS-PD20-PC1-3,"3"" Power Connector for LED Hard Strip",13,6.5,13,6.5,NSL price == ML price
LV-HS-CN-2DC,"Connector with 12"" Wire Lead and 2 DC Connectors",15.2,7.6,15.2,7.6,NSL price == ML price
LV-HS-RGB-24T2-1,"RGB LED Hard Strip 300mm (11.8"")",40,20,,,NSL price BLANK/zero
LV-HS-RGB-24T2-2,"RGB LED Hard Strip 500mm (19.7"")",66.4,33.2,,,NSL price BLANK/zero
LV-HS-RGB-24T2-3,"RGB LED Hard Strip 1000mm (39.4"")",119.8,59.9,,,NSL price BLANK/zero
LV-HS-PF2-HW,"RGB 36"" Power Feed for Hard Strip, Hardwire",18.8,9.4,,,NSL price BLANK/zero
LV-HS-PC2-3,"3"" RGB Power Connector for Hard Strip",9.4,4.7,,,NSL price BLANK/zero
LV-HS-PC2-12,"12"" RGB Power Feed for Hard Strip, DC Plug",13.8,6.9,,,NSL price BLANK/zero
LV-HS-PC2-39,"39"" RGB Power Feed for Hard Strip, DC Plug",18.4,9.2,,,NSL price BLANK/zero
LMSH-001,Terminal Block and Junction Box for additional power cable connection,,,,,NSL price BLANK/zero
ACC-TM-BLK,Landscape Tree Mount - Black,,,,,NSL price BLANK/zero
LT-WIFI-AMP,"WiFi Signal Amplifier for RGB, RGBW, CCT",,,,,NSL price BLANK/zero
LT-WIFI-CTRL,"WiFi Controller for RGB, RGBW, CCT",,,,,NSL price BLANK/zero
LT-WIFI-RM,Remote for LT-WIFI-CTRL WiFi Controller,,,,,NSL price BLANK/zero
LV-ZJFFS-3CH-6INW,"Signal Amplifier for RGB 12/24V DC, 3 Channel, Outdoor",,,,,NSL price BLANK/zero
LV-RF103,"Wireless RF Mini RGB Controller 24V, 96W",,,,,NSL price BLANK/zero
LV-RF103-EXHS,"6"" RF Extension Cable for RGB LED Hard Strip",,,,,NSL price BLANK/zero
LT-11S-RF,RF Touch Control Controller for RGBW,,,,,NSL price BLANK/zero
LT-490A,Signal Amplifier for RGB-W 12/24V DC,,,,,NSL price BLANK/zero
LEDBS-II-WH-L-WH,"LED Brick Star Gen II - Louvre Cover, White Finish, 3000K",132.5,66.25,,,NSL price BLANK/zero
LEDBS-II-WH-L-BK,"LED Brick Star Gen II - Louvre Cover, Black Finish, 3000K",132.5,66.25,,,NSL price BLANK/zero
LEDBS-II-WH-L-BZ,"LED Brick Star Gen II - Louvre Cover, Bronze Finish, 3000K",132.5,66.25,,,NSL price BLANK/zero
LEDBS-II-WH-L-AL,"LED Brick Star Gen II - Louvre Cover, Aluminum Finish, 3000K",132.5,66.25,,,NSL price BLANK/zero
LEDBS-II-WH-L-SS,"LED Brick Star Gen II - Louvre Cover, Stainless Steel Finish, 3000K",212.3,106.15,,,NSL price BLANK/zero
LEDBS-II-WH-P-WH,"LED Brick Star Gen II - Prism Cover, White Finish, 3000K",132.5,66.25,,,NSL price BLANK/zero
LEDBS-II-WH-P-BK,"LED Brick Star Gen II - Prism Cover, Black Finish, 3000K",132.5,66.25,,,NSL price BLANK/zero
LEDBS-II-WH-P-BZ,"LED Brick Star Gen II - Prism Cover, Bronze Finish, 3000K",132.5,66.25,,,NSL price BLANK/zero
LEDBS-II-WH-P-AL,"LED Brick Star Gen II - Prism Cover, Aluminum Finish, 3000K",132.5,66.25,,,NSL price BLANK/zero
LEDBS-II-WH-S-WH,"LED Brick Star Gen II - Scoop Cover, White Finish, 3000K",132.5,66.25,,,NSL price BLANK/zero
LEDBS-II-WH-S-BK,"LED Brick Star Gen II - Scoop Cover, Black Finish, 3000K",132.5,66.25,,,NSL price BLANK/zero
LEDBS-II-WH-S-BZ,"LED Brick Star Gen II - Scoop Cover, Bronze Finish, 3000K",132.5,66.25,,,NSL price BLANK/zero
LEDBS-II-WH-S-AL,"LED Brick Star Gen II - Scoop Cover, Aluminum Finish, 3000K",132.5,66.25,,,NSL price BLANK/zero
LEDSST-II-WH-P-WH,"LED Step Star Gen II - Prism Cover, White Finish, 3000K",132.5,66.25,,,NSL price BLANK/zero
LEDSST-II-WH-P-BK,"LED Step Star Gen II - Prism Cover, Black Finish, 3000K",132.5,66.25,,,NSL price BLANK/zero
LEDSST-II-WH-P-BZ,"LED Step Star Gen II - Prism Cover, Bronze Finish, 3000K",132.5,66.25,,,NSL price BLANK/zero
LEDSST-II-WH-P-AL,"LED Step Star Gen II - Prism Cover, Aluminum Finish, 3000K",132.5,66.25,,,NSL price BLANK/zero
LEDSST-II-WH-S-WH,"LED Step Star Gen II - Scoop Cover, White Finish, 3000K",132.5,66.25,,,NSL price BLANK/zero
LEDSST-II-WH-S-BK,"LED Step Star Gen II - Scoop Cover, Black Finish, 3000K",132.5,66.25,,,NSL price BLANK/zero
LEDSST-II-WH-S-BZ,"LED Step Star Gen II - Scoop Cover, Bronze Finish, 3000K",132.5,66.25,,,NSL price BLANK/zero
LEDSST-II-WH-S-AL,"LED Step Star Gen II - Scoop Cover, Aluminum Finish, 3000K",132.5,66.25,,,NSL price BLANK/zero
LEDSST-II-WH-L-WH,"LED Step Star Gen II - Louvre Cover, White Finish, 3000K",132.5,66.25,,,NSL price BLANK/zero
LEDSST-II-WH-L-BK,"LED Step Star Gen II - Louvre Cover, Black Finish, 3000K",132.5,66.25,,,NSL price BLANK/zero
LEDSST-II-WH-L-BZ,"LED Step Star Gen II - Louvre Cover, Bronze Finish, 3000K",132.5,66.25,,,NSL price BLANK/zero
LEDSST-II-WH-L-AL,"LED Step Star Gen II - Louvre Cover, Aluminum Finish, 3000K",132.5,66.25,,,NSL price BLANK/zero
LEDMD-WH-AL,"LED Mini Disc Marker Light - Cool White 5400K, Aluminum Finish, Round",59.1,29.55,,,NSL price BLANK/zero
LEDMD-WH-BZ,"LED Mini Disc Marker Light - Cool White 5400K, Bronze Finish, Round",59.1,29.55,,,NSL price BLANK/zero
LEDMD-WH-WH,"LED Mini Disc Marker Light - Cool White 5400K, White Finish, Round",59.1,29.55,,,NSL price BLANK/zero
LEDMD-WH-BK,"LED Mini Disc Marker Light - Cool White 5400K, Black Finish, Round",59.1,29.55,,,NSL price BLANK/zero
LEDMD-WH-SS,"LED Mini Disc Marker Light - Cool White 5400K, Stainless Steel Finish, Round",107.2,53.6,,,NSL price BLANK/zero
LEDMD-WH-SS-SQ,"LED Mini Disc Marker Light - Cool White 5400K, Stainless Steel Finish, Square",114.3,57.15,,,NSL price BLANK/zero
LEDMD-S-WH-AL,"LED Mini Disc Light Scoop - Cool White 5400K, Aluminum Finish",68.2,34.1,,,NSL price BLANK/zero
LEDMD-S-WW-AL,"LED Mini Disc Light Scoop - Warm White 2900K, Aluminum Finish",68.2,34.1,,,NSL price BLANK/zero
LEDMD-S-AM-AL,"LED Mini Disc Light Scoop - Amber, Aluminum Finish",68.2,34.1,,,NSL price BLANK/zero
LEDMD-S-BL-AL,"LED Mini Disc Light Scoop - Blue Blue, Aluminum Finish",68.2,34.1,,,NSL price BLANK/zero
LEDMD-S-GR-AL,"LED Mini Disc Light Scoop - Green Green, Aluminum Finish",68.2,34.1,,,NSL price BLANK/zero
LEDMD-S-RD-AL,"LED Mini Disc Light Scoop - Red Red, Aluminum Finish",68.2,34.1,,,NSL price BLANK/zero
LEDMD-S-WH-BK,"LED Mini Disc Light Scoop - Cool White 5400K, Black Finish",68.2,34.1,,,NSL price BLANK/zero
LEDMD-S-WW-BK,"LED Mini Disc Light Scoop - Warm White 2900K, Black Finish",68.2,34.1,,,NSL price BLANK/zero
LEDMD-S-AM-BK,"LED Mini Disc Light Scoop - Amber, Black Finish",68.2,34.1,,,NSL price BLANK/zero
LEDMD-S-BL-BK,"LED Mini Disc Light Scoop - Blue Blue, Black Finish",68.2,34.1,,,NSL price BLANK/zero
LEDMD-S-GR-BK,"LED Mini Disc Light Scoop - Green Green, Black Finish",68.2,34.1,,,NSL price BLANK/zero
LEDMD-S-RD-BK,"LED Mini Disc Light Scoop - Red Red, Black Finish",68.2,34.1,,,NSL price BLANK/zero
LEDMD-S-WH-BZ,"LED Mini Disc Light Scoop - Cool White 5400K, Bronze Finish",68.2,34.1,,,NSL price BLANK/zero
LEDMD-S-WW-BZ,"LED Mini Disc Light Scoop - Warm White 2900K, Bronze Finish",68.2,34.1,,,NSL price BLANK/zero
LEDMD-S-AM-BZ,"LED Mini Disc Light Scoop - Amber, Bronze Finish",68.2,34.1,,,NSL price BLANK/zero
LEDMD-S-BL-BZ,"LED Mini Disc Light Scoop - Blue Blue, Bronze Finish",68.2,34.1,,,NSL price BLANK/zero
LEDMD-S-GR-BZ,"LED Mini Disc Light Scoop - Green Green, Bronze Finish",68.2,34.1,,,NSL price BLANK/zero
LEDMD-S-RD-BZ,"LED Mini Disc Light Scoop - Red Red, Bronze Finish",68.2,34.1,,,NSL price BLANK/zero
LEDMD-S-WH-WH,"LED Mini Disc Light Scoop - Cool White 5400K, White Finish",68.2,34.1,,,NSL price BLANK/zero
LEDMD-S-WW-WH,"LED Mini Disc Light Scoop - Warm White 2900K, White Finish",68.2,34.1,,,NSL price BLANK/zero
LEDMD-S-AM-WH,"LED Mini Disc Light Scoop - Amber, White Finish",68.2,34.1,,,NSL price BLANK/zero
LEDMD-S-BL-WH,"LED Mini Disc Light Scoop - Blue Blue, White Finish",68.2,34.1,,,NSL price BLANK/zero
LEDMD-S-GR-WH,"LED Mini Disc Light Scoop - Green Green, White Finish",68.2,34.1,,,NSL price BLANK/zero
LEDMD-S-RD-WH,"LED Mini Disc Light Scoop - Red Red, White Finish",68.2,34.1,,,NSL price BLANK/zero
LVLDL-CP-3-L3,"Construction Plate for 3"" 5CCT LED Thin Line Down Light",7.8,3.9,7.8,3.9,NSL price == ML price
LVLDL-CP-8-L3,"Construction Plate for 8"" 5CCT LED Thin Line Down Light",14.6,7.3,14.6,7.3,NSL price == ML price
SL66-Sus-Kit,Suspension Kit for Tri-Proof Light,,,,,NSL price BLANK/zero
SX-TP-WH,"Switchex Trim Plate, Glossy White",,,,,NSL price BLANK/zero
LV-ALP2208-BK,"LV-ALP2208-BK Surface Mount Aluminum Extrusion, Black Finish, Frosted PC Cover",42.6,21.3,,,NSL price BLANK/zero
LV-ALP007-BK,"LV-ALP007-BK Surface Mount Aluminum Extrusion, Black Finish, Frosted PC Cover",15.7,7.85,,,NSL price BLANK/zero
LV-ALP-1605,"LV-ALP-1605 Aluminum Tape Light Extrusion, Frosted PC Lens, 1M",,,,,NSL price BLANK/zero
LV-ALP-1605-2M,"LV-ALP-1605 Aluminum Tape Light Extrusion, Frosted PC Lens, 2M",,,,,NSL price BLANK/zero
LV-ALP-1605-EC,End Caps for LV-ALP-1605 Extrusion (2/bag),,,,,NSL price BLANK/zero
LV-ALP-1605-EC-WF,End Caps White Frosted for LV-ALP-1605 Extrusion (2/bag),,,,,NSL price BLANK/zero
LV-ALP-1605-MC,Mounting Clips for LV-ALP-1605 Extrusion (2/bag),,,,,NSL price BLANK/zero
