BaseItemCode,ProductName,QtyAvailable,RestockDate_raw
10106-02,"Terlizzi, Large Linear LED Chandelier, Matte Black",0,DISCONTINUED
10107-02,"Terlizzi, Medium Linear LED Chandelier, Matte Black",0,DISCONTINUED
10108-02,"Terlizzi, Square LED Chandelier, Matte Black",0,DISCONTINUED
10109-02,"Terlizzi, Square LED Ceiling Mount, Matte Black",0,DISCONTINUED
10110-02,"Terlizzi, Small LED Wall Mount, Matte Black",0,DISCONTINUED
10111-02,"Terlizzi, Medium LED Wall Mount, Matte Black",0,DISCONTINUED
10112-02,"Terlizzi, Large LED Wall Mount , Matte Black",0,DISCONTINUED
10121-01,"Vinci, 3 Light LED Wall Mount, Chrome",0,DISCONTINUED
10121-05,"Vinci, 3 Light LED Wall Mount, Soft Brass",0,DISCONTINUED
10121-06,"Vinci, 3 Light LED Wall Mount, Metallic Black",0,DISCONTINUED
10122-01,"Vinci, 4 Light LED Wall Mount, Chrome",0,DISCONTINUED
10122-05,"Vinci, 4 Light LED Wall Mount, Soft Brass",0,DISCONTINUED
10122-06,"Vinci, 4 Light LED Wall Mount, Metallic Black",0,DISCONTINUED
10123-01,"Vinci, 1 Light LED Wall Mount, Chrome",0,DISCONTINUED
10123-05,"Vinci, 1 Light LED Wall Mount, Soft Brass",0,DISCONTINUED
10123-06,"Vinci, 1 Light LED Wall Mount, Metallic Black",0,DISCONTINUED
10124-01,"Ancona, Large 1 Light Ceiling / Wall Mount, Chrome",26,Discontinued once sold-out
10124-05,"Ancona, Large 1 Light Ceiling / Wall Mount, Soft Brass",0,DISCONTINUED
10124-06,"Ancona, Large 1 Light Ceiling / Wall Mount, Metallic Black",6,Discontinued once sold-out
10125-01,"Ancona, Small 1 Light Ceiling / Wall Mount, Chrome",50,Discontinued once sold-out
10125-05,"Ancona, Small 1 Light Ceiling / Wall Mount, Soft Brass",11,Discontinued once sold-out
10125-06,"Ancona, Small 1 Light Ceiling / Wall Mount, Metallic Black",31,Discontinued once sold-out
10126-01,"Dolo, Medium LED Wall Mount, Chrome",4,Discontinued once sold-out
10126-05,"Dolo, Medium LED Wall Mount, Soft Brass",0,DISCONTINUED
10126-06,"Dolo, Medium LED Wall Mount, Metallic Black",0,DISCONTINUED
10127-01,"Dolo, Large LED Wall Mount, Chrome",29,Discontinued once sold-out
10127-05,"Dolo, Large LED Wall Mount, Soft Brass",24,Discontinued once sold-out
10127-06,"Dolo, Large LED Wall Mount, Metallic Black",22,Discontinued once sold-out
10131-01,"Ragusa, Large LED Wall Mount, Chrome",23,Discontinued once sold-out
10131-05,"Ragusa, Large LED Wall Mount, Soft Brass",21,Discontinued once sold-out
10131-06,"Ragusa, Large LED Wall Mount, Metallic Black",0,DISCONTINUED
10132-01,"Ragusa, LED Wall Mount, Chrome",12,Discontinued once sold-out
10132-05,"Ragusa, LED Wall Mount, Soft Brass",26,Discontinued once sold-out
10132-06,"Ragusa, LED Wall Mount, Metallic Black",0,DISCONTINUED
10133-01,"Rovigo, 1 Light LED Wall Mount, Chrome",0,DISCONTINUED
10133-02,"Rovigo, 1 Light LED Wall Mount, Matte Black",0,DISCONTINUED
10133-07,"Rovigo, 1 Light LED Wall Mount, Plated Brushed Gold",0,DISCONTINUED
10134-01,"Rovigo, 3 Light LED Wall Mount, Chrome",0,DISCONTINUED
10134-02,"Rovigo, 3 Light LED Wall Mount, Matte Black",0,DISCONTINUED
10134-07,"Rovigo, 3 Light LED Wall Mount, Plated Brushed Gold",0,DISCONTINUED
10135-01,"Rovigo, 4 Light LED Wall Mount, Chrome",0,DISCONTINUED
10135-02,"Rovigo, 4 Light LED Wall Mount, Matte Black",0,DISCONTINUED
10135-07,"Rovigo, 4 Light LED Wall Mount, Plated Brushed Gold",0,DISCONTINUED
10136-01,"Mola, Medium LED Wall Mount, Chrome",0,DISCONTINUED
10136-07,"Mola, Medium LED Wall Mount, Plated Brushed Gold",9,Discontinued once sold-out
10136-08,"Mola, Medium LED Wall Mount, Sand Black",0,DISCONTINUED
10137-01,"Mola, Large LED Wall Mount, Chrome",71,Discontinued once sold-out
10137-07,"Mola, Large LED Wall Mount, Plated Brushed Gold",24,Discontinued once sold-out
10137-08,"Mola, Large LED Wall Mount, Sand Black",28,Discontinued once sold-out
10138-010,"Ruvo, LED Wall Mount, Anodized Brushed Black",0,DISCONTINUED
10138-011,"Ruvo, LED Wall Mount, Anodized Brushed Gold",0,DISCONTINUED
10138-09,"Ruvo, LED Wall Mount, Anodized Brushed Aluminum",0,DISCONTINUED
10139-012,"Trani, LED Wall Mount, Satin Nickel",0,DISCONTINUED
10139-02,"Trani, LED Wall Mount, Matte Black",0,DISCONTINUED
10139-07,"Trani, LED Wall Mount, Plated Brushed Gold",0,DISCONTINUED
10155-01,"Pescara, Small LED Ceiling Mount, Chrome",53,Discontinued once sold-out
10155-02,"Pescara, Small LED Ceiling Mount, Matte Black",34,Discontinued once sold-out
10155-07,"Pescara, Small LED Ceiling Mount, Plated Brushed Gold",67,Discontinued once sold-out
10156-01,"Pescara, Large LED Ceiling Mount, Chrome",66,Discontinued once sold-out
10156-02,"Pescara, Large LED Ceiling Mount, Matte Black",42,Discontinued once sold-out
10156-07,"Pescara, Large LED Ceiling Mount, Plated Brushed Gold",38,Discontinued once sold-out
10179-025,"Molfetta, 1 Light Pendant, Antique Brass with Cream Beads",46,Discontinued once sold-out
10179-026,"Molfetta, 1 Light Pendant, Antique Brass with Black Beads",56,Discontinued once sold-out
10180-025,"Molfetta, 3 Light Convertible Flushmount / Pendant, Antique Brass with Cream Beads",24,Discontinued once sold-out
10180-026,"Molfetta, 3 Light Convertible Flushmount / Pendant, Antique Brass with Black Beads",24,Discontinued once sold-out
10181-025,"Molfetta, 5 Light Chandelier, Antique Brass with Cream Beads",0,DISCONTINUED
10181-026,"Molfetta, 5 Light Chandelier, Antique Brass with Black Beads",0,DISCONTINUED
10182-025,"Molfetta, 9 Light Chandelier, Antique Brass with Cream Beads",0,DISCONTINUED
10182-026,"Molfetta, 9 Light Chandelier, Antique Brass with Black Beads",0,DISCONTINUED
10183-025,"Molfetta, 12 Light Grand Chandelier, Antique Brass with Cream Beads",5,Discontinued once sold-out
10183-026,"Molfetta, 12 Light Grand Chandelier, Antique Brass with Black Beads",0,DISCONTINUED
12051-02,"Teramo, 6 Light LED Chandelier, Matte Black",4,Discontinued once sold-out
12051-037,"Teramo, 6 Light LED Chandelier, Brushed Brass",17,Discontinued once sold-out
12052-02,"Teramo, 8 Light LED Chandelier, Matte Black",26,Discontinued once sold-out
12052-037,"Teramo, 8 Light LED Chandelier, Brushed Brass",24,Discontinued once sold-out
12053-02,"Teramo, 10 Light LED Chandelier, Matte Black",19,Discontinued once sold-out
12053-037,"Teramo, 10 Light LED Chandelier, Brushed Brass",15,Discontinued once sold-out
