email,username,first_name,last_name,user_type,territory_codes,customer_number
todd@decorlightingsales.com,,Todd,Bierowski,Lib & Co — US Reps,TB,
corinne@ventesfutura.com,,Corinne,Noreyko,Lib & Co — Canadian Reps,CN,
carlos@lightingreps.net,,Carlos,Leon,Lib & Co — US Reps,CL,
matt@luminescence.ca,,Matt,Rowland,Lib & Co — Canadian Reps,MR,
joe@ortizlightingsales.com,,Joe,Ortiz,Lib & Co — US Reps,JO,
steve@riccislaes.com,,Steve,Ricci,Lib & Co — US Reps,SR,
richardalan.raa@gmail.com,,Richard,Alan,Lib & Co — US Reps,RA,
cmeshwork@rogers.com,,Charles,Meshwork,Lib & Co — Canadian Reps,CM,
dkatona@aol.com,,Dean,Katona,Lib & Co — US Reps,DK,
david@wiredlightingsolutions.com,,David,Garcia,Lib & Co — US Reps,DG,
reed@pnwrs.com,,Reed,Rosenberg,Lib & Co — US Reps,RR,
jon@carolinafixturesales.com,,Jon,Reibel,Lib & Co — US Reps,JR,
ekorn@Mid-AtlanticLighting.com,,Eric,Korn,Lib & Co — US Reps,EK,
twright@pacificliteforcesales.com,,Tom,Wright,Lib & Co — US Reps,TW,
shawna@themeshworks.ca,,Shawna,Meshwork,Lib & Co — Canadian Reps,SM,
patty@chlightingsales.com,,Patricia,Lingwall,Lib & Co — US Reps,PL,
proyectos@grouphabitat.net,,Lxcheel,Anay,Lib & Co — US Reps,GH,
chris.zaya@gmail.com,,Chris,Zaya,Lib & Co — US Reps,ZM,
colin@sdlightinggroup.ca,,Colin,Wrobel,Lib & Co — Canadian Reps,SD,
rick@elite-lights.com,,Rick,Taylor,Lib & Co — US Reps,RT,
chas@crllighting.com,,Chas,Lassoff,Lib & Co — US Reps,CR,
lytestyles951@gmail.com,,Jacklyn,Stanton,Lib & Co — US Reps,JS,
bgreenway@selightsales.com,,Bryan,Greenway,Lib & Co — US Reps,SE,
