BaseItemCode,LongDesc,QtyAvailable,NetPrice_USD_25off,Price_CAD_25off,Price_IMAP_USD_25off,Price_IMAP_CAD_25off
10107-02,"Terlizzi, Medium Linear LED Chandelier, Matte Blac",32,600,630,1500,1575
10108-02,"Terlizzi, Square LED Chandelier, Matte Black",2,435,456.75,1087.50,1142.25
10109-02,"Terlizzi, Square LED Ceiling Mount, Matte Black",6,285,299.25,712.50,748.50
10110-02,"Terlizzi, Small LED Wall Mount, Matte Black",18,247.50,260.25,618.75,651
10112-02,"Terlizzi, Large LED Wall Mount , Matte Black",4,472.50,496.50,1181.25,1241.25
10121-01,"Vinci, 3 Light LED Wall Mount, Chrome",27,177.75,186.75,444.75,467.25
10121-05,"Vinci, 3 Light LED Wall Mount, Soft Brass",22,186.75,196.50,467.25,491.25
10121-06,"Vinci, 3 Light LED Wall Mount, Metallic Black",33,173.25,182.25,433.50,456
10122-01,"Vinci, 4 Light LED Wall Mount, Chrome",15,231.75,243.75,579.75,609.75
10122-05,"Vinci, 4 Light LED Wall Mount, Soft Brass",24,240.75,253.50,602.25,633.75
10122-06,"Vinci, 4 Light LED Wall Mount, Metallic Black",26,225.75,237.75,564.75,594.75
10123-01,"Vinci, 1 Light LED Wall Mount, Chrome",33,78.75,83.25,197.25,208.50
10123-05,"Vinci, 1 Light LED Wall Mount, Soft Brass",25,81.75,86.25,204.75,216
10123-06,"Vinci, 1 Light LED Wall Mount, Metallic Black",10,76.50,81,191.25,202.50
10124-01,"Ancona, Large 1 Light Ceiling / Wall Mount, Chrome",28,99,104.25,247.50,261
10124-06,"Ancona, Large 1 Light Ceiling / Wall Mount, Metall",10,96.75,102,242.25,255
10125-01,"Ancona, Small 1 Light Ceiling / Wall Mount, Chrome",51,74.25,78,186,195
10125-05,"Ancona, Small 1 Light Ceiling / Wall Mount, Soft B",21,76.50,81,191.25,202.50
10125-06,"Ancona, Small 1 Light Ceiling / Wall Mount, Metall",33,72.75,76.50,182.25,191.25
10126-01,"Dolo, Medium LED Wall Mount, Chrome",4,106.50,112.50,266.25,281.25
10127-01,"Dolo, Large LED Wall Mount, Chrome",30,125.25,132,313.50,330
10127-05,"Dolo, Large LED Wall Mount, Soft Brass",34,141.75,149.25,354.75,373.50
10127-06,"Dolo, Large LED Wall Mount, Metallic Black",22,120,126,300,315
10131-01,"Ragusa, Large LED Wall Mount, Chrome",24,96,101.25,240,253.50
10131-05,"Ragusa, Large LED Wall Mount, Soft Brass",23,101.25,106.50,253.50,266.25
10132-01,"Ragusa, LED Wall Mount, Chrome",21,71.25,75,178.50,187.50
10132-05,"Ragusa, LED Wall Mount, Soft Brass",30,75,78.75,187.50,197.25
10132-06,"Ragusa, LED Wall Mount, Metallic Black",5,68.25,72,171,180
10133-01,"Rovigo, 1 Light LED Wall Mount, Chrome",15,55.50,58.50,138.75,146.25
10133-02,"Rovigo, 1 Light LED Wall Mount, Matte Black",3,49.50,52.50,123.75,131.25
10133-07,"Rovigo, 1 Light LED Wall Mount, Plated Brushed Gol",18,68.25,72,171,180
10134-01,"Rovigo, 3 Light LED Wall Mount, Chrome",41,110.25,116.25,276,291
10134-02,"Rovigo, 3 Light LED Wall Mount, Matte Black",14,98.25,103.50,246,258.75
10134-07,"Rovigo, 3 Light LED Wall Mount, Plated Brushed Gol",44,131.25,138,328.50,345
10135-01,"Rovigo, 4 Light LED Wall Mount, Chrome",42,144,151.50,360,378.75
10135-02,"Rovigo, 4 Light LED Wall Mount, Matte Black",38,128.25,135,321,337.50
10135-07,"Rovigo, 4 Light LED Wall Mount, Plated Brushed Gol",48,171.75,180.75,429.75,452.25
10136-07,"Mola, Medium LED Wall Mount, Plated Brushed Gold",12,133.50,140.25,333.75,351
10136-08,"Mola, Medium LED Wall Mount, Sand Black",2,112.50,118.50,281.25,296.25
10137-01,"Mola, Large LED Wall Mount, Chrome",84,147.75,155.25,369.75,388.50
10137-07,"Mola, Large LED Wall Mount, Plated Brushed Gold",26,156.75,165,392.25,412.50
10137-08,"Mola, Large LED Wall Mount, Sand Black",40,131.25,138,328.50,345
10138-010,"Ruvo, LED Wall Mount, Anodized Brushed Black",27,63.75,67.50,159.75,168.75
10138-011,"Ruvo, LED Wall Mount, Anodized Brushed Gold",31,63.75,67.50,159.75,168.75
10138-09,"Ruvo, LED Wall Mount, Anodized Brushed Aluminum",9,62.25,66,156,165
10139-012,"Trani, LED Wall Mount, Satin Nickel",77,81,85.50,202.50,213.75
10139-02,"Trani, LED Wall Mount, Matte Black",70,69,72.75,172.50,182.25
10139-07,"Trani, LED Wall Mount, Plated Brushed Gold",35,79.50,84,198.75,210
10155-01,"Pescara, Small LED Ceiling Mount, Chrome",53,107.25,113.25,268.50,283.50
10155-02,"Pescara, Small LED Ceiling Mount, Matte Black",45,104.25,109.50,261,273.75
10155-07,"Pescara, Small LED Ceiling Mount, Plated Brushed G",72,124.50,131.25,311.25,328.50
10156-01,"Pescara, Large LED Ceiling Mount, Chrome",67,150.75,159,377.25,397.50
10156-02,"Pescara, Large LED Ceiling Mount, Matte Black",51,147,154.50,367.50,386.25
10156-07,"Pescara, Large LED Ceiling Mount, Plated Brushed G",41,178.50,187.50,446.25,468.75
10179-025,"Molfetta, 1 Light Pendant, Antique Brass with Crea",49,165,173.25,412.50,433.50
10179-026,"Molfetta, 1 Light Pendant, Antique Brass with Blac",56,165,173.25,412.50,433.50
10180-025,"Molfetta, 3 Light Convertible Flushmount / Pendant",24,292.50,307.50,731.25,768.75
10180-026,"Molfetta, 3 Light Convertible Flushmount / Pendant",24,292.50,307.50,731.25,768.75
10181-025,"Molfetta, 5 Light Chandelier, Antique Brass with C",16,510,535.50,1275,1338.75
10181-026,"Molfetta, 5 Light Chandelier, Antique Brass with B",16,510,535.50,1275,1338.75
10182-025,"Molfetta, 9 Light Chandelier, Antique Brass with C",12,1200,1260,3000,3150
10182-026,"Molfetta, 9 Light Chandelier, Antique Brass with B",7,1200,1260,3000,3150
10183-025,"Molfetta, 12 Light Grand Chandelier, Antique Brass",6,2850,2992.50,7125,7481.25
12051-02,"Teramo, 6 Light LED Chandelier, Matte Black",6,336.75,354,842.25,885
12051-037,"Teramo, 6 Light LED Chandelier, Brushed Brass",19,382.50,402,956.25,1005
12052-02,"Teramo, 8 Light LED Chandelier, Matte Black",26,462.75,486,1157.25,1215
12052-037,"Teramo, 8 Light LED Chandelier, Brushed Brass",24,514.50,540.75,1286.25,1352.25
12053-02,"Teramo, 10 Light LED Chandelier, Matte Black",20,632.25,664.50,1581,1661.25
12053-037,"Teramo, 10 Light LED Chandelier, Brushed Brass",16,699,734.25,1747.50,1836
