organization_id,logins_90d,logins_30d,logins_180d,active_users_90d,last_login_at,first_login_at,active_users_365d,enabled_users
1,5207,1602,10777,58,2026-07-01 22:18:17.929310,2025-03-21 00:48:01.847596,77,105
2,2144,738,4333,29,2026-07-01 22:09:49.128079,2025-03-21 01:36:58.611146,32,3485
3,0,0,0,0,2025-06-17 21:01:11.576859,2025-04-01 18:56:09.039855,0,474
4,0,0,0,0,,,0,1
5,3,0,5,1,2026-05-26 15:37:43.450658,2025-03-27 20:00:59.086708,2,8
6,6,0,50,4,2026-05-22 16:14:21.616124,2025-03-28 08:24:32.420124,12,143
7,0,0,0,0,,,0,0
8,3074,1138,5895,55,2026-07-01 23:57:58.006368,2025-03-21 11:18:37.921234,65,21035
9,0,0,0,0,,,0,1
10,40,9,93,6,2026-06-30 17:51:38.659771,2025-03-24 20:44:06.803934,14,80
11,0,0,0,0,2025-12-03 19:36:01.647779,2025-03-21 00:52:34.796338,75,6384
12,479,200,1020,19,2026-07-01 20:03:07.330681,2025-03-21 13:34:52.038806,31,43
13,0,0,0,0,,,0,1
14,312,101,599,9,2026-07-01 19:12:19.065339,2025-03-21 12:24:56.688148,13,18
15,0,0,0,0,,,0,0
16,0,0,0,0,,,0,0
17,0,0,0,0,,,0,21
18,6696,1905,12518,75,2026-07-01 23:47:52.684280,2025-03-21 00:47:04.204437,89,93
19,616,248,1360,24,2026-07-01 20:50:30.667790,2025-03-21 12:26:03.082610,31,45
20,145,72,314,15,2026-06-29 19:30:07.080832,2025-03-21 12:25:32.904199,27,44
21,0,0,0,0,,,0,2
22,1748,646,3552,27,2026-07-01 22:22:22.732268,2025-03-21 03:02:57.209634,41,281
23,450,141,774,14,2026-07-01 20:37:56.098192,2025-03-21 12:39:28.036405,18,1235
24,0,0,0,0,,,0,4
25,0,0,0,0,2025-03-31 13:49:23.327069,2025-03-31 13:49:23.327069,0,0
26,615,297,1276,26,2026-07-01 18:19:01.203817,2025-03-21 13:50:55.874482,45,91
27,0,0,0,0,,,0,0
29,0,0,0,0,,,0,5
30,0,0,0,0,,,0,0
31,0,0,0,0,,,0,23
32,6167,2024,12098,117,2026-07-01 23:50:36.908957,2025-03-21 01:04:09.721528,145,180
33,0,0,0,0,2025-09-10 14:44:08.062347,2025-08-02 21:08:03.241546,1,29
34,0,0,0,0,,,0,0
35,0,0,0,0,,,0,0
36,0,0,0,0,,,0,0
37,0,0,0,0,2025-05-30 13:55:46.612627,2025-05-30 13:55:46.612627,0,17
38,0,0,0,0,,,0,0
39,0,0,0,0,,,0,1
40,1955,805,4648,70,2026-07-01 22:07:22.384956,2025-03-21 12:11:45.524953,80,1121
41,2456,1174,5659,53,2026-07-01 22:22:18.673710,2025-03-21 09:35:47.034562,69,2203
42,0,0,0,0,,,0,0
43,0,0,0,0,,,0,1
44,0,0,0,0,,,0,0
45,0,0,0,0,,,0,15
46,0,0,3,0,2026-02-28 21:01:31.866988,2025-03-21 01:06:13.002914,43,43
47,0,0,0,0,,,0,7
48,103,46,199,9,2026-07-01 15:27:12.654886,2025-03-21 02:53:48.316843,14,587
49,523,273,1344,48,2026-07-01 22:16:30.166953,2025-03-21 15:48:50.567043,79,117
50,0,0,0,0,,,0,0
51,124,58,238,15,2026-06-29 19:30:22.317262,2025-03-21 12:27:58.197932,26,43
52,0,0,0,0,,,0,2
53,0,0,0,0,2025-08-19 01:24:17.053730,2025-04-11 15:18:38.342506,1,16
54,0,0,0,0,,,0,2
55,6439,2126,12417,56,2026-07-01 23:55:06.977378,2025-03-21 03:26:50.720032,74,8061
56,4,3,20,1,2026-06-24 13:53:55.562839,2025-06-16 01:58:14.559197,5,238
57,2,0,2,1,2026-05-09 19:39:56.639588,2025-06-23 11:37:18.785987,2,56
58,145,31,292,10,2026-07-01 17:25:40.351650,2025-03-21 21:46:08.454846,17,24
59,1455,602,3342,32,2026-07-01 20:28:20.690792,2025-03-21 10:47:40.319299,38,45
60,0,0,0,0,,,0,0
61,3,3,7,1,2026-06-12 16:27:18.082183,2025-03-24 15:39:52.967444,6,16
62,1550,552,3391,28,2026-07-01 13:35:57.457845,2025-03-21 02:13:05.142604,37,39
63,0,0,0,0,,,0,1
64,1614,521,4536,60,2026-07-01 21:47:45.257948,2025-03-21 00:46:33.626283,82,754
65,260,46,447,12,2026-07-01 05:06:11.784083,2025-03-21 00:54:53.920559,18,50
66,2,1,2,1,2026-06-10 21:08:01.541531,2025-04-01 23:53:34.659415,1,95
67,0,0,0,0,,,0,0
68,1709,597,4105,57,2026-07-01 22:20:15.175645,2025-03-21 11:00:05.841869,77,1472
69,14061,4148,28806,118,2026-07-01 23:38:50.748150,2025-03-21 04:34:42.002430,168,145
70,156,54,451,32,2026-06-30 17:38:00.006972,2025-03-21 02:26:46.952541,53,163
71,283,103,825,39,2026-07-01 20:31:45.059299,2025-03-21 01:50:04.672303,69,174
72,110,40,308,31,2026-06-30 22:06:05.481579,2025-03-21 06:41:55.447486,53,202
73,0,0,0,0,,,0,14
74,4,0,4,1,2026-04-10 08:07:19.902903,2025-03-25 14:38:29.323474,2,7
75,0,0,0,0,,,0,0
76,2551,809,5166,63,2026-07-01 23:32:15.937925,2025-03-21 00:49:06.331400,82,16423
77,0,0,0,0,2025-05-22 20:09:38.574512,2025-05-22 20:09:38.574512,0,2
78,12,1,36,4,2026-06-07 18:45:34.485528,2025-03-27 17:19:49.193445,6,60
79,0,0,0,0,,,0,0
80,0,0,0,0,2025-07-23 18:20:54.572411,2025-07-23 18:17:47.023880,1,26
81,0,0,1,0,2026-01-03 18:08:59.973673,2025-04-29 16:25:27.284247,1,7
82,0,0,5,0,2026-03-25 20:08:38.782334,2026-03-25 17:22:44.437689,2,3
83,1296,328,2391,30,2026-07-01 22:18:13.680198,2025-03-21 02:39:54.980658,44,1512
84,0,0,0,0,,,0,11
85,3,0,14,1,2026-05-01 14:40:02.090482,2025-05-15 17:46:41.831507,3,3
86,1,0,29,1,2026-05-14 12:41:07.735374,2025-03-21 12:59:37.318679,6,20
87,7359,2367,14062,57,2026-07-01 23:05:52.145261,2025-03-21 01:16:46.519640,80,4625
88,2311,748,4558,32,2026-07-01 22:17:31.415672,2025-03-21 07:54:50.492158,44,1210
89,1822,630,3781,14,2026-07-01 22:55:48.471808,2025-03-21 01:25:55.544270,17,252
90,365,152,794,21,2026-07-01 18:43:01.207463,2025-03-21 14:18:00.849559,27,33
91,0,0,0,0,,,0,0
92,0,0,0,0,,,0,0
93,0,0,0,0,2025-06-17 21:51:41.727882,2025-06-12 13:34:04.452777,0,2
94,944,336,2052,17,2026-07-01 22:18:49.737721,2025-03-21 03:05:42.609661,23,101
95,0,0,0,0,,,0,20
96,0,0,0,0,,,0,1
97,5,0,18,1,2026-05-07 21:07:26.252923,2025-03-21 15:07:43.937637,2,22
98,8,2,10,1,2026-06-09 15:37:00.466398,2025-03-21 16:00:43.119795,2,33
99,191,61,420,25,2026-07-01 21:12:32.554542,2025-03-21 14:02:10.793019,36,80
100,0,0,0,0,,,0,54
101,0,0,0,0,,,0,0
102,1,0,1,1,2026-04-16 20:33:43.332307,2025-12-07 19:00:20.386931,2,16
103,0,0,0,0,,,0,1
104,0,0,0,0,,,0,1
105,0,0,0,0,,,0,1
106,1,0,3,1,2026-05-22 16:15:44.178666,2025-06-16 16:45:37.092846,2,1
107,3658,1235,6750,33,2026-07-01 23:59:08.448343,2025-03-21 00:56:24.261568,45,41
108,3223,1161,8649,79,2026-07-01 23:19:46.937610,2025-03-21 00:42:35.641245,117,198
109,0,0,0,0,2025-08-26 23:41:25.622259,2025-03-24 15:02:30.524076,4,43
110,1,1,1,1,2026-06-17 12:37:57.945611,2026-06-17 12:37:57.945611,1,1
111,2985,971,5825,41,2026-07-01 23:09:05.992146,2025-03-21 07:47:43.037924,57,490
112,0,0,0,0,,,0,4
113,0,0,0,0,,,0,1
114,1831,608,5088,74,2026-07-01 19:50:14.716581,2025-03-21 10:13:49.251569,111,186
115,0,0,0,0,,,0,0
116,0,0,0,0,2025-03-31 18:13:13.344396,2025-03-31 18:13:13.344396,0,1
117,0,0,0,0,,,0,0
118,0,0,0,0,,,0,3
119,0,0,0,0,,,0,6
120,2236,811,4151,38,2026-07-01 22:12:16.614473,2025-03-21 11:30:54.209373,51,9341
121,815,162,1214,19,2026-07-01 20:56:39.474967,2025-03-21 11:25:19.155661,32,2511
122,0,0,0,0,,,0,0
123,0,0,0,0,,,0,2
124,1569,604,2903,33,2026-07-01 23:45:37.917101,2025-03-21 11:41:02.119252,44,1847
125,0,0,0,0,,,0,0
126,1843,574,3397,62,2026-07-01 22:40:05.816144,2025-03-21 05:05:39.795790,86,63
127,723,294,1478,42,2026-07-01 21:09:12.977817,2025-03-21 09:34:49.237138,54,281
129,0,0,0,0,,,0,4
130,0,0,0,0,,,0,3
131,8,3,82,2,2026-06-15 18:11:20.409708,2025-03-21 15:53:52.483341,19,118
132,251,90,488,6,2026-07-01 20:31:27.315441,2025-03-21 13:15:39.366634,8,14
133,0,0,6,0,2026-02-05 19:19:35.165768,2025-03-24 15:42:58.424727,3,3585
134,0,0,0,0,,,0,1
135,0,0,0,0,,,0,0
136,204,67,502,14,2026-06-30 21:26:44.677709,2025-03-21 15:12:45.298764,20,372
137,4785,2014,9958,69,2026-07-01 22:27:08.113852,2025-03-21 10:00:27.502062,80,82
138,0,0,4,0,2026-01-11 17:30:52.577800,2025-03-21 01:48:55.373578,3,86
139,3193,894,5893,46,2026-07-01 22:51:06.197280,2025-03-21 00:56:47.620789,61,2403
140,836,293,1718,12,2026-07-01 21:09:17.970036,2025-03-21 00:46:48.563095,15,14
141,2995,1003,7539,69,2026-07-01 22:03:29.717468,2025-03-21 01:30:55.931155,95,147
142,0,0,0,0,,,0,29
143,247,142,613,13,2026-07-01 18:25:15.314420,2025-03-21 12:56:58.144926,16,21
144,0,0,0,0,2025-08-19 18:21:54.981505,2025-05-08 22:11:29.533862,1,1
145,0,0,0,0,2025-06-04 13:29:47.635972,2025-06-04 13:29:47.635972,0,6
146,1212,509,2825,56,2026-07-01 22:22:48.263453,2025-03-21 02:16:03.231897,63,1757
147,1102,486,2429,64,2026-07-01 22:03:27.587338,2025-03-21 02:46:40.899733,83,99
148,2,0,9,1,2026-05-21 22:30:08.735544,2025-05-30 13:05:41.266777,6,49
149,2078,828,5060,56,2026-07-01 23:35:15.212099,2025-03-21 04:54:28.769637,80,1723
150,0,0,0,0,,,0,0
151,0,0,0,0,,,0,3
152,1865,657,4734,81,2026-07-01 23:01:17.449266,2025-03-21 11:29:49.484108,136,285
153,0,0,0,0,2025-07-16 18:39:36.505799,2025-03-21 14:19:35.592370,9,64
154,0,0,0,0,,,0,0
155,1573,584,3517,57,2026-07-01 23:20:49.530365,2025-03-21 11:04:25.257459,71,130
156,0,0,0,0,,,0,3
157,0,0,14,0,2026-03-26 14:58:11.827387,2025-06-26 15:57:49.027425,2,72
158,0,0,0,0,2025-06-26 15:57:20.990900,2025-06-26 15:57:20.990900,0,1
159,0,0,0,0,,,0,0
160,1482,466,3208,19,2026-07-01 22:51:31.237492,2025-03-21 01:27:56.765462,19,18
161,2137,736,4670,50,2026-07-01 21:56:33.600418,2025-03-21 00:47:56.375921,65,95
162,1570,350,2949,30,2026-07-01 23:09:16.106542,2025-03-21 01:18:26.532686,35,49
163,0,0,0,0,,,0,0
164,3671,1229,7076,31,2026-07-01 23:56:20.690625,2025-03-21 01:49:18.369218,44,40
165,3703,1223,8865,93,2026-07-01 23:52:27.682667,2025-03-21 01:21:40.256090,114,180
166,1703,696,4419,64,2026-07-01 23:38:28.996399,2025-03-21 00:37:31.238231,94,992
167,404,119,916,18,2026-07-01 22:03:54.555034,2025-03-21 08:54:35.536546,24,23
168,555,231,1400,33,2026-07-01 23:44:21.357612,2025-03-21 02:49:48.645154,47,44
169,0,0,0,0,,,0,0
170,0,0,0,0,,,0,0
171,3659,1098,7126,54,2026-07-01 23:15:32.750890,2025-03-21 02:22:17.913141,63,1580
172,0,0,0,0,,,0,1
173,0,0,0,0,,,0,0
174,0,0,0,0,2025-12-11 21:49:40.846107,2025-04-28 17:34:17.181164,2,8
175,0,0,0,0,,,0,0
176,318,115,660,19,2026-07-01 20:49:53.720958,2025-03-21 13:55:36.941489,26,338
177,0,0,0,0,,,0,1
178,0,0,8,0,2026-01-12 15:26:35.278497,2025-07-17 13:45:13.350518,2,0
179,0,0,1,0,2026-03-10 18:12:21.195818,2025-08-11 16:53:01.253513,1,6
180,7,7,153,2,2026-07-01 21:23:05.563584,2025-04-01 15:08:55.980003,5,2
181,2052,760,6206,90,2026-07-01 23:07:32.117488,2025-03-21 01:05:02.834293,122,160
182,988,359,2853,80,2026-07-01 22:47:04.842091,2025-03-21 11:13:20.475621,101,132
183,1,0,6,1,2026-05-21 18:34:34.244413,2025-03-25 20:26:42.403773,1,10
184,5014,1306,8293,76,2026-07-01 23:36:38.754593,2025-03-21 10:04:34.114126,106,90
185,185,81,703,26,2026-07-01 14:43:00.331071,2025-03-21 21:09:39.548926,45,68
186,0,0,0,0,2025-05-19 17:45:48.971203,2025-03-21 12:49:27.252852,0,10
187,538,193,1249,37,2026-07-01 19:19:48.830057,2025-03-21 02:01:23.490331,46,630
220,100,23,269,15,2026-06-30 22:40:15.304168,2025-03-23 22:42:54.168364,26,60
221,522,220,1551,35,2026-07-01 18:32:33.677349,2025-03-21 14:12:28.305387,48,37
222,879,375,2065,63,2026-07-01 22:42:08.699417,2025-03-21 11:12:31.872565,92,1364
223,612,252,1396,48,2026-07-01 23:33:02.507505,2025-03-21 02:47:40.379832,60,70
224,290,86,652,10,2026-07-01 16:59:45.395833,2025-03-21 15:30:23.252586,15,19
225,1605,574,2974,26,2026-07-01 23:22:33.540065,2025-03-21 00:55:03.035657,30,756
226,0,0,0,0,,,0,27
227,889,309,1655,14,2026-06-30 21:35:32.367951,2025-03-21 13:47:14.005697,17,347
228,0,0,0,0,2025-09-26 18:24:04.252808,2025-03-23 04:45:26.782600,6,23
229,0,0,5,0,2026-02-19 20:58:48.307453,2025-03-21 16:40:42.119518,5,13
230,229,77,418,4,2026-07-01 15:17:41.047433,2025-03-21 13:32:05.376318,6,4
231,298,115,713,24,2026-07-01 17:56:59.970958,2025-03-21 11:00:36.162714,34,39
232,412,151,1074,18,2026-07-01 23:44:54.011532,2025-03-21 12:09:56.355291,25,18
233,0,0,0,0,2025-04-02 14:12:33.506583,2025-03-21 19:36:32.615433,0,0
234,0,0,4,0,2026-02-26 14:26:07.764161,2025-03-21 01:37:14.057126,7,0
235,31,4,113,5,2026-06-24 13:47:12.441220,2025-03-21 00:57:05.327598,10,21
236,778,228,1332,20,2026-07-01 21:53:20.836894,2025-03-21 11:19:37.327516,32,26
237,186,59,469,23,2026-06-30 21:24:52.027508,2025-03-21 04:53:26.843325,39,43
238,0,0,0,0,,,0,1
239,583,227,1050,10,2026-07-01 21:48:42.091987,2025-03-21 12:30:28.811993,15,157
240,0,0,1,0,2026-01-04 16:52:40.171184,2025-03-21 13:43:13.454628,39,0
241,1841,669,3679,44,2026-07-01 20:54:56.590089,2025-03-21 01:54:01.423000,62,65
242,0,0,0,0,2025-03-26 16:18:40.151810,2025-03-26 16:18:40.151810,0,2
243,547,158,1193,18,2026-07-01 17:43:57.349232,2025-03-21 09:48:27.365494,39,63
244,14,3,16,2,2026-06-30 12:23:34.482363,2025-03-21 00:47:50.343682,5,34
245,1008,378,1844,39,2026-07-01 22:30:31.683675,2025-03-21 03:07:23.512558,58,329
246,382,122,737,18,2026-07-01 21:21:05.201350,2025-03-26 15:36:03.011986,25,15
247,0,0,3,0,2026-03-25 16:49:53.829080,2025-06-18 00:09:42.285839,2,2
248,2491,801,5253,65,2026-07-01 22:46:17.306039,2025-03-21 12:40:10.348457,83,98
249,47,12,139,15,2026-07-01 19:55:29.617667,2025-03-21 17:41:59.056288,43,19
250,632,226,1478,37,2026-07-01 22:45:51.494393,2025-03-21 05:35:39.889423,69,75
251,1,1,2,1,2026-06-05 15:36:00.601758,2025-05-19 17:11:44.310795,1,1
252,2075,1092,4750,82,2026-07-01 23:53:43.879706,2025-03-27 20:27:32.354677,98,103
254,0,0,0,0,2025-11-26 09:23:19.133672,2025-03-25 21:34:35.020321,4,7
255,2075,733,4000,50,2026-07-01 23:58:37.166189,2025-03-21 01:54:08.561417,75,96
262,1,0,3,1,2026-04-09 14:15:08.631616,2025-04-18 14:06:32.267587,5,15
263,3,1,4,2,2026-06-15 18:33:07.252847,2025-05-12 18:03:04.673128,2,15
265,0,0,12,0,2026-04-01 17:14:29.320903,2025-04-03 20:25:39.310056,8,19
266,119,82,233,12,2026-07-01 20:10:25.657203,2025-03-21 13:37:19.581946,16,18
267,0,0,4,0,2026-03-30 14:42:08.407973,2025-04-16 19:58:53.812602,1,0
268,42,2,49,5,2026-07-01 19:27:56.311809,2025-04-01 18:38:13.246388,14,13
269,771,361,1840,54,2026-07-01 20:33:39.059180,2025-04-15 17:40:54.505606,64,67
270,0,0,0,0,,,0,0
271,0,0,2,0,2026-01-16 16:06:19.025127,2025-04-15 19:05:29.032165,1,0
272,933,286,1919,14,2026-07-01 21:54:12.181920,2025-05-27 13:32:35.949690,29,30
273,29,27,31,4,2026-06-30 19:56:43.437657,2025-06-10 20:22:20.306077,5,11
274,0,0,0,0,2025-08-08 16:32:41.461496,2025-08-07 16:00:05.491410,1,0
275,532,385,554,16,2026-07-01 09:57:20.208633,2025-08-01 19:11:34.861465,17,15
276,0,0,2,0,2026-02-13 18:36:14.420869,2025-08-11 18:58:59.263678,2,2
277,1224,1200,1225,75,2026-07-01 23:51:07.034946,2025-08-01 19:08:39.861536,76,173
278,302,148,767,23,2026-07-01 22:48:19.433477,2025-10-03 13:37:07.752593,41,33
280,29,13,52,1,2026-07-01 16:58:27.254977,2025-09-16 16:48:27.351746,3,13
281,0,0,0,0,,,0,1
282,452,160,470,26,2026-07-01 14:30:36.101813,2025-10-27 19:09:56.375578,27,26
283,0,0,3,0,2026-01-06 21:19:28.093520,2025-10-16 15:09:22.553149,2,0
284,1,1,1,1,2026-06-25 18:10:14.874920,2025-10-30 17:57:48.587235,1,1
285,34,0,169,4,2026-05-19 20:29:51.528783,2025-12-23 20:07:44.875202,5,20
286,339,174,989,41,2026-07-01 22:27:18.376695,2025-12-16 18:26:41.961826,66,112
287,3466,821,5621,60,2026-07-01 23:34:21.272338,2025-12-23 13:00:20.033627,64,61
288,209,186,239,34,2026-07-01 23:34:13.889352,2026-03-25 15:33:48.340218,35,55
289,20,3,47,2,2026-06-15 19:40:15.197771,2026-03-27 20:41:46.420140,2,4
290,186,58,186,6,2026-07-01 21:23:24.046380,2026-04-27 18:37:03.918743,6,9
291,92,84,92,4,2026-07-01 23:22:13.342533,2026-05-05 17:27:28.157077,4,4
292,20,20,20,1,2026-06-23 19:58:26.243081,2026-06-17 15:39:33.579584,1,1
293,7,7,7,1,2026-06-17 11:20:42.190644,2026-06-03 21:02:11.396175,1,0
294,1,1,1,1,2026-06-24 18:51:09.885005,2026-06-24 18:51:09.885005,1,2
295,11,11,11,2,2026-07-01 18:20:09.930171,2026-06-30 19:13:42.880153,2,1
296,0,0,0,0,,,0,0
299,0,0,0,0,,,0,0
301,0,0,0,0,,,0,0
302,0,0,0,0,,,0,4
303,0,0,0,0,,,0,0
304,0,0,0,0,,,0,0
