org_shortname,org_name,parent_entity,bundle,arr,health_score,health_band,growth_score,growth_band,classification,churn_risk,churn_risk_severity,expansion_ready,expansion_type,healthy_complete,engagement_score,adoption_score,value_delivery_score,operational_health_score,trajectory_score,bundle_upgrade_signal,feature_gap_score,customer_headroom_score,peer_benchmark_gap,risk_modifier_applied,scoring_status,missing_data_flags,score_explanation
df,Designers Fountain,designer's fountain,iPad-only,9110.0,66,Healthy,38,Not Ready,Maintain,False,,False,,False,60,86,60,100,10,75,0,0,30,,complete,,Designers Fountain (iPad-only) scores 66 Health / 38 Growth → Maintain. Operational Health (100) leads health; stable with standard cadence.
abol,Americas Backyards,america's backyards,iPad-only,10215.0,42,Watch,22,Not Ready,Intervene,False,,False,,False,50,14,20,70,100,0,0,0,83,,complete,,Americas Backyards (iPad-only) scores 42 Health / 22 Growth → Intervene. Adoption (14) is critically low; immediate attention required.
sp,"Sabine Pools, Spas, & Furniture","sabine pools, spas, & furnitur",iPad-only,6960.0,45,Watch,37,Not Ready,Intervene,False,,False,,False,80,29,20,36,80,50,0,0,62,,complete,,"Sabine Pools, Spas, & Furniture (iPad-only) scores 45 Health / 37 Growth → Intervene. Value Delivery (20) is critically low; immediate attention required."
jc,Jonathan Charles Fine Furniture Ltd.,jonathan charles,iPad+Catalog+Portal,9660.0,31,At Risk,27,Not Ready,Intervene,False,,False,,False,40,33,10,78,0,0,0,0,100,,complete,,Jonathan Charles Fine Furniture Ltd. (iPad+Catalog+Portal) scores 31 Health / 27 Growth → Intervene. Trajectory (0) is critically low; immediate attention required.
ril,Ratana International Ltd.,ratana international ltd.,Full,23705.0,55,Watch,72,Ready,Stabilize First,False,,False,,False,40,80,35,70,80,0,50,73,100,,complete,,"Ratana International Ltd. (Full) scores 55 Health / 72 Growth → Stabilize First. Value Delivery (35) is the primary health deficit; however, growth signals indicate expansion opportunity once health recovers."
fsf,Four Seasons Furniture,four seasons furniture,Full,22560.0,74,Healthy,51,Developing,Maintain,False,,False,,False,30,90,100,94,40,0,50,67,32,,complete,,Four Seasons Furniture (Full) scores 74 Health / 51 Growth → Maintain. Value Delivery (100) leads health; stable with standard cadence.
tel,Tomlinson Companies,tomlinson companies,iPad+Catalog,13440.0,16,Critical,41,Developing,Intervene,True,monitored,False,,False,20,25,20,0,0,50,0,0,80,,complete,,Tomlinson Companies (iPad+Catalog) scores 16 Health / 41 Growth → Intervene. Operational Health (0) is critically low; immediate attention required.
mfc,Morgan Fabrics Corporation,morgan fabrics corporation,iPad+Catalog,13440.0,39,At Risk,44,Developing,Intervene,False,,False,,False,20,62,40,40,40,75,0,0,52,,complete,,Morgan Fabrics Corporation (iPad+Catalog) scores 39 Health / 44 Growth → Intervene. Engagement (20) is critically low; immediate attention required.
vcg,Visual Comfort Signature,generation brands,iPad-only,11304.0,84,Thriving,59,Developing,Maintain,False,,False,,False,70,100,100,60,80,100,50,0,10,,complete,,Visual Comfort Signature (iPad-only) scores 84 Health / 59 Growth → Maintain. Value Delivery (100) leads health; stable with standard cadence.
vic,Vaxcel International Corporation,vaxcel international corporation,Full,21720.0,52,Watch,62,Ready,Stabilize First,False,,False,,False,30,90,45,50,50,0,50,60,80,,complete,,"Vaxcel International Corporation (Full) scores 52 Health / 62 Growth → Stabilize First. Engagement (30) is the primary health deficit; however, growth signals indicate expansion opportunity once health recovers."
ah,Alfresco Home,alfresco home,iPad+Catalog+Cart,18200.0,72,Healthy,59,Developing,Maintain,False,,False,,False,40,100,60,100,90,75,50,73,30,,complete,,Alfresco Home (iPad+Catalog+Cart) scores 72 Health / 59 Growth → Maintain. Operational Health (100) leads health; stable with standard cadence.
hf,Hooker Furnishings,hooker furnishings,iPad-only,10240.0,58,Watch,52,Developing,Intervene,False,,False,,False,60,86,60,54,0,75,50,0,20,,complete,,Hooker Furnishings (iPad-only) scores 58 Health / 52 Growth → Intervene. Trajectory (0) is critically low; immediate attention required.
afx,"AFX, Inc.","afx, inc.",iPad-only,9165.0,75,Healthy,47,Developing,Maintain,False,,False,,False,60,86,60,100,100,75,0,0,62,,complete,,"AFX, Inc. (iPad-only) scores 75 Health / 47 Growth → Maintain. Trajectory (100) leads health; stable with standard cadence."
heb,Home Essentials & Beyond,home essentials & beyond,iPad-only,8820.0,82,Thriving,62,Ready,Expand,False,,True,bundle_upgrade_signal,False,60,86,100,70,90,100,50,0,20,,complete,,Home Essentials & Beyond (iPad-only) scores 82 Health / 62 Growth → Expand. Value Delivery (100) drives health; bundle upgrade signal signals growth opportunity.
bri,Bulbrite,bulbrite,Full,31745.0,70,Healthy,40,Developing,Maintain,False,,False,,False,40,90,75,80,70,0,0,73,50,,complete,,Bulbrite (Full) scores 70 Health / 40 Growth → Maintain. Adoption (90) leads health; stable with standard cadence.
sarreid,"Sarreid, Ltd.","sarreid, ltd.",iPad+Catalog+Portal,22696.0,97,Thriving,49,Developing,Maintain,False,,False,,False,100,100,100,94,80,75,50,0,10,,complete,,"Sarreid, Ltd. (iPad+Catalog+Portal) scores 97 Health / 49 Growth → Maintain. Value Delivery (100) leads health; stable with standard cadence."
bcf,Braxton Culler,braxton culler,Full,26620.0,74,Healthy,56,Developing,Maintain,False,,False,,False,40,90,90,88,60,0,50,73,42,,complete,,Braxton Culler (Full) scores 74 Health / 56 Growth → Maintain. Value Delivery (90) leads health; stable with standard cadence.
fc,Furniture Classics,furniture classics,Full,23960.0,68,Healthy,50,Developing,Maintain,False,,False,,False,40,100,85,40,60,0,50,73,20,,complete,,Furniture Classics (Full) scores 68 Health / 50 Growth → Maintain. Adoption (100) leads health; stable with standard cadence.
jyc,Jamie Young Company,jamie young company,Full,35725.0,66,Healthy,47,Developing,Maintain,False,,False,,False,30,100,75,60,70,0,50,73,10,,complete,,Jamie Young Company (Full) scores 66 Health / 47 Growth → Maintain. Adoption (100) leads health; stable with standard cadence.
gsa,Godinger Silver Art Co.,godinger silver art co.,iPad-only,8720.0,69,Healthy,41,Developing,Maintain,False,,False,,False,70,57,60,82,100,75,0,0,40,,complete,,Godinger Silver Art Co. (iPad-only) scores 69 Health / 41 Growth → Maintain. Trajectory (100) leads health; stable with standard cadence.
ali,Access Lighting,access lighting,iPad+Catalog+Portal,21500.0,60,Healthy,22,Not Ready,Maintain,False,,False,,False,40,89,40,70,100,0,0,0,83,,complete,,Access Lighting (iPad+Catalog+Portal) scores 60 Health / 22 Growth → Maintain. Trajectory (100) leads health; stable with standard cadence.
gl,Golden Lighting,golden lighting,Full,24595.0,59,Watch,52,Developing,Intervene,False,,False,,False,30,80,45,80,100,0,0,73,92,,complete,,Golden Lighting (Full) scores 59 Health / 52 Growth → Intervene. Engagement (30) is critically low; immediate attention required.
uhc,Uniware Housewares Corp.,uniware housewares corp.,iPad-only,8740.0,61,Healthy,44,Developing,Maintain,False,,False,,False,90,43,20,100,90,75,0,0,53,,complete,,Uniware Housewares Corp. (iPad-only) scores 61 Health / 44 Growth → Maintain. Operational Health (100) leads health; stable with standard cadence.
sccon,Summer Classics Contract,gabriella white,Full,20548.5,72,Healthy,56,Developing,Maintain,False,,False,,False,50,90,60,88,100,0,75,73,10,,complete,,Summer Classics Contract (Full) scores 72 Health / 56 Growth → Maintain. Trajectory (100) leads health; stable with standard cadence.
am,Alfonso Marina,alfonso marina,iPad-only,10120.0,65,Healthy,44,Developing,Maintain,False,,False,,False,60,86,60,88,20,75,0,0,53,,complete,,Alfonso Marina (iPad-only) scores 65 Health / 44 Growth → Maintain. Operational Health (88) leads health; stable with standard cadence.
ol,Oly Studio,oly studio,iPad-only,12210.0,18,Critical,19,Not Ready,Intervene,True,immediate,False,,False,20,14,0,68,0,0,0,0,70,RM-2,complete,,Oly Studio (iPad-only) scores 18 Health / 19 Growth → Intervene. Value Delivery (0) is critically low; immediate attention required.
prog,Coleto Brands | Progress Lighting,coleto brands,iPad-only,29700.0,72,Healthy,52,Developing,Maintain,False,,False,,False,60,71,60,100,100,75,0,0,83,,complete,,Coleto Brands | Progress Lighting (iPad-only) scores 72 Health / 52 Growth → Maintain. Trajectory (100) leads health; stable with standard cadence.
sca,Shadow Catchers,shadow catchers,iPad-only,8700.0,81,Thriving,49,Developing,Maintain,False,,False,,False,60,86,80,96,100,100,0,0,32,,complete,,Shadow Catchers (iPad-only) scores 81 Health / 49 Growth → Maintain. Trajectory (100) leads health; stable with standard cadence.
rf,Rowe Furniture,rowe furniture,iPad-only,9380.0,63,Healthy,35,Not Ready,Maintain,False,,False,,False,80,71,60,48,40,75,0,0,20,,complete,,Rowe Furniture (iPad-only) scores 63 Health / 35 Growth → Maintain. Engagement (80) leads health; stable with standard cadence.
swc,Sauder Woodworking,sauder woodworking,iPad-only,8700.0,63,Healthy,41,Developing,Maintain,False,,False,,False,60,71,60,100,10,75,0,0,40,,complete,,Sauder Woodworking (iPad-only) scores 63 Health / 41 Growth → Maintain. Operational Health (100) leads health; stable with standard cadence.
lss,Lifestyle Solutions,lifestyle solutions,iPad-only,8700.0,70,Healthy,61,Ready,Expand,False,,True,bundle_upgrade_signal,False,60,71,60,88,100,75,50,0,52,,complete,,Lifestyle Solutions (iPad-only) scores 70 Health / 61 Growth → Expand. Trajectory (100) drives health; bundle upgrade signal signals growth opportunity.
ihw,Interlude Furniture,interlude home,iPad+Catalog+Portal,4915.0,78,Healthy,67,Ready,Expand,False,,True,bundle_upgrade_signal,False,70,89,80,88,60,75,50,0,75,,complete,,Interlude Furniture (iPad+Catalog+Portal) scores 78 Health / 67 Growth → Expand. Adoption (89) drives health; bundle upgrade signal signals growth opportunity.
ih,Interlude Home,interlude home,iPad+Catalog+Portal,4915.0,89,Thriving,55,Developing,Maintain,False,,False,,False,90,100,90,94,50,75,50,0,30,,complete,,Interlude Home (iPad+Catalog+Portal) scores 89 Health / 55 Growth → Maintain. Adoption (100) leads health; stable with standard cadence.
rw,RENWIL,renwil,iPad+Catalog+Portal,28249.04,86,Thriving,39,Not Ready,Maintain,False,,False,,True,70,100,80,100,100,50,50,0,10,,complete,,RENWIL (iPad+Catalog+Portal) scores 86 Health / 39 Growth → Maintain. Trajectory (100) leads health; stable with standard cadence.
cci,Currey & Company,currey & company,iPad+Catalog+Portal,26420.0,78,Healthy,45,Developing,Maintain,False,,False,,False,80,89,80,64,70,50,50,0,32,,complete,,Currey & Company (iPad+Catalog+Portal) scores 78 Health / 45 Growth → Maintain. Adoption (89) leads health; stable with standard cadence.
ml,Millennium Lighting,millennium lighting,iPad+Catalog,18360.0,85,Thriving,55,Developing,Maintain,False,,False,,False,60,100,100,100,50,75,50,0,32,,complete,,Millennium Lighting (iPad+Catalog) scores 85 Health / 55 Growth → Maintain. Operational Health (100) leads health; stable with standard cadence.
mlc,Matteo Lighting,matteo lighting,iPad-only,13175.0,75,Healthy,38,Not Ready,Maintain,False,,False,,True,60,86,60,100,100,75,0,0,30,,complete,,Matteo Lighting (iPad-only) scores 75 Health / 38 Growth → Maintain. Trajectory (100) leads health; stable with standard cadence.
kal,Kalco Lighting / Allegri Crystal,kalco lighting / allegri crystal,Full,29360.0,58,Watch,41,Developing,Intervene,False,,False,,False,20,90,50,64,100,0,0,73,52,,complete,,Kalco Lighting / Allegri Crystal (Full) scores 58 Health / 41 Growth → Intervene. Engagement (20) is critically low; immediate attention required.
eli,Elegant Furniture & Lighting,elegant furniture & lighting,iPad+Catalog+Cart,27060.0,56,Watch,66,Ready,Stabilize First,False,,False,,False,30,89,33,74,100,75,50,73,63,,complete,,"Elegant Furniture & Lighting (iPad+Catalog+Cart) scores 56 Health / 66 Growth → Stabilize First. Engagement (30) is the primary health deficit; however, growth signals indicate expansion opportunity once health recovers."
wwjc,Wildwood/Chelsea House,wildwood/chelsea house,Full,40220.0,76,Healthy,50,Developing,Maintain,False,,False,,False,40,90,85,100,70,0,50,73,20,,complete,,Wildwood/Chelsea House (Full) scores 76 Health / 50 Growth → Maintain. Operational Health (100) leads health; stable with standard cadence.
clli,Craftmade,litex industries,iPad+Catalog+Portal,26065.0,82,Thriving,52,Developing,Maintain,False,,False,,False,30,100,100,94,100,75,50,0,20,,complete,,Craftmade (iPad+Catalog+Portal) scores 82 Health / 52 Growth → Maintain. Trajectory (100) leads health; stable with standard cadence.
hfg,Hubbardton Forge,hubbardton forge,iPad+Catalog+Portal,35540.0,82,Thriving,52,Developing,Maintain,False,,False,,False,60,100,90,70,100,75,50,0,20,,complete,,Hubbardton Forge (iPad+Catalog+Portal) scores 82 Health / 52 Growth → Maintain. Trajectory (100) leads health; stable with standard cadence.
pf,Palecek,palecek,iPad+Catalog,39660.0,90,Thriving,52,Developing,Maintain,False,,False,,False,80,100,100,80,80,75,50,0,20,,complete,,Palecek (iPad+Catalog) scores 90 Health / 52 Growth → Maintain. Value Delivery (100) leads health; stable with standard cadence.
eglo_can,EGLO Canada,eglo canada,iPad-only,9680.0,64,Healthy,39,Not Ready,Maintain,False,,False,,False,60,71,60,80,50,75,0,0,32,,complete,,EGLO Canada (iPad-only) scores 64 Health / 39 Growth → Maintain. Operational Health (80) leads health; stable with standard cadence.
cf,Century Furniture,century furniture,iPad-only,9135.0,48,Watch,19,Not Ready,Intervene,False,,False,,False,30,57,60,70,10,0,0,0,72,,complete,,Century Furniture (iPad-only) scores 48 Health / 19 Growth → Intervene. Trajectory (10) is critically low; immediate attention required.
hh,Highland House,century furniture,iPad-only,6525.0,20,At Risk,27,Not Ready,Intervene,True,immediate,False,,False,30,14,0,42,40,0,0,0,100,RM-2,complete,,Highland House (iPad-only) scores 20 Health / 27 Growth → Intervene. Value Delivery (0) is critically low; immediate attention required.
luc,Lucas McKearn,lucas mckearn,iPad-only,11070.0,62,Healthy,55,Developing,Maintain,False,,False,,False,60,71,40,76,90,75,0,0,92,,complete,,Lucas McKearn (iPad-only) scores 62 Health / 55 Growth → Maintain. Trajectory (90) leads health; stable with standard cadence.
vce,Visual Comfort Europe,visual comfort europe,iPad-only,11304.0,76,Healthy,39,Not Ready,Maintain,False,,False,,True,80,86,60,100,60,75,0,0,32,,complete,,Visual Comfort Europe (iPad-only) scores 76 Health / 39 Growth → Maintain. Operational Health (100) leads health; stable with standard cadence.
mpc,Pioneer Morton,abaline,iPad+Catalog+Cart,15282.0,71,Healthy,42,Developing,Maintain,False,,False,,False,70,67,73,100,30,50,0,67,50,,partial,peer_benchmark_gap_small_sample,Pioneer Morton (iPad+Catalog+Cart) scores 71 Health / 42 Growth → Maintain. Operational Health (100) leads health; stable with standard cadence. Note: partial data — missing peer_benchmark_gap_small_sample.
gcl,Geo Contemporary,geo contemporary,iPad-only,9740.0,49,Watch,55,Developing,Intervene,False,,False,,False,60,43,20,64,100,75,0,0,92,,complete,,Geo Contemporary (iPad-only) scores 49 Health / 55 Growth → Intervene. Value Delivery (20) is critically low; immediate attention required.
clc,Capital Lighting Fixture Co.,capital lighting fixture co.,Full,28060.0,74,Healthy,41,Developing,Maintain,False,,False,,False,50,100,55,100,100,0,50,40,30,,complete,,Capital Lighting Fixture Co. (Full) scores 74 Health / 41 Growth → Maintain. Trajectory (100) leads health; stable with standard cadence.
shl,Savoy House Lighting,savoy house lighting,Full,25760.0,69,Healthy,50,Developing,Maintain,False,,False,,False,30,100,70,70,100,0,50,73,20,,complete,,Savoy House Lighting (Full) scores 69 Health / 50 Growth → Maintain. Trajectory (100) leads health; stable with standard cadence.
bsc,Butler Specialty Company,butler specialty company,iPad-only,6960.0,42,Watch,47,Developing,Intervene,False,,False,,False,60,43,20,60,30,75,0,0,63,,complete,,Butler Specialty Company (iPad-only) scores 42 Health / 47 Growth → Intervene. Value Delivery (20) is critically low; immediate attention required.
sbl,Schonbek Lighting,wac,iPad-only,39660.0,68,Healthy,41,Developing,Maintain,False,,False,,False,60,100,60,30,100,75,0,0,40,,complete,,Schonbek Lighting (iPad-only) scores 68 Health / 41 Growth → Maintain. Trajectory (100) leads health; stable with standard cadence.
kll,Kuzco Lighting Inc.,kuzco lighting inc.,Full,40620.0,63,Healthy,59,Developing,Maintain,False,,False,,False,30,100,60,50,100,0,50,73,53,,complete,,Kuzco Lighting Inc. (Full) scores 63 Health / 59 Growth → Maintain. Trajectory (100) leads health; stable with standard cadence.
ufi,Universal Furniture,universal furniture,iPad+Catalog+Portal,25435.0,82,Thriving,49,Developing,Maintain,False,,False,,False,90,100,90,70,20,75,50,0,10,,complete,,Universal Furniture (iPad+Catalog+Portal) scores 82 Health / 49 Growth → Maintain. Adoption (100) leads health; stable with standard cadence.
ap,Alden Home,alden home,iPad+Catalog+Cart,16980.0,51,Watch,50,Developing,Intervene,False,,False,,False,30,67,47,40,100,50,0,73,83,,complete,,Alden Home (iPad+Catalog+Cart) scores 51 Health / 50 Growth → Intervene. Engagement (30) is critically low; immediate attention required.
st,Sixtrees Limited,sixtrees limited,iPad+Catalog,6960.0,38,At Risk,39,Not Ready,Intervene,False,,False,,False,30,12,20,82,100,50,0,0,72,,complete,,Sixtrees Limited (iPad+Catalog) scores 38 Health / 39 Growth → Intervene. Adoption (12) is critically low; immediate attention required.
vl,Ciana Varaluz LLC,ciana varaluz llc,iPad+Catalog+Portal,12100.0,71,Healthy,37,Not Ready,Maintain,False,,False,,True,60,100,70,46,80,50,0,0,62,,complete,,Ciana Varaluz LLC (iPad+Catalog+Portal) scores 71 Health / 37 Growth → Maintain. Adoption (100) leads health; stable with standard cadence.
pw,Philip Whitney,godinger silver art co.,iPad-only,4500.0,20,At Risk,57,Developing,Intervene,True,immediate,False,,False,50,0,0,70,50,75,0,0,100,RM-2,complete,,Philip Whitney (iPad-only) scores 20 Health / 57 Growth → Intervene. Adoption (0) is critically low; immediate attention required.
ssi,"Studio Silversmiths, Inc.",godinger silver art co.,iPad-only,5385.0,49,Watch,52,Developing,Intervene,False,,False,,False,60,43,20,94,50,75,0,0,83,,complete,,"Studio Silversmiths, Inc. (iPad-only) scores 49 Health / 52 Growth → Intervene. Value Delivery (20) is critically low; immediate attention required."
rac,Ricci Argentieri Company,godinger silver art co.,iPad-only,4660.0,75,Healthy,38,Not Ready,Maintain,False,,False,,True,70,71,60,100,100,75,0,0,30,,complete,,Ricci Argentieri Company (iPad-only) scores 75 Health / 38 Growth → Maintain. Trajectory (100) leads health; stable with standard cadence.
tl,Troy Lighting,hvlg,iPad-only,4810.0,55,Watch,44,Developing,Intervene,False,,False,,False,40,71,60,28,90,75,0,0,53,,complete,,Troy Lighting (iPad-only) scores 55 Health / 44 Growth → Intervene. Operational Health (28) is critically low; immediate attention required.
