shortname,name,bq_segment,bq_confidence,mp_active_users,mp_total_logins,mp_submit_order,search_products,select_a_customer,create_pdf_catalog,scan_item_with_camera,feature_depth,arr,logins_90d,avg_unit_price,erp_buyers,top10_pct,erp_revenue,engagement_tier,buyer_distribution,price_tier,v2_segment,health,portfolio
sc,Gabriella White,Platform-Embedded,0.9,121.0,38573.0,44420.0,402847.0,129026.0,6239.0,58023.0,8,30904.0,14061,482.34,14143.0,2.0,59681276.0,Platform-Embedded (Active),Long Tail,Premium ($400+),Infrastructure Accounts,Thriving,Gabriella White Family
scw,Summer Classics,Platform-Embedded,0.7,57.0,13082.0,16868.0,98953.0,33794.0,708.0,347.0,8,,7355,426.37,2391.0,16.8,73434881.0,Platform-Embedded (Active),Long Tail,Premium ($400+),Infrastructure Accounts,Thriving,Gabriella White Family
ufi,Universal Furniture,Platform-Embedded,0.9,76.0,19904.0,3667.0,127980.0,11734.0,6596.0,0.0,5,25435.0,6696,585.09,5155.0,20.2,186627504.0,Platform-Embedded (Active),Long Tail,Premium ($400+),Infrastructure Accounts,Thriving,Independent
gh,Gabby,Platform-Embedded,0.7,55.0,12961.0,16043.0,104283.0,33347.0,1743.0,2325.0,8,,6429,595.74,2764.0,16.9,35591218.0,Platform-Embedded (Active),Long Tail,Premium ($400+),Infrastructure Accounts,Thriving,Gabriella White Family
pf,Palecek,Platform-Embedded,0.9,121.0,20658.0,4881.0,111804.0,21432.0,3871.0,2.0,6,39660.0,6162,,,,,Platform-Embedded (Active),Unknown,Unknown,Power Users (Narrow Base),Thriving,Independent
sarreid,"Sarreid, Ltd.",Platform-Embedded,0.9,61.0,13782.0,1020.0,35009.0,4779.0,1203.0,522.0,8,22696.0,5211,780.4,2121.0,42.3,27335113.0,Platform-Embedded (Active),Distributed,Premium ($400+),Infrastructure Accounts,Thriving,Independent
mh,Magnussen Home,Platform-Embedded,0.7,75.0,13169.0,627.0,49165.0,3901.0,3405.0,0.0,4,,5015,149.19,795.0,63.7,73864285.0,Platform-Embedded (Active),Concentrated,Mid-Market ($100-400),Power Users (Narrow Base),Thriving,Independent
mli,Maxim Lighting,Commerce-Active,0.7,71.0,12770.0,156.0,72385.0,7435.0,2529.0,4443.0,5,,4783,35.47,3095.0,14.7,71010281.0,Commerce-Active (Active),Long Tail,Value ($30-100),Growth Corridor,Thriving,Independent
hfg,Hubbardton Forge,Platform-Embedded,0.9,95.0,15085.0,3178.0,32095.0,16791.0,715.0,703.0,7,35540.0,3699,715.15,3302.0,20.9,74294819.0,Platform-Embedded (Active),Distributed,Premium ($400+),Infrastructure Accounts,Thriving,Independent
ih,Interlude Home,Platform-Embedded,0.9,30.0,7583.0,7006.0,38583.0,19212.0,2954.0,1.0,6,25555.0,3671,1141.7,1259.0,17.9,13423009.0,Platform-Embedded (Active),Long Tail,Premium ($400+),Infrastructure Accounts,Thriving,Interlude Family
ih,Interlude Home,Platform-Embedded,0.9,30.0,7583.0,7006.0,38583.0,19212.0,2954.0,1.0,6,4915.0,3671,1141.7,1259.0,17.9,13423009.0,Platform-Embedded (Active),Long Tail,Premium ($400+),Infrastructure Accounts,Thriving,Interlude Family
ih,Interlude Home,Platform-Embedded,0.9,30.0,7583.0,7006.0,38583.0,19212.0,2954.0,1.0,6,4915.0,3671,1141.7,1259.0,17.9,13423009.0,Platform-Embedded (Active),Long Tail,Premium ($400+),Infrastructure Accounts,Thriving,Interlude Family
ih,Interlude Home,Platform-Embedded,0.9,30.0,7583.0,7006.0,38583.0,19212.0,2954.0,1.0,6,25555.0,3671,1141.7,1259.0,17.9,13423009.0,Platform-Embedded (Active),Long Tail,Premium ($400+),Infrastructure Accounts,Thriving,Interlude Family
bcf,Braxton Culler,Platform-Embedded,0.9,54.0,9560.0,2193.0,46340.0,6814.0,1010.0,21.0,7,26620.0,3659,482.24,884.0,36.0,26066751.0,Platform-Embedded (Active),Distributed,Premium ($400+),Infrastructure Accounts,Thriving,Independent
ihw,Interlude Furniture,Platform-Embedded,0.9,33.0,6943.0,3522.0,22182.0,13751.0,1883.0,9.0,8,25555.0,3657,2085.32,518.0,13.4,6485345.0,Platform-Embedded (Active),Long Tail,Premium ($400+),Infrastructure Accounts,Thriving,Interlude Family
ihw,Interlude Furniture,Platform-Embedded,0.9,33.0,6943.0,3522.0,22182.0,13751.0,1883.0,9.0,8,25555.0,3657,2085.32,518.0,13.4,6485345.0,Platform-Embedded (Active),Long Tail,Premium ($400+),Infrastructure Accounts,Thriving,Interlude Family
ihw,Interlude Furniture,Platform-Embedded,0.9,33.0,6943.0,3522.0,22182.0,13751.0,1883.0,9.0,8,4915.0,3657,2085.32,518.0,13.4,6485345.0,Platform-Embedded (Active),Long Tail,Premium ($400+),Infrastructure Accounts,Thriving,Interlude Family
ihw,Interlude Furniture,Platform-Embedded,0.9,33.0,6943.0,3522.0,22182.0,13751.0,1883.0,9.0,8,4915.0,3657,2085.32,518.0,13.4,6485345.0,Platform-Embedded (Active),Long Tail,Premium ($400+),Infrastructure Accounts,Thriving,Interlude Family
fms,Visual Comfort - Studio /Fans,Platform-Embedded,0.9,82.0,14163.0,2127.0,58536.0,11889.0,2401.0,20130.0,6,12271.5,3222,29.63,3238.0,30.4,223528077.0,Platform-Embedded (Active),Distributed,Commodity (<$30),Infrastructure Accounts,Thriving,Visual Comfort Family
lpf,Linon/Powell Furniture,Platform-Embedded,0.7,47.0,8109.0,1284.0,55901.0,3618.0,3574.0,4243.0,6,,3191,76.02,738.0,44.8,18304579.0,Platform-Embedded (Active),Concentrated,Value ($30-100),Power Users (Narrow Base),Thriving,Independent
wwjc,Wildwood/Chelsea House,Platform-Embedded,0.9,55.0,10864.0,2098.0,38526.0,7435.0,1391.0,1307.0,5,40220.0,3075,433.83,4456.0,13.5,29546340.0,Platform-Embedded (Active),Long Tail,Premium ($400+),Infrastructure Accounts,Thriving,Independent
vcg,Visual Comfort Signature,Commerce-Active,0.9,70.0,10745.0,279.0,52682.0,11870.0,1048.0,4023.0,5,22228.5,3001,364.28,2667.0,30.2,165295752.0,Commerce-Active (Active),Distributed,Mid-Market ($100-400),Growth Corridor,Thriving,Visual Comfort Family
vcg,Visual Comfort Signature,Commerce-Active,0.9,70.0,10745.0,279.0,52682.0,11870.0,1048.0,4023.0,5,22228.5,3001,364.28,2667.0,30.2,165295752.0,Commerce-Active (Active),Distributed,Mid-Market ($100-400),Growth Corridor,Thriving,Visual Comfort Family
vcg,Visual Comfort Signature,Commerce-Active,0.9,70.0,10745.0,279.0,52682.0,11870.0,1048.0,4023.0,5,11304.0,3001,364.28,2667.0,30.2,165295752.0,Commerce-Active (Active),Distributed,Mid-Market ($100-400),Growth Corridor,Thriving,Visual Comfort Family
vcg,Visual Comfort Signature,Commerce-Active,0.9,70.0,10745.0,279.0,52682.0,11870.0,1048.0,4023.0,5,11304.0,3001,364.28,2667.0,30.2,165295752.0,Commerce-Active (Active),Distributed,Mid-Market ($100-400),Growth Corridor,Thriving,Visual Comfort Family
vcg,Visual Comfort Signature,Commerce-Active,0.9,70.0,10745.0,279.0,52682.0,11870.0,1048.0,4023.0,5,22228.5,3001,364.28,2667.0,30.2,165295752.0,Commerce-Active (Active),Distributed,Mid-Market ($100-400),Growth Corridor,Thriving,Visual Comfort Family
vcg,Visual Comfort Signature,Commerce-Active,0.9,70.0,10745.0,279.0,52682.0,11870.0,1048.0,4023.0,5,11304.0,3001,364.28,2667.0,30.2,165295752.0,Commerce-Active (Active),Distributed,Mid-Market ($100-400),Growth Corridor,Thriving,Visual Comfort Family
vcg,Visual Comfort Signature,Commerce-Active,0.9,70.0,10745.0,279.0,52682.0,11870.0,1048.0,4023.0,5,7902.5,3001,364.28,2667.0,30.2,165295752.0,Commerce-Active (Active),Distributed,Mid-Market ($100-400),Growth Corridor,Thriving,Visual Comfort Family
vcg,Visual Comfort Signature,Commerce-Active,0.9,70.0,10745.0,279.0,52682.0,11870.0,1048.0,4023.0,5,7902.5,3001,364.28,2667.0,30.2,165295752.0,Commerce-Active (Active),Distributed,Mid-Market ($100-400),Growth Corridor,Thriving,Visual Comfort Family
vcg,Visual Comfort Signature,Commerce-Active,0.9,70.0,10745.0,279.0,52682.0,11870.0,1048.0,4023.0,5,7902.5,3001,364.28,2667.0,30.2,165295752.0,Commerce-Active (Active),Distributed,Mid-Market ($100-400),Growth Corridor,Thriving,Visual Comfort Family
ta,Theodore Alexander,Catalog-Focused,0.9,42.0,8847.0,0.0,42782.0,9894.0,1686.0,2477.0,8,28235.0,2986,906.75,1751.0,24.5,33716604.0,Catalog-Active (Presentation),Distributed,Premium ($400+),Presentation Layer,Thriving,Theodore Alexander Family
ta,Theodore Alexander,Catalog-Focused,0.9,42.0,8847.0,0.0,42782.0,9894.0,1686.0,2477.0,8,28235.0,2986,906.75,1751.0,24.5,33716604.0,Catalog-Active (Presentation),Distributed,Premium ($400+),Presentation Layer,Thriving,Theodore Alexander Family
ta,Theodore Alexander,Catalog-Focused,0.9,42.0,8847.0,0.0,42782.0,9894.0,1686.0,2477.0,8,5965.0,2986,906.75,1751.0,24.5,33716604.0,Catalog-Active (Presentation),Distributed,Premium ($400+),Presentation Layer,Thriving,Theodore Alexander Family
ta,Theodore Alexander,Catalog-Focused,0.9,42.0,8847.0,0.0,42782.0,9894.0,1686.0,2477.0,8,5965.0,2986,906.75,1751.0,24.5,33716604.0,Catalog-Active (Presentation),Distributed,Premium ($400+),Presentation Layer,Thriving,Theodore Alexander Family
jyc,Jamie Young Company,Platform-Embedded,0.9,64.0,9744.0,7446.0,31769.0,13154.0,841.0,2898.0,6,35725.0,2548,213.51,4207.0,35.1,33449658.0,Platform-Embedded (Active),Distributed,Mid-Market ($100-400),Infrastructure Accounts,Thriving,Independent
rw,RENWIL,Platform-Embedded,0.9,68.0,9238.0,10337.0,46814.0,16080.0,805.0,10093.0,7,28249.04,2491,,,,,Platform-Embedded (Active),Unknown,Unknown,Power Users (Narrow Base),Thriving,Independent
shl,Savoy House Lighting,Platform-Embedded,0.9,55.0,8651.0,543.0,41879.0,6181.0,1201.0,12646.0,6,25760.0,2454,58.68,1212.0,37.6,92844653.0,Platform-Embedded (Active),Distributed,Value ($30-100),Infrastructure Accounts,Thriving,Independent
sccon,Summer Classics Contract,Catalog-Focused,0.9,32.0,7276.0,0.0,50100.0,16744.0,741.0,0.0,7,20548.5,2310,438.29,861.0,30.2,31865136.0,Catalog-Active (Presentation),Distributed,Premium ($400+),Presentation Layer,Thriving,Gabriella White Family
fc,Furniture Classics,Platform-Embedded,0.9,38.0,7267.0,3685.0,42853.0,10332.0,1239.0,3644.0,6,23960.0,2237,354.33,2076.0,26.7,26011094.0,Platform-Embedded (Active),Distributed,Mid-Market ($100-400),Infrastructure Accounts,Thriving,Independent
sbmh,Somerset Bay and Modern History,Platform-Embedded,0.7,30.0,6952.0,3364.0,47456.0,6680.0,233.0,0.0,6,,2145,1947.1,2041.0,18.7,37477872.0,Platform-Embedded (Active),Long Tail,Premium ($400+),Infrastructure Accounts,Thriving,Independent
cci,Currey & Company,Platform-Embedded,0.9,51.0,10138.0,6735.0,46843.0,16914.0,906.0,34.0,5,26420.0,2138,591.84,11024.0,16.8,137558417.0,Platform-Embedded (Active),Long Tail,Premium ($400+),Infrastructure Accounts,Thriving,Independent
clli,Craftmade,Commerce-Active,0.9,56.0,10490.0,386.0,31982.0,3711.0,1337.0,11221.0,6,26065.0,2077,41.07,1448.0,34.0,79559893.0,Commerce-Active (Active),Distributed,Value ($30-100),Growth Corridor,Thriving,Independent
wag,Wendover Art Group,Platform-Embedded,0.7,51.0,5383.0,4845.0,31568.0,11016.0,867.0,12617.0,5,,2077,333.56,8797.0,7.7,103493032.0,Platform-Embedded (Active),Long Tail,Mid-Market ($100-400),Infrastructure Accounts,Thriving,Independent
mlg,Minka Lighting Group,Commerce-Active,0.7,83.0,4968.0,182.0,20164.0,1829.0,527.0,3230.0,4,,2074,161.94,4089.0,7.9,61321140.0,Commerce-Active (Active),Long Tail,Mid-Market ($100-400),Growth Corridor,Thriving,Independent
wac,WAC/Modern Forms Lighting,Platform-Embedded,0.7,93.0,10429.0,2804.0,61010.0,13459.0,400.0,3472.0,4,,2050,,,,,Platform-Embedded (Active),Unknown,Unknown,Power Users (Narrow Base),Thriving,Independent
clc,Capital Lighting Fixture Co.,Platform-Embedded,0.9,70.0,7633.0,909.0,22368.0,4675.0,854.0,19564.0,6,28060.0,1957,104.5,1578.0,32.1,92555004.0,Platform-Embedded (Active),Distributed,Mid-Market ($100-400),Infrastructure Accounts,Thriving,Independent
el,Eurofase Inc.,Commerce-Active,0.7,86.0,9783.0,364.0,27794.0,3677.0,530.0,4129.0,6,,1865,206.79,1098.0,19.8,21409542.0,Commerce-Active (Active),Long Tail,Mid-Market ($100-400),Growth Corridor,Thriving,Independent
fal,Fine Art Handcrafted Lighting,Platform-Embedded,0.9,44.0,7035.0,3612.0,14728.0,11729.0,339.0,1.0,6,16975.0,1844,,,,,Platform-Embedded (Active),Unknown,Unknown,Power Users (Narrow Base),Thriving,Independent
big,Baker-McGuire,Catalog-Focused,0.7,67.0,7388.0,27.0,21824.0,759.0,3297.0,0.0,4,,1843,,,,,Catalog-Active (Presentation),Unknown,Unknown,Presentation Layer,Thriving,Gabriella White Family
tla,Visual Comfort - Modern,Platform-Embedded,0.9,76.0,9361.0,475.0,14273.0,4076.0,704.0,6532.0,4,12271.5,1836,,,,,Platform-Embedded (Active),Unknown,Unknown,Power Users (Narrow Base),Thriving,Visual Comfort Family
mpc,Pioneer Morton,Commerce-Active,0.9,14.0,3876.0,9225.0,71265.0,18016.0,288.0,0.0,3,15282.0,1820,,,,,Commerce-Active (Active),Unknown,Unknown,Functional Users,Thriving,Independent
asi,Abaline Supply Inc.,Platform-Embedded,0.7,27.0,3535.0,8381.0,23234.0,15222.0,229.0,0.0,4,,1745,27.96,1202.0,13.2,46472468.0,Platform-Embedded (Active),Long Tail,Commodity (<$30),Infrastructure Accounts,Thriving,Independent
eli,Elegant Furniture & Lighting,Platform-Embedded,0.9,59.0,8808.0,573.0,32300.0,3763.0,1077.0,722.0,5,27060.0,1709,,,,,Platform-Embedded (Active),Unknown,Unknown,Power Users (Narrow Base),Thriving,Independent
kll,Kuzco Lighting Inc.,Commerce-Active,0.9,65.0,7888.0,264.0,31336.0,4866.0,822.0,7556.0,7,40620.0,1706,,,,,Commerce-Active (Active),Unknown,Unknown,Functional Users,Thriving,Independent
clm,Crystorama,Catalog-Focused,0.9,59.0,8494.0,2.0,20242.0,4125.0,603.0,2607.0,6,32815.0,1614,259.34,2449.0,42.7,67334699.0,Catalog-Active (Presentation),Distributed,Mid-Market ($100-400),Presentation Layer,Thriving,Independent
fsf,Four Seasons Furniture,Platform-Embedded,0.9,26.0,4934.0,1206.0,6409.0,4132.0,131.0,0.0,7,22560.0,1604,652.95,596.0,33.5,30021498.0,Platform-Embedded (Active),Distributed,Premium ($400+),Infrastructure Accounts,Thriving,Independent
ml,Millennium Lighting,Commerce-Active,0.9,60.0,6341.0,89.0,31441.0,904.0,1178.0,1441.0,5,18360.0,1572,,,,,Commerce-Active (Active),Unknown,Unknown,Functional Users,Thriving,Independent
rf,Rowe Furniture,Catalog-Focused,0.9,31.0,6020.0,0.0,5406.0,1028.0,30.0,0.0,5,9380.0,1570,,,,,Catalog-Active (Presentation),Unknown,Unknown,Presentation Layer,Thriving,Independent
ah,Alfresco Home,Platform-Embedded,0.9,35.0,5602.0,1432.0,41168.0,3235.0,1352.0,12658.0,7,18200.0,1566,,,,,Platform-Embedded (Active),Unknown,Unknown,Power Users (Narrow Base),Thriving,Independent
da,Dainolite Ltd.,Platform-Embedded,0.9,30.0,5528.0,6389.0,66193.0,8081.0,1213.0,436.0,4,9500.0,1551,,,,,Platform-Embedded (Active),Unknown,Unknown,Power Users (Narrow Base),Thriving,Independent
uhc,Uniware Housewares Corp.,Commerce-Active,0.9,19.0,6042.0,6676.0,240707.0,15225.0,0.0,2.0,3,8740.0,1478,,,,,Commerce-Active (Active),Unknown,Unknown,Functional Users,Thriving,Independent
gg,Godinger Group,Platform-Embedded,0.7,31.0,5131.0,1659.0,104640.0,3404.0,2038.0,37.0,4,,1455,,,,,Platform-Embedded (Active),Unknown,Unknown,Power Users (Narrow Base),Thriving,Independent
cfg,Charleston Forge,Platform-Embedded,0.7,32.0,4699.0,477.0,6671.0,1967.0,382.0,3.0,6,,1295,,,,,Platform-Embedded (Active),Unknown,Unknown,Power Users (Narrow Base),Thriving,Independent
kal,Kalco Lighting / Allegri Crystal,Commerce-Active,0.9,55.0,6511.0,274.0,15708.0,3488.0,429.0,1999.0,5,29360.0,1211,516.31,686.0,36.3,17296397.0,Commerce-Active (Active),Distributed,Premium ($400+),Growth Corridor,Thriving,Independent
vl,Ciana Varaluz LLC,Commerce-Active,0.9,67.0,3698.0,174.0,5327.0,916.0,247.0,1320.0,6,12100.0,1103,454.79,751.0,12.2,3273141.0,Commerce-Active (Active),Long Tail,Premium ($400+),Growth Corridor,Thriving,Independent
ril,Ratana International Ltd.,Platform-Embedded,0.9,40.0,3924.0,2030.0,15728.0,3961.0,533.0,0.0,5,23705.0,1007,274.17,1185.0,16.5,34736118.0,Platform-Embedded (Active),Long Tail,Mid-Market ($100-400),Infrastructure Accounts,Thriving,Independent
sbl,Schonbek Lighting,Commerce-Active,0.9,79.0,5673.0,257.0,15270.0,4262.0,171.0,514.0,4,39660.0,987,,,,,Commerce-Active (Active),Unknown,Unknown,Functional Users,Healthy,Visual Comfort Family
kii,"Kennedy International, Inc.",Platform-Embedded,0.7,18.0,4177.0,4345.0,89671.0,7745.0,1903.0,7316.0,6,,943,3.69,543.0,57.7,40493072.0,Platform-Embedded (Active),Concentrated,Commodity (<$30),Power Users (Narrow Base),Healthy,Independent
gc,Groupe Courchesne,Platform-Embedded,0.9,14.0,2663.0,1872.0,10176.0,4994.0,445.0,12329.0,4,16980.0,889,,,,,Platform-Embedded (Active),Unknown,Unknown,Power Users (Narrow Base),Healthy,Independent
bri,Bulbrite,Platform-Embedded,0.9,67.0,5151.0,444.0,11186.0,2608.0,130.0,32.0,5,31745.0,878,3.15,1431.0,28.3,33763578.0,Platform-Embedded (Active),Distributed,Commodity (<$30),Infrastructure Accounts,Healthy,Independent
etl,ELICO LTD.,Commerce-Active,0.9,12.0,2975.0,1081.0,35832.0,2819.0,2760.0,0.0,3,8700.0,836,,,,,Commerce-Active (Active),Unknown,Unknown,Functional Users,Healthy,Independent
yw,Yutzy Woodworking,Commerce-Active,0.9,22.0,2513.0,139.0,531.0,593.0,227.0,1.0,6,9900.0,779,,,,,Commerce-Active (Active),Unknown,Unknown,Functional Users,Healthy,Independent
arl,Arabela Lighting,Catalog-Focused,0.9,54.0,2471.0,0.0,2735.0,1066.0,117.0,2117.0,5,8700.0,771,,,,,Catalog-Active (Presentation),Unknown,Unknown,Presentation Layer,Healthy,Independent
ali,Access Lighting,Catalog-Focused,0.9,40.0,3990.0,6.0,8173.0,682.0,457.0,41.0,6,21500.0,723,59.65,951.0,29.5,6998606.0,Catalog-Active (Presentation),Distributed,Value ($30-100),Presentation Layer,Healthy,Independent
bp,Buster & Punch,Commerce-Active,0.7,37.0,2775.0,72.0,2926.0,1060.0,29.0,0.0,3,,631,,,,,Commerce-Active (Active),Unknown,Unknown,Functional Users,Healthy,Independent
rac,Ricci Argentieri Company,Commerce-Active,0.9,25.0,3047.0,774.0,5813.0,1158.0,286.0,0.0,3,4660.0,616,,,,,Commerce-Active (Active),Unknown,Unknown,Functional Users,Healthy,Independent
heb,Home Essentials & Beyond,Platform-Embedded,0.9,27.0,2890.0,640.0,36999.0,1313.0,1215.0,31.0,5,8820.0,615,3.82,2647.0,63.3,80869871.0,Platform-Embedded (Active),Distributed,Commodity (<$30),Infrastructure Accounts,Healthy,Independent
all,Accord Lighting,Catalog-Focused,0.7,49.0,3501.0,46.0,4758.0,768.0,215.0,92.0,5,,610,,,,,Catalog-Active (Presentation),Unknown,Unknown,Presentation Layer,Healthy,Independent
dccl,Donald Choi Canada,Commerce-Active,0.7,10.0,1765.0,437.0,1298.0,747.0,489.0,0.0,3,,583,485.98,263.0,24.0,5668931.0,Commerce-Active (Active),Distributed,Premium ($400+),Growth Corridor,Healthy,Independent
eglo,Eglo USA Inc.,Commerce-Active,0.9,34.0,3364.0,127.0,7429.0,978.0,183.0,658.0,4,8450.0,554,,,,,Commerce-Active (Active),Unknown,Unknown,Functional Users,Healthy,Independent
hf,Hooker Furnishings,Commerce-Active,0.9,19.0,2955.0,293.0,11668.0,2757.0,925.0,3177.0,5,10240.0,547,,,,,Commerce-Active (Active),Unknown,Unknown,Functional Users,Healthy,Independent
gl,Golden Lighting,Commerce-Active,0.9,37.0,3260.0,62.0,6595.0,721.0,361.0,17.0,6,24595.0,538,95.05,1312.0,21.3,11672266.0,Commerce-Active (Active),Distributed,Value ($30-100),Growth Corridor,Healthy,Independent
mlc,Matteo Lighting,Commerce-Active,0.9,35.0,3577.0,237.0,8595.0,1363.0,256.0,2227.0,4,13175.0,522,,,,,Commerce-Active (Active),Unknown,Unknown,Functional Users,Healthy,Independent
kl,Coleto Brands | Kichler,Catalog-Focused,0.7,55.0,2045.0,0.0,4888.0,1408.0,152.0,3218.0,5,,522,,,,,Catalog-Active (Presentation),Unknown,Unknown,Presentation Layer,Healthy,Coleto Brands Family
gsa,Godinger Silver Art Co.,Catalog-Focused,0.9,20.0,2561.0,43.0,27562.0,117.0,821.0,0.0,4,8720.0,479,,,,,Catalog-Active (Presentation),Unknown,Unknown,Presentation Layer,Healthy,Independent
ap,Alden Home,Catalog-Focused,0.9,14.0,1668.0,8.0,4875.0,123.0,463.0,4.0,6,16980.0,450,,,,,Catalog-Active (Presentation),Unknown,Unknown,Presentation Layer,Healthy,Independent
eglo_can,EGLO Canada,Commerce-Active,0.9,19.0,2312.0,131.0,14712.0,1135.0,175.0,554.0,4,9680.0,410,,,,,Commerce-Active (Active),Unknown,Unknown,Functional Users,Healthy,Independent
am,Alfonso Marina,Commerce-Active,0.9,18.0,1497.0,122.0,2690.0,542.0,186.0,0.0,4,10120.0,382,,,,,Commerce-Active (Active),Unknown,Unknown,Functional Users,Healthy,Independent
sca,Shadow Catchers,Platform-Embedded,0.9,21.0,1364.0,685.0,12616.0,887.0,218.0,0.0,4,8700.0,365,,,,,Platform-Embedded (Declining),Unknown,Unknown,Declining (Watch),Healthy,Independent
prog,Coleto Brands | Progress Lighting,Commerce-Active,0.9,43.0,623.0,97.0,1365.0,395.0,8.0,1032.0,5,29700.0,338,,,,,Commerce-Active (Active),Unknown,Unknown,Functional Users,Healthy,Coleto Brands Family
vic,Vaxcel International Corporation,Catalog-Focused,0.9,20.0,1615.0,1.0,2072.0,281.0,751.0,10.0,6,21720.0,318,52.13,669.0,78.9,18117006.0,Catalog-Active (Presentation),Concentrated,Value ($30-100),Presentation Layer,Healthy,Independent
bsc,Butler Specialty Company,Catalog-Focused,0.9,9.0,1287.0,31.0,7277.0,62.0,84.0,0.0,4,6960.0,312,245.92,1035.0,88.4,40891578.0,Catalog-Active (Presentation),Distributed,Mid-Market ($100-400),Presentation Layer,Healthy,Independent
gcl,Geo Contemporary,Platform-Embedded,0.9,24.0,1589.0,402.0,2521.0,926.0,55.0,37.0,7,9740.0,298,,,,,Platform-Embedded (Declining),Unknown,Unknown,Declining (Watch),Stable,Independent
lss,Lifestyle Solutions,Commerce-Active,0.9,10.0,1151.0,152.0,4928.0,222.0,456.0,5.0,4,8700.0,290,,,,,Commerce-Active (Declining),Unknown,Unknown,Declining (Watch),Stable,Independent
hvl,Hudson Valley Lighting,Catalog-Focused,0.7,40.0,2505.0,7.0,7320.0,1160.0,216.0,175.0,5,,283,234.02,5910.0,27.9,79128479.0,Catalog-Low (At Risk),Long Tail,Mid-Market ($100-400),At Risk / Minimal,Stable,Hudson Valley Family
sp,"Sabine Pools, Spas, & Furniture",Commerce-Active,0.9,6.0,961.0,408.0,1601.0,815.0,0.0,0.0,4,6960.0,251,,,,,Commerce-Active (Declining),Unknown,Unknown,Declining (Watch),Stable,Independent
soi,Silver One,Catalog-Focused,0.9,4.0,667.0,0.0,8086.0,1.0,73.0,0.0,3,8700.0,229,,,,,Catalog-Low (At Risk),Unknown,Unknown,At Risk / Minimal,Stable,Independent
mah,Moda at Home Enterprises Ltd,Platform-Embedded,0.9,14.0,1259.0,1003.0,24467.0,1590.0,116.0,5.0,5,16642.5,204,6.77,231.0,67.3,5864022.0,Platform-Embedded (Declining),Concentrated,Commodity (<$30),Declining (Watch),Stable,Independent
kkc,Kindel Karges Furniture,Catalog-Focused,0.9,26.0,1386.0,0.0,645.0,11.0,263.0,0.0,4,11380.0,191,,,,,Catalog-Low (At Risk),Unknown,Unknown,At Risk / Minimal,Stable,Independent
df,Designers Fountain,Catalog-Focused,0.9,24.0,1978.0,30.0,2767.0,311.0,173.0,79.0,4,9110.0,186,,,,,Catalog-Low (At Risk),Unknown,Unknown,At Risk / Minimal,Stable,Independent
afx,"AFX, Inc.",Commerce-Active,0.9,26.0,1335.0,69.0,3428.0,584.0,45.0,812.0,4,9165.0,185,,,,,Commerce-Active (Declining),Unknown,Unknown,Declining (Watch),Stable,Independent
tl,Troy Lighting,Catalog-Focused,0.9,32.0,1499.0,4.0,2970.0,684.0,144.0,21.0,5,4810.0,156,243.19,2914.0,35.0,18491850.0,Catalog-Low (At Risk),Distributed,Mid-Market ($100-400),At Risk / Minimal,Stable,Hudson Valley Family
swc,Sauder Woodworking,Catalog-Focused,0.9,11.0,1202.0,0.0,6090.0,49.0,462.0,0.0,4,8700.0,145,,,,,Catalog-Low (At Risk),Unknown,Unknown,At Risk / Minimal,Stable,Independent
ssi,"Studio Silversmiths, Inc.",Catalog-Focused,0.9,16.0,968.0,1.0,390.0,1.0,67.0,0.0,3,5385.0,145,,,,,Catalog-Low (At Risk),Unknown,Unknown,At Risk / Minimal,Stable,Independent
pw,Philip Whitney,Catalog-Focused,0.9,17.0,741.0,0.0,126.0,1.0,11.0,0.0,2,4500.0,124,,,,,Catalog-Low (At Risk),Unknown,Unknown,At Risk / Minimal,Stable,Independent
luc,Lucas McKearn,Catalog-Focused,0.9,13.0,341.0,5.0,310.0,676.0,884.0,56.0,4,11070.0,119,174.33,360.0,63.5,1658772.0,Catalog-Low (At Risk),Concentrated,Mid-Market ($100-400),At Risk / Minimal,Stable,Independent
cl,Corbett Lighting,Catalog-Focused,0.7,31.0,1130.0,2.0,1694.0,495.0,128.0,14.0,5,,110,973.16,1289.0,25.4,9258634.0,Catalog-Low (At Risk),Distributed,Premium ($400+),At Risk / Minimal,Stable,Hudson Valley Family
mfc,Morgan Fabrics Corporation,Catalog-Focused,0.9,10.0,572.0,0.0,3092.0,4.0,194.0,0.0,4,13440.0,103,,,,,Catalog-Low (At Risk),Unknown,Unknown,At Risk / Minimal,Stable,Independent
dals,DALS Lighting,Catalog-Focused,0.7,15.0,1507.0,15.0,3203.0,237.0,60.0,132.0,4,,100,,,,,Catalog-Low (At Risk),Unknown,Unknown,At Risk / Minimal,Stable,Independent
ihm,International Home Miami,Catalog-Focused,0.9,15.0,927.0,18.0,428.0,173.0,109.0,0.0,4,8450.0,47,,,,,Catalog-Low (At Risk),Unknown,Unknown,At Risk / Minimal,Declining,Independent
ol,Oly Studio,Commerce-Active,0.9,5.0,357.0,116.0,1499.0,353.0,18.0,0.0,5,12210.0,42,,,,,Commerce-Active (Declining),Unknown,Unknown,Declining (Watch),Declining,Independent
cf,Century Furniture,Catalog-Focused,0.9,6.0,377.0,0.0,828.0,38.0,169.0,0.0,3,9135.0,40,,,,,Catalog-Low (At Risk),Unknown,Unknown,At Risk / Minimal,Declining,Independent
abol,Americas Backyards,Catalog-Focused,0.9,5.0,473.0,0.0,21.0,72.0,68.0,0.0,3,10215.0,31,,,,,Catalog-Low (At Risk),Unknown,Unknown,At Risk / Minimal,Declining,Independent
leg,Legrand US,Catalog-Focused,0.7,4.0,49.0,1.0,40.0,38.0,14.0,0.0,4,,29,,,,,Catalog-Low (At Risk),Unknown,Unknown,At Risk / Minimal,Declining,Independent
krb,Kaleen Rugs & Broadloom,Catalog-Focused,0.9,2.0,65.0,1.0,57.0,33.0,0.0,0.0,2,2900.0,14,,,,,Catalog-Low (At Risk),Unknown,Unknown,At Risk / Minimal,Declining,Independent
hh,Highland House,Catalog-Focused,0.9,4.0,146.0,0.0,87.0,2.0,5.0,0.0,3,6525.0,12,,,,,Catalog-Low (At Risk),Unknown,Unknown,At Risk / Minimal,Declining,Independent
hmjc,Hancock & Moore / Jessica Charles,Catalog-Focused,0.7,3.0,817.0,0.0,628.0,6.0,185.0,0.0,3,,8,,,,,Catalog-Low (At Risk),Unknown,Unknown,At Risk / Minimal,Declining,Independent
ffdm,Fine Furniture Design,Catalog-Focused,0.9,1.0,43.0,0.0,1.0,1.0,0.0,0.0,2,0.0,8,584.15,428.0,31.3,7929193.0,Catalog-Low (At Risk),Distributed,Premium ($400+),At Risk / Minimal,Declining,Independent
st,Sixtrees Limited,Catalog-Focused,0.9,1.0,82.0,1.0,148.0,2.0,0.0,0.0,1,6960.0,5,,,,,Catalog-Low (At Risk),Unknown,Unknown,At Risk / Minimal,Declining,Independent
ekc,"Elan, a Kichler Company",Catalog-Focused,0.7,1.0,43.0,0.0,3.0,0.0,0.0,0.0,1,,4,,,,,Catalog-Low (At Risk),Unknown,Unknown,At Risk / Minimal,Declining,Independent
tel,Tomlinson Companies,Catalog-Focused,0.9,2.0,313.0,0.0,628.0,9.0,231.0,0.0,5,13440.0,1,,,,,Catalog-Low (At Risk),Unknown,Unknown,At Risk / Minimal,Declining,Independent
