shortname,company,parent_entity,mrr,arr,assigned_tier,health_score,engagement_score,adoption_score,cohort_year,ghost_account,bq_segment,mp_submit_order,mp_total_logins,feature_depth,search_products,create_pdf,logins_90d,avg_unit_price,price_source,erp_buyers,top10_pct,erp_revenue,customer_count,effective_buyers,engagement_tier,buyer_distribution,v2_segment,login_health,price_tier
tcs,CopperSmith,CopperSmith,3075.0,36900.0,T3,,,,2026,False,,0.0,0.0,0,0.0,0.0,7,,,,,,0,,Low Activity,Unknown,At Risk / Minimal,Declining,Unknown
drf,Dorell Fabrics,Dorell Fabrics,749.0,8988.0,T1,,,,2026,False,,0.0,0.0,0,0.0,0.0,0,,,,,,0,,No Data,Unknown,Dark / Inactive,Dark,Unknown
hvl,Hudson Valley Lighting,HVLG,410.0,4920.0,T1,42.5,56.7,75.0,2016,False,Catalog-Focused,7.0,2505.0,5,7320.0,216.0,283,234.02,ERP,5910.0,27.9,79128479.0,2289,5910.0,Catalog-Low,Distributed,At Risk / Minimal,Stable,Mid-Market ($100-400)
jc,Jonathan Charles Fine Furniture Ltd.,Jonathan Charles,1426.5,17118.0,T3,89.7,60.0,100.0,2018,False,Commerce-Active,62.0,812.0,6,1071.0,7.0,260,619.45,ERP,33.0,82.7,19163907.0,34,33.0,Commerce-Declining,Highly Concentrated,Declining (Watch),Stable,Premium ($400+)
eli,Elegant Furniture & Lighting,Elegant Furniture & Lighting,2195.0,26340.0,T3,68.7,81.0,57.1,2013,False,Platform-Embedded,573.0,8808.0,5,32300.0,1077.0,1709,415.4,Catalog,,,,6010,6010.0,Platform-Embedded,Long Tail,Infrastructure Accounts,Thriving,Premium ($400+)
clli,Craftmade,Litex Industries,2075.0,24900.0,T3,88.5,66.0,85.7,2019,False,Commerce-Active,386.0,10490.0,6,31982.0,1337.0,2077,41.07,ERP,1448.0,34.0,79559893.0,5188,1448.0,Commerce-Active,Distributed,Growth Corridor,Thriving,Value ($30-100)
clc,Capital Lighting Fixture Co.,Capital Lighting Fixture Co.,2155.0,25860.0,T3,83.8,81.0,87.5,2012,False,Platform-Embedded,909.0,7633.0,6,22368.0,854.0,1957,104.5,ERP,1578.0,32.1,92555004.0,3244,1578.0,Platform-Embedded,Distributed,Infrastructure Accounts,Thriving,Mid-Market ($100-400)
tl,Troy Lighting,HVLG,350.0,4200.0,T1,43.8,56.7,75.0,2021,False,Catalog-Focused,4.0,1499.0,5,2970.0,144.0,156,243.19,ERP,2914.0,35.0,18491850.0,2272,2914.0,Catalog-Low,Distributed,At Risk / Minimal,Stable,Mid-Market ($100-400)
wac,WAC/Modern Forms Lighting,WAC Group,1750.5,21006.0,T1,93.7,85.0,100.0,2023,False,Platform-Embedded,2804.0,10429.0,4,61010.0,400.0,2050,,,,,,9611,9611.0,Platform-Embedded,Long Tail,Infrastructure Accounts,Thriving,Unknown
el,Eurofase Inc.,Eurofase Inc.,2475.0,29700.0,T3,88.2,74.3,100.0,2020,False,Commerce-Active,364.0,9783.0,6,27794.0,530.0,1865,206.79,ERP,1098.0,19.8,21409542.0,1987,1098.0,Commerce-Active,Long Tail,Growth Corridor,Thriving,Mid-Market ($100-400)
cl,Corbett Lighting,HVLG,350.0,4200.0,T1,40.0,,,2023,False,Catalog-Focused,2.0,1130.0,5,1694.0,128.0,110,973.16,ERP,1289.0,25.4,9258634.0,2272,1289.0,Catalog-Low,Distributed,At Risk / Minimal,Stable,Premium ($400+)
rac,Ricci Argentieri Company,Godinger Group,375.0,4500.0,T1,93.2,76.7,100.0,2011,False,Commerce-Active,774.0,3047.0,3,5813.0,286.0,616,,,,,,548,548.0,Commerce-Active,Concentrated,Functional Users,Healthy,Unknown
arl,Arabela Lighting,Arabela Lighting,652.5,7830.0,T1,65.3,82.3,40.0,2025,False,Catalog-Focused,0.0,2471.0,5,2735.0,117.0,771,829.71,Catalog,,,,33,33.0,Catalog-Active,Highly Concentrated,Presentation Layer,Healthy,Premium ($400+)
kll,Kuzco Lighting Inc.,Kuzco Lighting Inc.,2155.0,25860.0,T3,86.7,81.0,87.5,2022,False,Commerce-Active,264.0,7888.0,7,31336.0,822.0,1706,,,,,,2840,2840.0,Commerce-Active,Distributed,Growth Corridor,Thriving,Unknown
sbl,Schonbek Lighting,WAC Group,1408.5,16902.0,T1,88.3,81.0,100.0,2023,False,Commerce-Active,257.0,5673.0,4,15270.0,171.0,987,,,,,,1324,1324.0,Commerce-Active,Distributed,Growth Corridor,Healthy,Unknown
sarreid,"Sarreid, Ltd.","Sarreid, Ltd.",1978.0,23736.0,T3,95.8,85.0,100.0,2014,False,Platform-Embedded,1020.0,13782.0,8,35009.0,1203.0,5211,780.4,ERP,2121.0,42.3,27335113.0,4773,2121.0,Platform-Embedded,Concentrated,Power Users (Narrow Base),Thriving,Premium ($400+)
gcl,Geo Contemporary,Geo Contemporary,795.0,9540.0,T2,76.6,71.7,50.0,2024,False,Platform-Embedded,402.0,1589.0,7,2521.0,55.0,298,573.29,Catalog,,,,174,174.0,Embedded-Declining,Concentrated,Declining (Watch),Stable,Premium ($400+)
wag,Wendover Art Group,Wendover Art Group,1450.0,17400.0,T2,89.0,84.3,100.0,2025,False,Platform-Embedded,4845.0,5383.0,5,31568.0,867.0,2077,333.56,ERP,8797.0,7.7,103493032.0,24630,8797.0,Platform-Embedded,Long Tail,Infrastructure Accounts,Thriving,Mid-Market ($100-400)
clm,Crystorama,Crystorama,2540.0,30480.0,T3,86.7,66.0,100.0,2013,False,Catalog-Focused,2.0,8494.0,6,20242.0,603.0,1614,259.34,ERP,2449.0,42.7,67334699.0,4837,2449.0,Catalog-Active,Concentrated,Presentation Layer,Thriving,Mid-Market ($100-400)
ihw,Interlude Furniture,Interlude Home,1725.0,20700.0,T3,94.1,90.7,100.0,2025,False,Platform-Embedded,3522.0,6943.0,8,22182.0,1883.0,3657,2085.32,ERP,518.0,13.4,6485345.0,6096,518.0,Platform-Embedded,Long Tail,Infrastructure Accounts,Thriving,Premium ($400+)
tam,Theodore Alexander Manhasset,Creative Home Furniture,725.0,8700.0,T2,87.2,81.0,60.0,2016,False,Catalog-Focused,0.0,1795.0,6,8958.0,0.0,933,2851.21,Catalog,,,,244,244.0,Catalog-Active,Concentrated,Presentation Layer,Healthy,Premium ($400+)
scw,Summer Classics Retail,Gabriella White,1930.0,23160.0,T3,93.5,85.0,100.0,2014,False,Platform-Embedded,16868.0,13082.0,8,98953.0,708.0,7355,426.37,ERP,2391.0,16.8,73434881.0,8450,2391.0,Platform-Embedded,Long Tail,Infrastructure Accounts,Thriving,Premium ($400+)
all,Accord Lighting,Accord Lighting,965.0,11580.0,T1,60.4,76.7,75.0,2023,False,Catalog-Focused,46.0,3501.0,5,4758.0,215.0,610,596.9,Catalog,,,,673,673.0,Catalog-Active,Concentrated,Presentation Layer,Healthy,Premium ($400+)
kl,Coleto Brands | Kichler,Coleto Brands,725.0,8700.0,T1,47.1,55.0,100.0,2022,False,Catalog-Focused,0.0,2045.0,5,4888.0,152.0,522,181.91,Catalog,,,,3193,3193.0,Catalog-Active,Distributed,Presentation Layer,Healthy,Mid-Market ($100-400)
shl,Savoy House Lighting,Savoy House Lighting,2175.0,26100.0,T3,83.2,81.0,100.0,2012,False,Platform-Embedded,543.0,8651.0,6,41879.0,1201.0,2454,58.68,ERP,1212.0,37.6,92844653.0,1357,1212.0,Platform-Embedded,Distributed,Infrastructure Accounts,Thriving,Value ($30-100)
mlc,Matteo Lighting,Matteo Lighting,950.0,11400.0,T1,86.1,78.3,80.0,2023,False,Commerce-Active,237.0,3577.0,4,8595.0,256.0,522,229.96,Catalog,,,,1211,1211.0,Commerce-Active,Distributed,Growth Corridor,Healthy,Mid-Market ($100-400)
sccon,Summer Classics Contract,Gabriella White,1781.0,21372.0,T3,94.0,86.7,100.0,2014,False,Catalog-Focused,0.0,7276.0,7,50100.0,741.0,2310,438.29,ERP,861.0,30.2,31865136.0,5366,861.0,Catalog-Active,Distributed,Presentation Layer,Thriving,Premium ($400+)
ali,Access Lighting,Access Lighting,1795.0,21540.0,T3,78.3,61.7,85.7,2018,False,Catalog-Focused,6.0,3990.0,6,8173.0,457.0,723,59.65,ERP,951.0,29.5,6998606.0,2373,951.0,Catalog-Active,Distributed,Presentation Layer,Healthy,Value ($30-100)
kkc,Kindel Karges Furniture,Holladay Design Group,795.0,9540.0,T2,62.1,65.0,75.0,2016,False,Catalog-Focused,0.0,1386.0,4,645.0,263.0,191,6827.83,ERP,3.0,100.0,122901.0,368,3.0,Catalog-Low,Highly Concentrated,At Risk / Minimal,Stable,Premium ($400+)
jcusa,Jonathan Charles Designs Inc.,Jonathan Charles,795.0,9540.0,T2,86.6,58.3,87.5,2018,False,Platform-Embedded,410.0,1850.0,6,5653.0,265.0,815,1217.04,ERP,624.0,43.7,6688869.0,0,624.0,Platform-Embedded,Concentrated,Power Users (Narrow Base),Healthy,Premium ($400+)
vic,Vaxcel International Corporation,Vaxcel International Corporation,1810.0,21720.0,T3,78.9,56.7,87.5,2022,False,Catalog-Focused,1.0,1615.0,6,2072.0,751.0,318,52.13,ERP,669.0,78.9,18117006.0,1496,669.0,Catalog-Active,Highly Concentrated,Presentation Layer,Stable,Value ($30-100)
ssi,"Studio Silversmiths, Inc.",Godinger Group,375.0,4500.0,T1,62.6,58.3,100.0,2011,False,Catalog-Focused,1.0,968.0,3,390.0,67.0,145,15.33,Catalog,,,,411,411.0,Catalog-Low,Concentrated,At Risk / Minimal,Stable,Commodity (<$30)
fms,Visual Comfort - Studio /Fans,Visual Comfort & Co.,1855.5,22266.0,T1,87.3,78.3,100.0,2019,False,Platform-Embedded,2127.0,14163.0,6,58536.0,2401.0,3222,29.63,ERP,3238.0,30.4,223528077.0,5299,3238.0,Platform-Embedded,Distributed,Infrastructure Accounts,Thriving,Commodity (<$30)
da,Dainolite Ltd.,Dainolite Ltd.,745.0,8940.0,T1,90.5,81.0,100.0,2013,False,Platform-Embedded,6389.0,5528.0,4,66193.0,1213.0,1551,153.34,Catalog,,,,2008,2008.0,Platform-Embedded,Distributed,Infrastructure Accounts,Thriving,Mid-Market ($100-400)
eglo,Eglo USA Inc.,Thesis,865.0,10380.0,T1,87.0,66.7,100.0,2022,False,Commerce-Active,127.0,3364.0,4,7429.0,183.0,554,80.16,ERP,232.0,29.8,695845.0,1321,232.0,Commerce-Active,Distributed,Growth Corridor,Healthy,Value ($30-100)
sc,Summer Classics ( Wholesale),Gabriella White,3347.0,40164.0,T3,94.8,90.7,100.0,2013,False,Platform-Embedded,44420.0,38573.0,8,402847.0,6239.0,14061,482.34,ERP,14143.0,2.0,59681276.0,92406,14143.0,Platform-Embedded,Long Tail,Infrastructure Accounts,Thriving,Premium ($400+)
hfg,Hubbardton Forge,Hubbardton Forge,3045.0,36540.0,T3,91.7,78.3,100.0,2022,False,Platform-Embedded,3178.0,15085.0,7,32095.0,715.0,3699,715.15,ERP,3302.0,20.9,74294819.0,9049,3302.0,Platform-Embedded,Distributed,Infrastructure Accounts,Thriving,Premium ($400+)
fsf,Four Seasons Furniture,Four Seasons Furniture,1880.0,22560.0,T3,96.3,86.7,100.0,2023,False,Platform-Embedded,1206.0,4934.0,7,6409.0,131.0,1604,652.95,ERP,596.0,33.5,30021498.0,776,596.0,Platform-Embedded,Distributed,Infrastructure Accounts,Thriving,Premium ($400+)
am,Alfonso Marina,Alfonso Marina,920.0,11040.0,T2,88.0,77.3,75.0,2024,False,Commerce-Active,122.0,1497.0,4,2690.0,186.0,382,12916.18,Catalog,,,,92,92.0,Commerce-Active,Highly Concentrated,Functional Users,Stable,Premium ($400+)
pw,Philip Whitney,Godinger Group,375.0,4500.0,T1,57.6,58.3,75.0,2012,False,Catalog-Focused,0.0,741.0,2,126.0,11.0,124,12.34,Catalog,,,,102,102.0,Catalog-Low,Concentrated,At Risk / Minimal,Stable,Commodity (<$30)
prog,Coleto Brands | Progress Lighting,Coleto Brands,1825.0,21900.0,T1,56.2,55.0,66.7,2025,False,Commerce-Active,97.0,623.0,5,1365.0,8.0,338,114.74,Catalog,,,,6551,6551.0,Commerce-Active,Long Tail,Growth Corridor,Stable,Mid-Market ($100-400)
cst,Coaster,Coaster,1825.0,21900.0,T1,,,,2025,False,Catalog-Focused,3.0,2867.0,5,11413.0,1020.0,0,,,,,,0,,Catalog-Dark,Unknown,Dark / Inactive,Dark,Unknown
afx,"AFX, Inc.","AFX, Inc.",725.0,8700.0,T1,58.7,55.0,80.0,2023,False,Commerce-Active,69.0,1335.0,4,3428.0,45.0,185,142.15,Catalog,,,,3551,3551.0,Commerce-Declining,Distributed,Declining (Watch),Stable,Mid-Market ($100-400)
sp,"Sabine Pools, Spas, & Furniture","Sabine Pools, Spas, & Furnitur",580.0,6960.0,T1,53.1,65.0,33.3,2018,False,Commerce-Active,408.0,961.0,4,1601.0,0.0,251,616.09,Catalog,,,,5616,5616.0,Commerce-Declining,Long Tail,Declining (Watch),Stable,Premium ($400+)
st,Sixtrees Limited,Sixtrees Limited,580.0,6960.0,T1,37.9,43.3,40.0,2015,False,Catalog-Focused,1.0,82.0,1,148.0,0.0,5,10.67,Catalog,,,,0,,Catalog-Low,Unknown,At Risk / Minimal,Declining,Commodity (<$30)
ihm,International Home Miami,International Home Miami,725.0,8700.0,T1,52.1,66.7,40.0,2024,False,Catalog-Focused,18.0,927.0,4,428.0,109.0,47,2673.69,Catalog,,,,121,121.0,Catalog-Low,Concentrated,At Risk / Minimal,Declining,Premium ($400+)
cf,Century Furniture,Rock House Farm,652.5,7830.0,T1,40.0,43.3,100.0,2013,False,Catalog-Focused,0.0,377.0,3,828.0,169.0,40,,,,,,0,,Catalog-Low,Unknown,At Risk / Minimal,Declining,Unknown
hh,Highland House,Rock House Farm,652.5,7830.0,T1,40.0,43.3,75.0,2013,False,Catalog-Focused,0.0,146.0,3,87.0,5.0,12,,,,,,1570,1570.0,Catalog-Low,Distributed,At Risk / Minimal,Declining,Unknown
luc,Lucas McKearn,Lucas McKearn,652.5,7830.0,T1,51.0,65.0,60.0,2025,False,Catalog-Focused,5.0,341.0,4,310.0,884.0,119,174.33,ERP,360.0,63.5,1658772.0,877,360.0,Catalog-Low,Highly Concentrated,At Risk / Minimal,Stable,Mid-Market ($100-400)
dals,DALS Lighting,DALS Lighting,725.0,8700.0,T1,44.5,40.0,75.0,2023,False,Catalog-Focused,15.0,1507.0,4,3203.0,60.0,100,82.31,Catalog,,,,630,630.0,Catalog-Low,Concentrated,At Risk / Minimal,Stable,Value ($30-100)
bp,Buster & Punch,Buster & Punch,1765.0,21180.0,T2,57.7,70.0,57.1,2024,False,Commerce-Active,72.0,2775.0,3,2926.0,29.0,631,387.47,Catalog,,,,6810,6810.0,Commerce-Active,Long Tail,Growth Corridor,Healthy,Mid-Market ($100-400)
abol,America's Backyards,America's Backyards,725.0,8700.0,T1,58.1,38.3,66.7,2024,False,Catalog-Focused,0.0,473.0,3,21.0,68.0,31,1466.33,Catalog,,,,605,605.0,Catalog-Low,Concentrated,At Risk / Minimal,Declining,Premium ($400+)
krb,Kaleen Rugs & Broadloom,Kaleen Rugs & Broadloom,725.0,8700.0,T1,27.5,46.7,50.0,2024,False,Catalog-Focused,1.0,65.0,2,57.0,0.0,14,,,,,,0,,Catalog-Low,Unknown,At Risk / Minimal,Declining,Unknown
tcd,Terracota,Terracota,725.0,8700.0,T1,,,,2025,False,Catalog-Focused,5.0,331.0,3,169.0,0.0,0,,,,,,0,,Catalog-Dark,Unknown,Dark / Inactive,Dark,Unknown
pebl,Pebl Furniture,Skyard Furniture Co,725.0,8700.0,T1,,,,2025,False,Catalog-Focused,78.0,150.0,3,574.0,0.0,0,,,,,,0,,Catalog-Dark,Unknown,Dark / Inactive,Dark,Unknown
ih,Interlude Home,Interlude Home,1900.0,22800.0,T3,97.5,90.7,100.0,2021,False,Platform-Embedded,7006.0,7583.0,6,38583.0,2954.0,3671,1141.7,ERP,1259.0,17.9,13423009.0,20149,1259.0,Platform-Embedded,Long Tail,Infrastructure Accounts,Thriving,Premium ($400+)
asi,Abaline Supply Inc.,Abaline,2201.0,26412.0,T3,78.4,66.0,85.7,2011,False,Platform-Embedded,8381.0,3535.0,4,23234.0,229.0,1745,27.96,ERP,1202.0,13.2,46472468.0,1754,1202.0,Platform-Embedded,Long Tail,Infrastructure Accounts,Thriving,Commodity (<$30)
tla,Visual Comfort - Modern,Visual Comfort & Co.,1621.5,19458.0,T1,84.9,74.3,100.0,2019,False,Platform-Embedded,475.0,9361.0,4,14273.0,704.0,1836,,,,,,4418,4418.0,Platform-Embedded,Distributed,Infrastructure Accounts,Thriving,Unknown
mali,Magic Lite,Magic Lite,1890.0,22680.0,T2,,,,2026,False,Catalog-Focused,0.0,33.0,4,3.0,0.0,0,,,,,,0,,Catalog-Dark,Unknown,Dark / Inactive,Dark,Unknown
uhc,Uniware Housewares Corp.,Uniware Housewares Corp.,725.0,8700.0,T1,82.5,92.7,80.0,2021,False,Commerce-Active,6676.0,6042.0,3,240707.0,0.0,1478,7.27,Catalog,,,,6617,6617.0,Commerce-Active,Long Tail,Growth Corridor,Healthy,Commodity (<$30)
gl,Golden Lighting,Golden Lighting,1935.0,23220.0,T3,81.0,71.7,75.0,2023,False,Commerce-Active,62.0,3260.0,6,6595.0,361.0,538,95.05,ERP,1312.0,21.3,11672266.0,2345,1312.0,Commerce-Active,Distributed,Growth Corridor,Healthy,Value ($30-100)
mah,Moda at Home Enterprises Ltd,Moda at Home Enterprises Ltd,1386.87,16642.44,T2,57.7,56.7,71.4,2019,False,Platform-Embedded,1003.0,1259.0,5,24467.0,116.0,204,6.77,ERP,231.0,67.3,5864022.0,880,231.0,Embedded-Declining,Highly Concentrated,Declining (Watch),Stable,Commodity (<$30)
ap,Alden Home,Alden Home,1415.0,16980.0,T2,57.3,75.0,66.7,2011,False,Catalog-Focused,8.0,1668.0,6,4875.0,463.0,450,817.77,Catalog,,,,4763,4763.0,Catalog-Active,Distributed,Presentation Layer,Stable,Premium ($400+)
yw,Yutzy Woodworking,Yutzy Woodworking,495.0,5940.0,T1,84.1,91.7,50.0,2024,False,Commerce-Active,139.0,2513.0,6,531.0,227.0,779,877.41,Catalog,,,,227,227.0,Commerce-Active,Concentrated,Functional Users,Healthy,Premium ($400+)
bri,Bulbrite,Bulbrite,2460.0,29520.0,T3,87.4,76.7,100.0,2023,False,Platform-Embedded,444.0,5151.0,5,11186.0,130.0,878,3.15,ERP,1431.0,28.3,33763578.0,3231,1431.0,Platform-Embedded,Distributed,Infrastructure Accounts,Healthy,Commodity (<$30)
fal,Fine Art Handcrafted Lighting,Fine Art Handcrafted Lighting,1325.0,15900.0,T1,88.9,86.7,75.0,2024,False,Platform-Embedded,3612.0,7035.0,6,14728.0,339.0,1844,,,,,,6846,6846.0,Platform-Embedded,Long Tail,Infrastructure Accounts,Thriving,Unknown
mfc,Morgan Fabrics Corporation,Morgan Fabrics Corporation,1120.0,13440.0,T1,40.0,50.0,60.0,2012,False,Catalog-Focused,0.0,572.0,4,3092.0,194.0,103,,,,,,94,94.0,Catalog-Low,Highly Concentrated,At Risk / Minimal,Stable,Unknown
gh,Gabby,Gabriella White,2079.0,24948.0,T3,90.9,85.0,100.0,2013,False,Platform-Embedded,16043.0,12961.0,8,104283.0,1743.0,6429,595.74,ERP,2764.0,16.9,35591218.0,11998,2764.0,Platform-Embedded,Long Tail,Infrastructure Accounts,Thriving,Premium ($400+)
eglo_can,EGLO Canada,Thesis,652.5,7830.0,T1,90.0,77.3,100.0,2024,False,Commerce-Active,131.0,2312.0,4,14712.0,175.0,410,37.5,ERP,179.0,38.8,2251554.0,790,179.0,Commerce-Active,Distributed,Growth Corridor,Stable,Value ($30-100)
mli,Maxim Lighting,Maxim group Lighting,1985.0,23820.0,T1,79.3,90.7,100.0,2019,False,Commerce-Active,156.0,12770.0,5,72385.0,2529.0,4783,35.47,ERP,3095.0,14.7,71010281.0,9376,3095.0,Commerce-Active,Long Tail,Growth Corridor,Thriving,Value ($30-100)
cci,Currey & Company,Currey & Company,2190.0,26280.0,T3,92.4,81.0,100.0,2021,False,Platform-Embedded,6735.0,10138.0,5,46843.0,906.0,2138,591.84,ERP,11024.0,16.8,137558417.0,39035,11024.0,Platform-Embedded,Long Tail,Infrastructure Accounts,Thriving,Premium ($400+)
df,Designer's Fountain,Cordelia Lighting,725.0,8700.0,T1,73.0,61.7,80.0,2024,False,Catalog-Focused,30.0,1978.0,4,2767.0,173.0,186,96.18,Catalog,,,,778,778.0,Catalog-Low,Concentrated,At Risk / Minimal,Stable,Value ($30-100)
rf,Rowe Furniture,Rowe Furniture,885.0,10620.0,T1,83.2,84.3,75.0,2021,False,Catalog-Focused,0.0,6020.0,5,5406.0,30.0,1570,1197.24,Catalog,,,,4803,4803.0,Catalog-Active,Distributed,Presentation Layer,Thriving,Premium ($400+)
fc,Furniture Classics,Furniture Classics,2010.0,24120.0,T3,88.8,81.0,100.0,2017,False,Platform-Embedded,3685.0,7267.0,6,42853.0,1239.0,2237,354.33,ERP,2076.0,26.7,26011094.0,3738,2076.0,Platform-Embedded,Distributed,Infrastructure Accounts,Thriving,Mid-Market ($100-400)
big,Baker-McGuire,Samson Holding,1385.0,16620.0,T1,62.5,86.7,60.0,2018,False,Catalog-Focused,27.0,7388.0,4,21824.0,3297.0,1843,2410.39,Catalog,,,,301,301.0,Catalog-Active,Concentrated,Presentation Layer,Thriving,Premium ($400+)
gblx,Globalux,Globalux,1350.0,16200.0,T1,68.9,71.7,75.0,2025,False,Catalog-Focused,0.0,699.0,4,461.0,8.0,0,,,,,,0,,Catalog-Dark,Unknown,Dark / Inactive,Dark,Unknown
heb,Home Essentials & Beyond,Home Essentials & Beyond,725.0,8700.0,T1,85.8,65.0,80.0,2012,False,Platform-Embedded,640.0,2890.0,5,36999.0,1215.0,615,3.82,ERP,2647.0,63.3,80869871.0,1633,2647.0,Platform-Embedded,Highly Concentrated,Power Users (Narrow Base),Healthy,Commodity (<$30)
ufi,Universal Furniture,Samson Holdings Ltd,2875.0,34500.0,T3,97.8,94.0,100.0,2011,False,Platform-Embedded,3667.0,19904.0,5,127980.0,6596.0,6696,585.09,ERP,5155.0,20.2,186627504.0,14648,5155.0,Platform-Embedded,Distributed,Infrastructure Accounts,Thriving,Premium ($400+)
gsa,Godinger Silver Art Co.,Godinger Group,725.0,8700.0,T1,76.1,65.0,100.0,2011,False,Catalog-Focused,43.0,2561.0,4,27562.0,821.0,479,31.71,Catalog,,,,2027,2027.0,Catalog-Active,Distributed,Presentation Layer,Stable,Value ($30-100)
vce,Visual Comfort Europe,Visual Comfort & Co.,652.5,7830.0,T1,91.6,82.3,100.0,2022,False,Commerce-Active,107.0,2401.0,3,5042.0,493.0,0,382.26,ERP,555.0,52.0,9907147.0,1746,555.0,Commerce-Dark,Concentrated,Dark / Inactive,Dark,Mid-Market ($100-400)
vcg,Visual Comfort Signature,Visual Comfort & Co.,1660.5,19926.0,T1,90.5,78.3,100.0,2019,False,Commerce-Active,279.0,10745.0,5,52682.0,1048.0,3001,364.28,ERP,2667.0,30.2,165295752.0,5170,2667.0,Commerce-Active,Distributed,Growth Corridor,Thriving,Mid-Market ($100-400)
vl,Ciana Varaluz LLC,Ciana Varaluz LLC,1285.0,15420.0,T1,88.5,76.7,100.0,2019,False,Commerce-Active,174.0,3698.0,6,5327.0,247.0,1103,454.79,ERP,751.0,12.2,3273141.0,1854,751.0,Commerce-Active,Long Tail,Growth Corridor,Healthy,Premium ($400+)
sca,Shadow Catchers,Shadow Catchers,725.0,8700.0,T1,82.4,71.7,75.0,2015,False,Platform-Embedded,685.0,1364.0,4,12616.0,218.0,365,368.54,Catalog,,,,2782,2782.0,Embedded-Declining,Distributed,Declining (Watch),Stable,Mid-Market ($100-400)
kal,Kalco Lighting / Allegri Crystal,Kalco Lighting / Allegri Crystal,2590.0,31080.0,T3,95.5,86.7,100.0,2019,False,Commerce-Active,274.0,6511.0,5,15708.0,429.0,1211,516.31,ERP,686.0,36.3,17296397.0,2253,686.0,Commerce-Active,Distributed,Growth Corridor,Healthy,Premium ($400+)
wwjc,Wildwood/Chelsea House,Wildwood/Chelsea House,2310.0,27720.0,T3,96.5,86.7,100.0,2011,False,Platform-Embedded,2098.0,10864.0,5,38526.0,1391.0,3075,433.83,ERP,4456.0,13.5,29546340.0,14031,4456.0,Platform-Embedded,Long Tail,Infrastructure Accounts,Thriving,Premium ($400+)
cfg,Charleston Forge,Hearthstone Enterprises,1405.15,16861.800000000003,T2,65.1,84.3,60.0,2015,False,Platform-Embedded,477.0,4699.0,6,6671.0,382.0,1295,840.51,Catalog,,,,2555,2555.0,Platform-Embedded,Distributed,Infrastructure Accounts,Healthy,Premium ($400+)
ol,Oly Studio,Oly Studio,1115.0,13380.0,T2,61.2,55.0,50.0,2025,False,Commerce-Active,116.0,357.0,5,1499.0,18.0,42,1059.67,Catalog,,,,0,,Commerce-Declining,Unknown,Declining (Watch),Declining,Premium ($400+)
bsc,Butler Specialty Company,Butler Specialty Company,580.0,6960.0,T1,75.3,71.7,100.0,2011,False,Catalog-Focused,31.0,1287.0,4,7277.0,84.0,312,245.92,ERP,1035.0,88.4,40891578.0,8348,1035.0,Catalog-Active,Highly Concentrated,Presentation Layer,Stable,Mid-Market ($100-400)
hf,Hooker Furnishings,Hooker Furnishings,820.0,9840.0,T1,70.6,70.0,80.0,2024,False,Commerce-Active,293.0,2955.0,5,11668.0,925.0,547,940.23,Catalog,,,,12532,12532.0,Commerce-Active,Long Tail,Growth Corridor,Healthy,Premium ($400+)
ta,Theodore Alexander,Creative Home Furniture,2150.0,25800.0,T3,89.9,66.0,100.0,2016,False,Catalog-Focused,0.0,8847.0,8,42782.0,1686.0,2986,906.75,ERP,1751.0,24.5,33716604.0,7297,1751.0,Catalog-Active,Distributed,Presentation Layer,Thriving,Premium ($400+)
ril,Ratana International Ltd.,Ratana International Ltd.,2155.0,25860.0,T3,87.8,61.7,87.5,2024,False,Platform-Embedded,2030.0,3924.0,5,15728.0,533.0,1007,274.17,ERP,1185.0,16.5,34736118.0,4440,1185.0,Platform-Embedded,Long Tail,Infrastructure Accounts,Healthy,Mid-Market ($100-400)
mh,Magnussen Home,Magnussen Home,1745.0,20940.0,T1,95.8,94.0,100.0,2023,False,Platform-Embedded,627.0,13169.0,4,49165.0,3405.0,5015,149.19,ERP,795.0,63.7,73864285.0,1567,795.0,Platform-Embedded,Highly Concentrated,Power Users (Narrow Base),Thriving,Mid-Market ($100-400)
ah,Alfresco Home,Alfresco Home,1455.0,17460.0,T2,72.7,81.0,57.1,2018,False,Platform-Embedded,1432.0,5602.0,7,41168.0,1352.0,1566,221.36,Catalog,,,,3752,3752.0,Platform-Embedded,Distributed,Infrastructure Accounts,Thriving,Mid-Market ($100-400)
etl,ELICO LTD.,ELICO LTD.,725.0,8700.0,T1,95.6,82.3,100.0,2019,False,Commerce-Active,1081.0,2975.0,3,35832.0,2760.0,836,11.52,Catalog,,,,595,595.0,Commerce-Active,Concentrated,Functional Users,Healthy,Commodity (<$30)
lpf,Linon/Powell Furniture,Linon/Powell Furniture,2330.0,27960.0,T3,90.6,94.0,87.5,2019,False,Platform-Embedded,1284.0,8109.0,6,55901.0,3574.0,3191,76.02,ERP,738.0,44.8,18304579.0,1975,738.0,Platform-Embedded,Concentrated,Power Users (Narrow Base),Thriving,Value ($30-100)
sbmh,Somerset Bay and Modern History,Somerset Bay and Modern History,2245.0,26940.0,T3,97.1,92.7,100.0,2011,False,Platform-Embedded,3364.0,6952.0,6,47456.0,233.0,2145,1947.1,ERP,2041.0,18.7,37477872.0,6537,2041.0,Platform-Embedded,Long Tail,Infrastructure Accounts,Thriving,Premium ($400+)
lss,Lifestyle Solutions,Lifestyle Solutions,725.0,8700.0,T1,87.1,71.7,80.0,2023,False,Commerce-Active,152.0,1151.0,4,4928.0,456.0,290,638.39,Catalog,,,,52,52.0,Commerce-Declining,Highly Concentrated,Declining (Watch),Stable,Premium ($400+)
swc,Sauder Woodworking,Sauder Woodworking,725.0,8700.0,T1,77.9,58.3,100.0,2013,False,Catalog-Focused,0.0,1202.0,4,6090.0,462.0,145,449.47,Catalog,,,,0,,Catalog-Low,Unknown,At Risk / Minimal,Stable,Premium ($400+)
soi,Silver One,Silver One,725.0,8700.0,T1,69.2,86.7,50.0,2024,False,Catalog-Focused,0.0,667.0,3,8086.0,73.0,229,,,,,,0,,Catalog-Low,Unknown,At Risk / Minimal,Stable,Unknown
mpc,Pioneer Morton,Abaline,1273.5,15282.0,T2,65.9,66.0,60.0,2015,False,Commerce-Active,9225.0,3876.0,3,71265.0,288.0,1820,33.14,Catalog,,,,1764,1764.0,Commerce-Active,Distributed,Growth Corridor,Thriving,Value ($30-100)
bcf,Braxton Culler,Classic Home Inc,2380.0,28560.0,T3,94.8,90.7,100.0,2022,False,Platform-Embedded,2193.0,9560.0,7,46340.0,1010.0,3659,482.24,ERP,884.0,36.0,26066751.0,2049,884.0,Platform-Embedded,Distributed,Infrastructure Accounts,Thriving,Premium ($400+)
kii,"Kennedy International, Inc.","Kennedy International, Inc.",1386.87,16642.44,T2,62.1,66.0,71.4,2015,False,Platform-Embedded,4345.0,4177.0,6,89671.0,1903.0,943,3.69,ERP,543.0,57.7,40493072.0,3636,543.0,Platform-Embedded,Concentrated,Power Users (Narrow Base),Healthy,Commodity (<$30)
mlg,Minka Lighting Group,Ferguson Enterprises,1975.0,23700.0,T1,86.8,71.0,100.0,2025,False,Commerce-Active,182.0,4968.0,4,20164.0,527.0,2074,161.94,ERP,4089.0,7.9,61321140.0,8609,4089.0,Commerce-Active,Long Tail,Growth Corridor,Thriving,Mid-Market ($100-400)
rw,RENWIL,RENWIL,2838.01,34056.12,T3,73.0,81.0,71.4,2024,False,Platform-Embedded,10337.0,9238.0,7,46814.0,805.0,2491,235.37,Catalog,,,,4900,4900.0,Platform-Embedded,Distributed,Infrastructure Accounts,Thriving,Mid-Market ($100-400)
jyc,Jamie Young Company,Jamie Young Company,3045.0,36540.0,T3,93.6,86.7,100.0,2014,False,Platform-Embedded,7446.0,9744.0,6,31769.0,841.0,2548,213.51,ERP,4207.0,35.1,33449658.0,9484,4207.0,Platform-Embedded,Distributed,Infrastructure Accounts,Thriving,Mid-Market ($100-400)
ml,Millennium Lighting,Ferguson Enterprises,1680.0,20160.0,T1,67.7,74.3,66.7,2020,False,Commerce-Active,89.0,6341.0,5,31441.0,1178.0,1572,75.15,Catalog,,,,3202,3202.0,Commerce-Active,Distributed,Growth Corridor,Thriving,Value ($30-100)
gc,Groupe Courchesne,Groupe Courchesne,1415.0,16980.0,T2,62.3,61.7,57.1,2023,False,Platform-Embedded,1872.0,2663.0,4,10176.0,445.0,889,159.72,Catalog,,,,1513,1513.0,Platform-Embedded,Distributed,Infrastructure Accounts,Healthy,Mid-Market ($100-400)
dccl,Donald Choi Canada,Donald Choi Canada,1515.0,18180.0,T2,65.0,61.7,71.4,2024,False,Commerce-Active,437.0,1765.0,3,1298.0,489.0,583,485.98,ERP,263.0,24.0,5668931.0,376,263.0,Commerce-Active,Distributed,Growth Corridor,Healthy,Premium ($400+)
pf,Palecek,Palecek,3190.0,38280.0,T1,96.0,85.0,100.0,2012,False,Platform-Embedded,4881.0,20658.0,6,111804.0,3871.0,6162,3625.53,Catalog,,,,17382,17382.0,Platform-Embedded,Long Tail,Infrastructure Accounts,Thriving,Premium ($400+)
