organization_id,import_type,run_count_180d,run_count_90d,last_run_at,first_run_at,last_run_had_error
275,Customers,4,4,2026-07-30 07:48:09.884509,2026-07-01 21:22:10.228417,False
275,Images,197,153,2026-08-07 14:49:50.236315,2026-04-01 04:03:35.422960,False
275,Option Groups,30,21,2026-07-22 11:11:13.888364,2026-04-02 00:22:09.081470,False
275,Option Images,59,32,2026-06-29 04:21:20.603375,2026-04-10 11:48:21.110328,False
275,Options,39,18,2026-06-29 04:22:12.654589,2026-04-02 00:18:09.083507,False
275,Products,125,74,2026-08-07 11:08:28.603539,2026-03-31 12:32:08.334759,False
282,Customers,15,0,2026-04-23 15:16:14.900918,2026-04-05 19:45:08.149552,False
282,Images,87,27,2026-08-15 15:57:16.690761,2026-03-12 22:33:10.646600,False
282,Inventory,16,7,2026-08-18 15:02:13.611276,2026-04-22 23:40:11.926880,False
282,Product Stories,15,0,2026-05-24 23:10:11.154452,2026-03-28 17:11:09.346176,False
282,Products,56,8,2026-08-15 15:54:15.055999,2026-03-12 22:33:13.039853,False
285,Customers,14,1,2026-07-07 16:47:45.111682,2026-03-10 23:21:14.100427,False
285,Images,79,31,2026-08-03 20:36:20.117616,2026-03-16 21:53:57.043148,False
285,Inventory,15,9,2026-08-12 15:38:12.951891,2026-03-18 02:45:17.737543,False
285,Matrix Options,18,0,2026-03-19 00:38:07.639882,2026-03-18 21:03:11.150193,False
285,Option Groups,8,0,2026-03-19 00:36:07.769737,2026-03-18 21:00:11.788077,False
285,Option Images,1,0,2026-03-12 21:45:12.174729,2026-03-12 21:45:12.174729,False
285,Options,12,0,2026-03-19 17:01:08.591019,2026-03-12 21:45:08.471366,False
285,Product Stories,8,3,2026-07-23 19:13:11.626439,2026-03-16 21:27:09.827805,False
285,Products,97,31,2026-08-26 16:46:17.968400,2026-02-27 18:38:03.463594,False
287,Customers,25,4,2026-08-25 19:50:23.592581,2026-03-03 20:47:21.635268,True
287,Images,3687,2244,2026-08-26 07:22:27.648004,2026-02-27 18:01:15.567615,False
287,Inventory,7,0,2026-03-16 19:07:38.025574,2026-03-05 17:40:39.086051,False
287,Matrix Options,2,0,2026-03-30 21:23:09.750748,2026-03-08 07:56:45.539795,True
287,Options,7,0,2026-03-16 04:05:02.981891,2026-03-05 16:48:35.918458,True
287,Product Image Downloads,209,87,2026-08-20 07:04:44.524954,2026-02-27 18:37:28.405254,True
287,Product Stories,1,0,2026-03-08 17:45:43.116005,2026-03-08 17:45:43.116005,True
287,Products,227,104,2026-08-26 04:03:51.682833,2026-03-03 19:54:07.388279,True
288,Customers,4,4,2026-07-30 19:34:11.463731,2026-06-15 20:09:14.318298,False
288,Images,26,5,2026-07-13 18:58:10.410038,2026-03-25 19:15:13.979138,False
288,Inventory,28,28,2026-08-26 10:11:13.982052,2026-06-02 17:08:13.728433,False
288,Portal Invoices,1,1,2026-07-08 15:10:17.257695,2026-07-08 15:10:17.257695,False
288,Portal Orders,37,37,2026-08-26 05:03:21.307862,2026-07-07 15:17:19.564184,False
288,Product Stories,4,2,2026-06-15 20:02:13.604677,2026-03-25 17:00:12.822819,False
288,Products,31,11,2026-08-17 19:02:26.118679,2026-03-25 16:04:13.197033,False
290,Customers,2,0,2026-04-27 18:59:16.004204,2026-04-27 18:45:10.388289,False
290,Images,160,95,2026-07-06 18:15:44.611904,2026-04-27 17:12:45.141030,False
290,Product Stories,5,5,2026-07-08 18:11:22.648753,2026-06-30 20:28:16.443718,False
290,Products,40,16,2026-07-06 18:18:36.121791,2026-04-27 18:36:09.224836,False
