organization_id,org_shortname,org_name,contract_pricing_enabled,enable_sales_data,enable_online_catalog,enable_online_ordering,enable_sales_portal
1,sarreid,"Sarreid, Ltd.",False,True,True,False,True
2,sbmh,Somerset Bay and Modern History,False,True,True,True,True
3,frh,French Heritage,False,True,True,False,False
4,cff,Cresent Fine Furniture,False,False,False,False,False
5,test1,Test Company,True,True,True,True,False
6,demo,Demo Company,True,True,True,True,True
7,hmi,Pulaski Furniture,False,False,False,False,False
8,wwjc,Wildwood/Chelsea House,False,True,True,True,True
9,mcf,Moore Councill,False,False,False,False,False
10,cf,Century Furniture,False,False,False,False,False
11,bmc,Bassett Mirror,False,True,True,True,True
12,gsa,Godinger Silver Art Co.,False,False,False,False,False
13,sic,Butler FurnishWEB Test,False,True,False,False,False
14,bsc,Butler Specialty Company,False,True,False,False,False
15,pwg,PWG Lighting,False,False,False,False,False
16,mfl,Feiss - Monte Carlo,False,False,True,False,False
17,tft,van Thiel & Co.,False,False,False,False,False
18,ufi,Universal Furniture,False,True,True,False,True
19,rac,Ricci Argentieri Company,False,False,False,False,False
20,ssi,"Studio Silversmiths, Inc.",False,False,False,False,False
21,lcf,Legacy Classic | Modern Furniture,False,False,False,False,False
22,asi,Abaline Supply Inc.,True,True,True,True,True
23,ap,Alden Home,False,False,True,True,False
24,aa,Abroad Home Furnishings,False,False,True,False,False
25,dws,D & W Silks,False,False,False,False,False
26,heb,Home Essentials & Beyond,True,True,False,False,False
27,dpl,Dasch Design,False,False,True,False,False
29,ahc,Coe Limited,False,False,False,False,False
30,sgl,Sea Gull Lighting,False,False,False,False,False
31,ebc,Emerson Bentley,False,True,True,False,False
32,pf,Palecek ,False,True,True,False,False
33,fcc,Fairfield Chair Company,False,False,False,False,False
34,art,"ART Furniture, Inc.",False,True,False,False,False
35,khl,Kenroy Home,False,True,True,True,True
36,horl,Homelegance by S&A Imports (Orlando),False,True,False,False,False
37,hchi,Homelegance by Topline Furniture (CHI),False,False,False,False,False
38,hla,Homelegance L.A. (CA),False,True,False,False,False
39,hatl,Homelegance by Titan Importer (GA),False,True,False,False,False
40,clc,Capital Lighting Fixture Co.,False,True,True,True,True
41,shl,Savoy House Lighting,True,True,True,True,True
42,sw,Sunset West,False,False,True,True,False
43,wmo,Furniture Crafters Demo,False,False,False,False,False
44,if,Intercon Furniture,False,False,False,False,False
45,jbl,Julien Beaudoin Ltee,False,False,False,False,False
46,mhc,Moe's Home Collection,False,True,True,False,True
47,hcan,Mazin Furniture Industries Limited,False,False,False,False,False
48,mfc,Morgan Fabrics Corporation,False,True,True,False,False
49,kl,Coleto Brands | Kichler,False,False,False,False,False
50,cmi,Container Marketing Inc.,False,False,False,False,False
51,pw,Philip Whitney,False,False,False,False,False
52,gf,Gallery Furniture,False,False,False,False,False
53,shf,Somerton Dwelling,False,True,False,False,False
54,fcj,Jeromes,False,False,False,False,False
55,gh,Gabby,True,True,True,True,True
56,ekc,"Elan, a Kichler Company",False,False,False,False,False
57,pcl,Philips Lighting,False,False,False,False,False
58,swc,Sauder Woodworking,False,False,False,False,False
59,gg,Godinger Group,False,False,False,False,False
60,jgw,JGW Furniture,False,True,False,False,False
61,bc,"Decca Home / Bolier & Co,",False,True,False,False,False
62,da,Dainolite Ltd.,False,True,False,False,False
63,ias,Issis & Sons,False,False,True,False,False
64,clm,Crystorama,False,True,True,False,True
65,jc,Jonathan Charles Fine Furniture,False,True,True,False,True
66,sl,Sonneman - A Way of Light,False,True,False,False,False
67,hsi,Home Source Industries,True,False,False,False,False
68,eli,Elegant Furniture & Lighting,False,True,True,True,False
69,sc,Gabriella White,True,True,True,False,True
70,tl,Troy Lighting,False,True,False,False,False
71,hvl,Hudson Valley Lighting,False,True,False,False,False
72,cl,Corbett Lighting,False,True,False,False,False
73,al,Abbyson Living,False,False,False,False,False
74,acsd,Ateliers Davoy,False,False,False,False,False
75,uu,Larrick's Warehouse,False,False,False,False,False
76,jyc,Jamie Young Company,True,True,True,True,True
77,slusa,Abaline - SAP Staging,False,False,False,False,False
78,hh,Highland House,False,False,False,False,False
79,temp,"For Jimmy, to Delete",False,False,False,False,False
80,llb,Littman Lighting Brazil,False,False,False,False,False
81,bmc2,Bassett Mirror (test),False,True,True,True,True
82,ufitest,Universal Furniture - test,False,False,False,False,False
83,cfg,Charleston Forge,False,False,True,True,False
84,scc,Speer Collectibles,False,False,False,False,False
85,sc_test,TEST Summer Classics Retail TEST,True,False,True,True,True
86,tel,Tomlinson Companies,False,False,True,False,False
87,scw,Summer Classics,True,True,True,True,True
88,sccon,Summer Classics Contract,True,False,True,True,True
89,mpc,Pioneer Morton,True,False,True,True,False
90,sca,Shadow Catchers,False,True,False,False,False
91,bss,Big Sandy Superstores,False,False,False,False,False
92,cfc,Palliser Casegoods,False,True,False,False,False
93,lna,legrand,False,True,False,False,False
94,kii,"Kennedy International, Inc.",True,True,True,True,False
95,cc,"Company C, Inc.",True,True,False,False,False
96,bscc,BSC,False,True,False,False,False
97,st,Sixtrees Limited,False,True,True,False,False
98,ffdm,Fine Furniture Design,False,True,True,True,True
99,kkc,Kindel Karges Furniture,True,True,False,False,False
100,pfi,Pro Feet Inc.,True,True,False,False,False
101,tle,Tech Lighting Demo,True,True,False,False,False
102,dri,Della Robbia,False,True,True,True,False
103,bmc3,Bassett Mirror VIP,False,False,False,False,False
104,mg,Made Goods,False,True,False,False,False
105,erf,El Ran Furniture,False,False,False,False,False
106,demo1,Demo (new),True,True,True,True,False
107,ihw,Interlude Furniture,True,True,True,False,True
108,fms,Visual Comfort - Studio /Fans,False,True,False,False,False
109,ati,Art Trends & Prestige Arts,False,True,False,False,False
110,bde,Bad Dog Editions,False,False,False,False,False
111,ta,Theodore Alexander,False,True,True,True,True
112,cbi,Edgecombe Furniture,False,False,True,False,False
113,mdff,MacKenzie-Dow Fine Furniture,False,True,True,False,False
114,tla,Visual Comfort - Modern,False,True,False,False,False
115,tech,Tech Lighting (tech),False,True,False,False,False
116,gb,Visual Comfort Group (Generation Brands),False,True,False,False,False
117,dh,Dessau Home,False,False,False,False,False
118,pbp,Popular Bath Products,True,True,False,False,False
119,pts,"PTS America, Inc.",False,True,False,False,False
120,fc,Furniture Classics ,False,True,True,True,True
121,jcusa,Jonathan Charles Designs Inc.,False,True,True,True,True
122,bi,Winslow Home Furniture,False,True,False,False,False
123,pfu,Palliser Upholstery,False,True,False,False,False
124,ah,Alfresco Home,False,True,True,True,False
125,sf,Southern Furniture,False,False,False,False,False
126,big,Baker-McGuire,False,True,False,False,False
127,ali,Access Lighting,False,True,True,False,True
129,vc,Lighting Demo (don't use),False,False,True,False,False
130,fccstaging,Fairfield Chair Company - Staging,False,False,True,False,False
131,hmjc,Hancock & Moore / Jessica Charles,False,True,False,False,False
132,sp,"Sabine Pools, Spas, & Furnitur",False,False,False,False,False
133,blh,Bliss Studio ,False,True,True,True,False
134,ttf,222 Fifth Furniture,False,True,True,False,False
135,pef,Port Eliot ,True,True,True,True,False
136,mah,Moda at Home Enterprises Ltd,True,True,True,True,False
137,mli,Maxim Lighting ,True,True,False,False,False
138,et2,ET2 Lighting,True,True,False,False,False
139,lpf,Linon/Powell Furniture,True,True,True,True,True
140,etl,ELICO LTD.,False,False,False,False,False
141,vcg,Visual Comfort Signature,False,True,False,False,False
142,ki,Kalora Interiors,True,True,False,False,False
143,demo2,Demo-2,True,True,True,True,True
144,jcsa,Jonathan Charles at The Gallery,False,True,False,False,False
145,ahtest,Alfresco Home (test),False,True,False,False,False
146,kal,Kalco Lighting / Allegri Crystal,False,True,True,True,True
147,vl,Ciana Varaluz LLC,False,False,True,False,True
148,cfsd,Charleston Forge (staging),False,False,True,True,False
149,clli,Craftmade,True,True,True,False,True
150,eig,Elements International,False,True,False,False,False
151,wa,Wesley Allen,False,True,False,False,False
152,el,Eurofase Inc.,True,True,True,False,True
153,pol,PageOne Lighting,False,False,False,False,False
154,ei,Elements International (demo),False,True,False,False,False
155,ml,Millennium Lighting,False,True,True,False,False
156,mt,The M|T Company,False,False,False,False,False
157,hvusa,Hudson Valley Group - USA,True,True,False,False,False
158,hvint,Hudson Valley Group - International,True,True,False,False,False
159,hds,HDS Trading,False,False,False,False,False
160,uhc,Uniware Housewares Corp.,True,True,False,False,False
161,cci,Currey & Company,False,True,True,False,True
162,rf,Rowe Furniture,False,True,False,False,False
163,cfd,Covington Fabrics,False,True,False,False,False
164,ih,Interlude Home,False,True,True,False,True
165,hfg,Hubbardton Forge,False,True,True,False,True
166,kll,Kuzco Lighting Inc.,False,True,True,True,True
167,vce,Visual Comfort Europe,False,True,False,False,False
168,eglo,Eglo USA Inc.,True,True,False,False,False
169,tmpl,Template_Lighting Company,True,True,False,False,False
170,tll,Lighting Lab,True,True,False,False,False
171,bcf,Braxton Culler,False,True,True,True,True
172,gww,TEST Gabriella White Wholesale TEST,True,True,False,False,False
173,bc2,Braxton Culler - test,False,True,False,False,False
174,clctest,Capital Lighting Fixture Co. (TEST),False,True,True,True,True
175,tmpo,Template_not lighting,False,True,False,False,False
176,vic,Vaxcel International Corporation,False,True,True,True,True
177,csi,Central Supply Inc.,False,True,False,False,False
178,ctest,ChuckTest,False,True,True,True,True
179,wwtest,Wildwood/Chelsea House (TEST),False,True,True,True,True
180,demo3,The Coppersmith,True,True,False,False,False
181,wac,WAC/Modern Forms Lighting,True,True,False,False,False
182,sbl,Schonbek Lighting,True,True,False,False,False
183,demolighting,Lighting Demo (new),True,True,False,False,False
184,mh,Magnussen Home,True,True,False,False,False
185,afx,"AFX, Inc.",True,True,False,False,False
186,bei,Bethel International,True,True,False,False,False
187,gl,Golden Lighting,False,True,True,True,True
220,dals,DALS Lighting,False,True,False,False,False
221,mlc,Matteo Lighting,True,True,False,False,False
222,bri,Bulbrite,True,True,True,True,True
223,all,Accord Lighting,True,True,False,False,False
224,lss,Lifestyle Solutions,False,True,False,False,False
225,fsf,Four Seasons Furniture,False,True,True,True,True
226,sci,Sanders Collection Inc,False,True,True,True,True
227,gc,Groupe Courchesne,True,True,True,True,False
228,di,DEBRAH FURNITURE USA,False,True,True,False,False
229,khi,Karat Home Inc.,False,True,False,False,False
230,soi,Silver One,True,True,False,False,False
231,gcl,Geo Contemporary,True,True,False,False,False
232,eglo_can,EGLO Canada,True,True,False,False,False
233,bobo,BOBO Intriguing Objects,False,True,False,False,False
234,ilc,Ideal Living,False,True,False,False,False
235,abol,America's Backyards,False,True,True,False,False
236,yw,Yutzy Woodworking,False,True,False,False,False
237,df,Designer's Fountain,True,True,False,False,False
238,sa,Simply Amish,False,True,False,False,False
239,dccl,Donald Choi Canada,False,True,True,True,False
240,elk,Elk Home,True,True,False,False,False
241,fal,Fine Art Handcrafted Lighting,True,True,False,False,True
242,bts,BT Shalom,True,True,False,False,False
243,hf,Hooker Furnishings,False,True,False,False,False
244,krb,Kaleen Rugs & Broadloom,False,True,False,False,False
245,ril,Ratana International Ltd.,False,True,True,True,True
246,am,Alfonso Marina,False,True,False,False,False
247,opame,Opame Collective,False,False,True,True,False
248,rw,RENWIL,False,True,True,False,True
249,ihm,International Home Miami,False,True,False,False,False
250,bp,Buster & Punch ,True,False,False,False,False
251,hl,Hinkley Lighting (Demo),True,True,False,False,False
252,mlg,Minka Lighting Group,True,True,False,False,False
254,bpstaging,Buster & Punch Sandbox,True,True,True,False,False
255,wag,Wendover Art Group,False,True,False,False,False
262,tlastaging,Visual Comfort - Modern (staging),False,True,False,False,False
263,fmsstaging,Visual Comfort - Studio /Fans (staging),False,True,False,False,False
265,vcgstaging,Visual Comfort Signature (staging),False,True,True,True,False
266,luc,Lucas McKearn,True,True,False,False,False
267,kylademo,Milo & Moss (K-Demo),True,True,False,False,False
268,ol,Oly Studio,False,True,False,False,False
269,arl,Arabela Lighting,True,True,False,False,False
270,waledemo,WaleDemo,True,True,True,False,False
271,emerydemo,emery-demo,True,True,False,False,False
272,tam,Theodore Alexander Manhasset,False,True,False,False,False
273,leg,Legrand US,True,True,True,False,False
274,omc,Option Mapping Co,False,False,True,True,False
275,pebl,Skyard Furniture Co Ltd.,False,False,False,False,False
276,mhstage,Magnussen Home (Staging),True,True,False,False,False
277,vcgcon,Visual Comfort Consolidated,False,True,False,False,False
278,gblx,Globalux Lighting & Fans,False,False,False,False,False
280,pf_test,Palecek-test,False,True,True,True,False
281,bri_test,Bulbrite-test,True,True,False,False,False
282,tcd,Terracotta Designs,False,False,False,False,False
283,tam-staging,Theodore Alexander Manhasset (Staging),False,False,False,False,False
284,wdd,Woodard,False,False,False,False,False
285,mali,Magic Lite | NSL,False,True,True,True,False
286,prog,Coleto Brands | Progress Lighting,False,False,False,False,False
287,cst,Coaster Furniture,False,False,False,False,False
288,libco,Lib and Co.,False,False,True,False,True
289,ufistaging,Universal Furniture (Staging),False,True,False,False,False
290,drf,Dorell Fabrics,False,False,False,False,False
291,tcs,The CopperSmith,False,False,False,False,False
292,gl_staging,Golden Lighting (staging),False,True,False,False,False
293,vr,Verellen,False,False,False,False,False
294,ihw_staging,Interlude Furniture Staging ,True,True,False,False,False
295,hun,Hunter Fan Company,True,False,False,False,False
296,wr,Wind River,False,False,False,False,False
299,bgu,Billion Gallery,True,True,True,True,True
301,ghm,Go Home,False,False,False,False,False
302,mer,111Mercer,False,False,False,False,False
303,ksa,Kurt S. Adler,True,False,False,False,False
304,adho,ADRIANA HOYOS,False,False,False,False,False
