org_shortname,mp_item_email_drafted_90d,mp_document_email_drafted_90d,mp_view_portal_90d
clm,32,34,307
sc,12,582,481
gh,82,675,2215
sccon,19,57,191
cci,84,91,88
tl,5,0,3
ta,94,126,821
fms,75,83,42
pf,305,127,0
fal,46,105,0
sbmh,588,89,290
jyc,20,25,117
hvl,11,0,8
cfg,33,82,0
am,55,33,0
vcg,69,52,48
mpc,47,0,0
gsa,60,0,5
bpstaging,1,0,0
mah,2,0,0
demo1,0,0,1
mli,83,85,0
clli,52,66,367
lss,133,0,0
hf,48,0,12
shl,35,45,152
bmc,96,35,492
fsf,13,83,764
clc,75,39,468
ah,104,288,0
tam,88,12,0
jcusa,30,2,34
bp,4,4,0
sbl,3,16,0
yw,4,54,0
kii,66,0,8
tla,45,7,0
etl,14,1,0
tel,0,5,3
mlg,31,61,0
bsc,6,0,22
leg,0,1,5
wag,21,19,0
ssi,11,0,0
jc,7,2,10
gcl,0,6,1
kkc,3,0,0
fc,62,33,1074
el,14,72,622
hfg,26,79,735
scw,54,707,1687
lpf,178,26,585
ufi,689,133,226
eglo_can,2,1,0
eli,79,166,0
bcf,77,118,1785
kal,22,47,218
big,35,55,0
mhc,98,11,450
mh,152,132,0
dccl,144,2,0
cf,14,0,0
wac,5,9,0
bri,18,28,120
gc,57,198,0
vic,11,5,7
kll,18,12,0
ihm,3,1,0
vce,3,41,0
swc,26,4,2
ali,60,26,12
abol,25,0,0
soi,1,0,0
gl,3,16,0
kl,6,0,1
asi,5,0,0
ihw,19,18,710
wwjc,144,106,1857
sarreid,217,112,1737
ap,10,1,0
vl,16,39,86
arl,5,10,0
rf,7,240,0
ih,38,7,1030
gg,563,0,0
da,61,16,0
all,4,29,0
rw,42,62,151
ol,1,0,44
rac,68,0,0
demo2,6,25,25
mlc,2,13,0
df,10,0,0
heb,25,0,0
mfc,25,0,0
ml,23,36,0
ril,0,16,0
et2,0,2,0
sca,6,0,2
eglo,3,1,0
dals,6,0,0
luc,2,0,0
cl,0,0,1
