,,,,,,,,,,,,,,,,,,,,,,,,,,,,,,,,,,,,,,,,,,,,,,,
,company,parent_entity,billing_entity,paying_entity,ord_id,cohort_year,deal_type,current_mrr,current_platform_mrr,current_user_mrr,current_user_rate,current_provided_users,trailing_avg_users,active_users,current_stack,current_sites,discount_drivers,angies_notes,assigned_tier,tier_base,included_users,modeled_users,excess_users,user_charge,brands,additional_brand_charge,addon_charge,new_total_mrr,assumptions,delta_mrr,delta_pct,risk_label,migration_driver,secondary_drivers,migration_status,migration_confidence,health_score,health_band,engagement_score,adoption_score,value_delivery_score,operational_health_score,composite_narrative,ghost_account,support_fire,support_fire_days_open,bundle_config_mismatch
,CopperSmith,CopperSmith,,,tcs,2026,Annual,3075,2295,780,0,50,,,T3 ‚Äî Commerce Enterprise (Annual,1,,,T3,2295,40,0,0,0,1,0,0,3075,Already on T3 pricing. No migration needed.,0,0,,already_migrated,,already_migrated,already_migrated,,Unscored,,,,,,FALSE,FALSE,,FALSE
,Dorell Fabrics,Dorell Fabrics,,,drf,2026,Monthly,749,749,0,25,0,,,T1 ‚Äî Catalog Essentials,1,,,T1,749,10,0,0,0,1,0,0,749,Already on T1 pricing. No migration needed.,0,0,,already_migrated,,already_migrated,already_migrated,,Unscored,,,,,,FALSE,FALSE,,FALSE
,Hudson Valley Lighting,HVLG,,,hvl,2016,Monthly,410,350,60,15,40,36,48,iPad,1,Platform discount: $350 vs $725 legacy book (52% off); User rate: $15/user vs $25 book; Expanded user allotment: 40 included (vs 25 standard),"The following reflects a special volume-based discount arrangement applied across two groups (Troy and Hudson Valley):
  
  eCat (iPad) Base License
  Discounted base fee of $350 per month (standard book rate: $725 per month).
  
  Additional Users
  Discounted rate of $15 per user per month (standard book rate: $25 per user per month).
  Approximate monthly impact of user discount: ~$40 per month (based on current user count).
  
  Commercial Structure
  Pricing reflects a roll-up / child account volume",T1,749,10,36,26,600,1,0,0,1349,Current user rate $15/user ‚Üí new graduated ($25/$22/$20/$18).,939,229,6-Significant (>30%),platform_discount_correction,"user_rate_normalization, included_user_reduction",migration_pending,high_touch,42.5,Watch,56.7,75,0,66.7,"The platform isn't generating any measurable business outcomes for Hudson Valley Lighting ‚Äî no channel (orders, quotes, portal activity, or data flow) is currently producing results. Focus the next conversation on which channel was expected to convert activity into orders, and what is blocking it.",FALSE,FALSE,,FALSE
,Jonathan Charles Fine Furniture Ltd.,Jonathan Charles,,,jc,2018,Annual,1426.5,1426.5,0,20,25,8,10,iPad+Catalog+Portal+CPQ,1,Annual commitment discount: ~10%; User rate: $20/user vs $25 book,"Platform Fee ‚Äö√Ñ√¨ eCat (iPad) with CPQ (Annual Billing)
  Annual term: January 2026 ‚Äö√Ñ√¨ December 2026
  $795/month base fee (includes up to 25 active users).
  10% discount applied. It seems All older accounts with CPQ were charged $795 for Ecat with CPQ whereas newer signed deals in 2025 were signed at $725 for Ecat with an addition of CPQ at $195 
  
  Platform Fee ‚Äö√Ñ√¨ eCat Online Sales Portal (Unlimited Users ‚Äö√Ñ√¨ Annual Billing)
  Annual term: November 1, 2025 ‚Äö√Ñ√¨ November 30, 2026
  $395 per month (",T3,2295,40,8,0,0,1,0,0,2295,Current user rate $20/user ‚Üí new graduated ($25/$22/$20/$18). | Annual billing ‚Äî subject to renewal timing (D-004e).,868.5,60.9,6-Significant (>30%),annual_discount_retirement,user_rate_normalization,migration_pending,value_led,89.7,Thriving,60,100,100,98.4,Jonathan Charles Fine Furniture Ltd. is in Thriving territory (90) with a mixed profile ‚Äî adoption (100) is the strongest area and engagement (60) is the drag. Monitor closely ‚Äî an engagement dip in an otherwise Thriving account is an early warning worth tracking.,FALSE,FALSE,,FALSE
,Elegant Furniture & Lighting,Elegant Furniture & Lighting,,,eli,2013,Monthly,2195,1415,780,20,25,71,44,iPad+Catalog+Portal,1,User rate: $20/user vs $25 book,Only discount here is the additional Users at $20,T3,2295,40,71,31,700,1,0,0,2995,Current user rate $20/user ‚Üí new graduated ($25/$22/$20/$18).,800,36.4,6-Significant (>30%),user_rate_normalization,,migration_pending,careful,68.7,Healthy,81,57.1,60,80.3,"Elegant Furniture & Lighting's reps are logging in consistently (engagement 81), but they are using only a portion of the platform ‚Äî adoption (57) reflects a feature-coverage gap, not an activity problem. Run a targeted coaching session on the highest-ROI unused features to convert this activity int",FALSE,FALSE,,FALSE
,Craftmade,Litex Industries,,,clli,2019,Monthly,2075,1515,560,20,25,65,185,iPad+Catalog+Portal,1,User rate: $20/user vs $25 book,Only discount here is the additional Users at $20,T3,2295,40,65,25,580,1,0,0,2875,Current user rate $20/user ‚Üí new graduated ($25/$22/$20/$18).,800,38.6,6-Significant (>30%),user_rate_normalization,,migration_pending,value_led,88.5,Thriving,66,85.7,100,99.2,Craftmade is in Thriving territory (88) with a mixed profile ‚Äî value delivery (100) is the strongest area and engagement (66) is the drag. Monitor closely ‚Äî an engagement dip in an otherwise Thriving account is an early warning worth tracking.,FALSE,TRUE,8,FALSE
,Capital Lighting Fixture Co.,Capital Lighting Fixture Co.,,,clc,2012,Monthly,2155,1515,640,20,25,68,109,iPad+Catalog+Portal,1,User rate: $20/user vs $25 book,Only discount here is the additional Users at $20,T3,2295,40,68,28,640,1,0,0,2935,Current user rate $20/user ‚Üí new graduated ($25/$22/$20/$18).,780,36.2,6-Significant (>30%),user_rate_normalization,,migration_pending,value_led,83.8,Thriving,81,87.5,83.3,84.3,"Capital Lighting Fixture Co. is in Thriving territory (84), but the score sits just above the Healthy cutoff ‚Äî engagement (81) is the relative weakness while adoption (88) is doing the lifting. A focused check-in on engagement would solidify the Thriving position before any drift sets in.",FALSE,FALSE,,FALSE
,Troy Lighting,HVLG,,,tl,2021,Monthly,350,350,0,15,25,25,21,iPad,1,Platform discount: $350 vs $725 legacy book (52% off); User rate: $15/user vs $25 book,"The following reflects a special volume-based discount arrangement applied across two groups (Troy and Hudson Valley):
  
  eCat (iPad) Base License
  Discounted base fee of $350 per month (standard book rate: $725 per month).
  
  Additional Users
  Discounted rate of $15 per user per month (standard book rate: $25 per user per month).
  Approximate monthly impact of user discount: ~$40 per month (based on current user count).
  
  Commercial Structure
  Pricing reflects a roll-up / child account volume",T1,749,10,25,15,360,1,0,0,1109,Current user rate $15/user ‚Üí new graduated ($25/$22/$20/$18).,759,216.9,6-Significant (>30%),platform_discount_correction,"user_rate_normalization, included_user_reduction",migration_pending,high_touch,43.8,Watch,56.7,75,0,73.3,"The platform isn't generating any measurable business outcomes for Troy Lighting ‚Äî no channel (orders, quotes, portal activity, or data flow) is currently producing results. Focus the next conversation on which channel was expected to convert activity into orders, and what is blocking it.",FALSE,FALSE,,FALSE
,WAC/Modern Forms Lighting,WAC Group,,,wac,2023,Monthly,1750.5,652.5,1098,18,25,97,83,iPad,1,Multi-org discount: 10%; Platform discount: $652 vs $725 legacy book (10% off); User rate: $18/user vs $25 book,"All pricing reflects a 10% multi-organization discount, except additional iPad users which are discounted further.At the time of contract signing, the additional user rate was $20 per user.
  The 10% multi-organization discount was applied to that contracted rate, resulting in the current $18 per user pricing (rather than the current $25 book rate).",T1,749,10,97,87,1746,1,0,0,2495,Legacy 10% multi-org discount being retired. | Current user rate $18/user ‚Üí new graduated ($25/$22/$20/$18).,744.5,42.5,6-Significant (>30%),user_rate_normalization,"multi_org_retirement, included_user_reduction",migration_pending,value_led,93.7,Thriving,85,100,100,87.1,WAC/Modern Forms Lighting is performing well across the board ‚Äî every dimension is at 85 or higher and the overall score of 94 reflects consistent strength rather than one area carrying the others. No action needed; monitor at standard cadence.,FALSE,FALSE,,FALSE
,Eurofase Inc.,Eurofase Inc.,,,el,2020,Monthly,2475,1515,960,20,25,82,66,iPad+Catalog+Portal,1,User rate: $20/user vs $25 book,Only discount here is the additional Users at $20,T3,2295,40,82,42,920,1,0,0,3215,Current user rate $20/user ‚Üí new graduated ($25/$22/$20/$18).,740,29.9,5-Moderate (20-30%),user_rate_normalization,,migration_pending,confident,88.2,Thriving,74.3,100,100,73.3,"Eurofase Inc. is performing well overall (88) ‚Äî operational health (73) is the relative drag, but every dimension is in acceptable shape. Monitor at standard cadence.",FALSE,FALSE,,FALSE
,Corbett Lighting,HVLG,,,cl,2023,Monthly,350,350,0,0,0,24,16,iPad,1,Platform discount: $350 vs $725 legacy book (52% off),,T1,749,10,24,14,338,1,0,0,1087,Mechanical tier assignment. No interpretive adjustments.,737,210.6,6-Significant (>30%),platform_discount_correction,,migration_pending,high_touch,40,Watch,,,,,,FALSE,FALSE,,FALSE
,Ricci Argentieri Company,Godinger Group,,Godinger,rac,2011,Monthly,375,375,0,20,25,25,20,iPad,1,Platform discount: $375 vs $725 legacy book (48% off); User rate: $20/user vs $25 book,"The following reflects a special legacy volume-based discount arrangement across five organizations:
  Studio Silversmiths, Ricci Argentari, Philip Whitney, GoDinger (roll-up structure).
  
  eCat (iPad) Base License
  Discounted base fee of $375 per month (standard book rate: $725 per month).
  
  Additional Users
  Discounted rate of $20 per user per month (standard book rate: $25 per user per month).
  Approximate monthly impact of user discount: ~$5 per user per month.
  
  Commercial Structure
  
  Ear",T1,749,10,25,15,360,1,0,0,1109,Current user rate $20/user ‚Üí new graduated ($25/$22/$20/$18).,734,195.7,6-Significant (>30%),platform_discount_correction,"user_rate_normalization, included_user_reduction",migration_pending,value_led,93.2,Thriving,76.7,100,100,95.2,"Ricci Argentieri Company is performing well overall (93) ‚Äî engagement (77) is the relative drag, but every dimension is in acceptable shape. Monitor at standard cadence.",FALSE,FALSE,,FALSE
,Arabela Lighting,Arabela Lighting,,,arl,2025,Annual,652.5,652.5,0,25,25,37,19,iPad,1,Annual commitment discount: ~10%,"This is reading their pricing incorrect its actually $725, but they signed annual and recieved a discount",T1,749,10,37,27,620,1,0,0,1369,Annual billing ‚Äî subject to renewal timing (D-004e).,716.5,109.8,6-Significant (>30%),included_user_reduction,annual_discount_retirement,migration_pending,careful,65.3,Healthy,82.3,40,66.7,66.7,"Arabela Lighting's reps are logging in consistently (engagement 82), but they are using only a portion of the platform ‚Äî adoption (40) reflects a feature-coverage gap, not an activity problem. Run a targeted coaching session on the highest-ROI unused features to convert this activity into stronger o",FALSE,FALSE,,FALSE
,Kuzco Lighting Inc.,Kuzco Lighting Inc.,,,kll,2022,Monthly,2550,1810,740,20,25,64,48,iPad+Catalog+Cart+Portal,1,,"Platform Fee ‚Äö√Ñ√¨ eCat (iPad)
  $725 per month, additional users at $25
  
  Platform Fee ‚Äö√Ñ√¨ eCat Online Service
  $295 per month (unlimited users).
  
  Platform Fee ‚Äö√Ñ√¨ eCat Online B2B Cart
  $295 per month (unlimited users).
  
  Platform Fee ‚Äö√Ñ√¨ eCat Online Closed Site
  $100 per month (unlimited users).",T3,2295,40,64,24,558,1,0,0,2853,Current user rate $20/user ‚Üí new graduated ($25/$22/$20/$18).,303,11.9,4-Modest (10-20%),platform_discount_correction,user_rate_normalization,migration_pending,value_led,86.7,Thriving,81,87.5,83.3,98.8,"Kuzco Lighting Inc. is performing well overall (87) ‚Äî engagement (81) is the relative drag, but every dimension is in acceptable shape. Monitor at standard cadence.",FALSE,FALSE,,FALSE
,Schonbek Lighting,WAC Group,,,sbl,2023,Monthly,1408.5,652.5,756,18,25,74,66,iPad,1,Multi-org discount: 10%; Platform discount: $652 vs $725 legacy book (10% off); User rate: $18/user vs $25 book,"All pricing reflects a 10% multi-organization discount, except additional iPad users which are discounted further.At the time of contract signing, the additional user rate was $20 per user.
  The 10% multi-organization discount was applied to that contracted rate, resulting in the current $18 per user pricing (rather than the current $25 book rate).",T1,749,10,74,64,1332,1,0,0,2081,Legacy 10% multi-org discount being retired. | Current user rate $18/user ‚Üí new graduated ($25/$22/$20/$18).,672.5,47.7,6-Significant (>30%),user_rate_normalization,"multi_org_retirement, included_user_reduction",migration_pending,value_led,88.3,Thriving,81,100,100,65.1,Schonbek Lighting is in Thriving territory (88) with a mixed profile ‚Äî adoption (100) is the strongest area and operational health (65) is the drag. Address the data infrastructure when the next review cycle allows ‚Äî the rest of the picture is strong enough to support it.,FALSE,FALSE,,FALSE
,"Sarreid, Ltd.","Sarreid, Ltd.",,,sarreid,2014,Monthly,1978,1370,608,16,25,54,55,iPad+Catalog+Portal,1,User rate: $16/user vs $25 book,Base fee is discounted to $580 and users to 16 dollars,T3,2295,40,54,14,338,1,0,0,2633,Current user rate $16/user ‚Üí new graduated ($25/$22/$20/$18).,655,33.1,6-Significant (>30%),user_rate_normalization,,migration_pending,value_led,95.8,Thriving,85,100,100,97.7,"Sarreid, Ltd. is performing well across the board ‚Äî every dimension is at 85 or higher and the overall score of 96 reflects consistent strength rather than one area carrying the others. No action needed; monitor at standard cadence.",FALSE,FALSE,,FALSE
,Geo Contemporary,Geo Contemporary,,,gcl,2024,Monthly,795,795,0,25,25,20,20,iPad+CPQ,1,Platform discount: $795 vs $920 legacy book (14% off),"Platform Fee ‚Äö√Ñ√¨ eCat (iPad) Service with CPQ
  Base service fee is $795 for the eCat iPad app including Product Configuration & Pricing (CPQ) functionality.",T2,1295,15,20,5,125,1,0,0,1420,Mechanical tier assignment. No interpretive adjustments.,625,78.6,6-Significant (>30%),platform_discount_correction,included_user_reduction,migration_pending,careful,76.6,Healthy,71.7,50,100,68.3,"Geo Contemporary's reps are logging in consistently (engagement 72), but they are using only a portion of the platform ‚Äî adoption (50) reflects a feature-coverage gap, not an activity problem. Run a targeted coaching session on the highest-ROI unused features to convert this activity into stronger o",FALSE,FALSE,,FALSE
,Wendover Art Group,Wendover Art Group,,,wag,2025,Monthly,1450,725,725,25,25,50,48,iPad+CC,1,Platform discount: $725 vs $920 legacy book (21% off),,T2,1295,15,50,35,780,1,0,0,2075,Mechanical tier assignment. No interpretive adjustments.,625,43.1,6-Significant (>30%),platform_discount_correction,included_user_reduction,migration_pending,value_led,89,Thriving,84.3,100,100,64.6,Wendover Art Group is in Thriving territory (89) with a mixed profile ‚Äî adoption (100) is the strongest area and operational health (65) is the drag. Address the data infrastructure when the next review cycle allows ‚Äî the rest of the picture is strong enough to support it.,FALSE,FALSE,,FALSE
,Crystorama,Crystorama,,,clm,2013,Monthly,2540,2540,0,25,100,79,54,iPad+Catalog+Portal,1,Expanded user allotment: 100 included (vs 25 standard),"Platform Fee for Ecat is essentially $17.50 per user 0-100, and 147.50 per user for any additional users of 100 in blocks of 10 . Platform Fee for Catalog i.e Sales portal is not discounted and at the correct rate of $395 per month Platform Fee for Cart is not discounted at a rate of $295 per month and Platform Fee for Closed site not discounted at a rate of $100 per month",T3,2295,40,79,39,860,1,0,0,3155,Mechanical tier assignment. No interpretive adjustments.,615,24.2,5-Moderate (20-30%),included_user_reduction,,migration_pending,confident,86.7,Thriving,66,100,100,75.8,Crystorama is in Thriving territory (87) with a mixed profile ‚Äî adoption (100) is the strongest area and engagement (66) is the drag. Monitor closely ‚Äî an engagement dip in an otherwise Thriving account is an early warning worth tracking.,FALSE,FALSE,,FALSE
,Interlude Furniture,Interlude Home,,,ihw,2025,Monthly,1725,1585,140,20,25,29,29,iPad+Catalog+Portal+CPQ,1,User rate: $20/user vs $25 book,"Platform Fee ‚Äö√Ñ√¨ eCat (iPad) Service
  $725/month base fee (includes up to 25 active users; currently 15 users).
  
  Platform Fee ‚Äö√Ñ√¨ Product Configuration & Pricing (CPQ Features)
  $195 per month for CPQ features and support.",T3,2295,40,29,0,0,1,0,0,2295,Current user rate $20/user ‚Üí new graduated ($25/$22/$20/$18).,570,33,6-Significant (>30%),tier_base_increase,user_rate_normalization,migration_pending,value_led,94.1,Thriving,90.7,100,100,82.1,Interlude Furniture is performing well across the board ‚Äî every dimension is at 82 or higher and the overall score of 94 reflects consistent strength rather than one area carrying the others. No action needed; monitor at standard cadence.,FALSE,FALSE,,FALSE
,Theodore Alexander Manhasset,Creative Home Furniture,,,tam,2016,Monthly,920,920,0,25,25,12,14,iPad+CC,1,Platform discount: $725 vs $1115 legacy book (35% off),"Platform Fee for Ecat is $725 , plus the addition of CC which was charged at $195 annually, they DO NOT have CPQ switched, this should have been charged at an additional $195 if it was switched on",T2,1295,15,12,0,0,1,0,0,1295,Mechanical tier assignment. No interpretive adjustments.,375,40.8,6-Significant (>30%),platform_discount_correction,,migration_pending,value_led,87.2,Thriving,81,60,100,100,Theodore Alexander Manhasset is in Thriving territory (87) with a mixed profile ‚Äî value delivery (100) is the strongest area and adoption (60) is the drag. A feature coaching session targeting the unused capabilities is the highest-leverage next step.,FALSE,FALSE,,FALSE
,Summer Classics Retail,Gabriella White,Summer Classics,,scw,2014,Monthly,1930,1426,504,18,25,48,121,iPad+Catalog+Cart+Portal+CPQ,1,Multi-org discount: 10%; Platform discount: $1426 vs $1905 legacy book (25% off); User rate: $18/user vs $25 book,"Platform Fee ‚Äö√Ñ√¨ eCat (iPad) 
  $652.50 base fee (standard $725 less 10%).
  
  Additional users are billed at $18 per user, which reflects a further discount beyond the standard $25 book rate (greater than the 10% program discount).
  
  Platform Fee ‚Äö√Ñ√¨ eCat Online Service
  $265.50 per month (standard $295 less 10%).
  
  Platform Fee ‚Äö√Ñ√¨ eCat Online Sales Portal
  $355.50 per month (standard $395 less 10%).
  
  Platform Fee ‚Äö√Ñ√¨ eCat Online B2B Cart
  $265.50 per month (standard $295 less 10%).
  
  Platf",T3,2295,40,48,8,200,1,0,0,2495,Legacy 10% multi-org discount being retired. | Current user rate $18/user ‚Üí new graduated ($25/$22/$20/$18).,565,29.3,5-Moderate (20-30%),platform_discount_correction,"multi_org_retirement, user_rate_normalization",migration_pending,confident,93.5,Thriving,85,100,100,86.3,Summer Classics is performing well across the board ‚Äî every dimension is at 85 or higher and the overall score of 94 reflects consistent strength rather than one area carrying the others. No action needed; monitor at standard cadence.,FALSE,FALSE,,FALSE
,Accord Lighting,Accord Lighting,,,all,2023,Monthly,965,725,240,20,25,45,40,iPad,1,User rate: $20/user vs $25 book,Only discount here is the additional Users at $20,T1,749,10,45,35,780,1,0,0,1529,Current user rate $20/user ‚Üí new graduated ($25/$22/$20/$18).,564,58.4,6-Significant (>30%),user_rate_normalization,included_user_reduction,migration_pending,careful,60.4,Healthy,76.7,75,50,43.7,Accord Lighting is in Healthy territory (60) with a mixed profile ‚Äî engagement (77) is the strongest area and operational health (44) is the drag. Addressing catalog and import health in the next review cycle is the cleanest path back toward Thriving.,FALSE,FALSE,,FALSE
,Coleto Brands | Kichler,Coleto Brands,,,kl,2022,Monthly,725,725,0,20,25,33,31,iPad,1,User rate: $20/user vs $25 book,Only discount here is the additional Users at $20,T1,749,10,33,23,536,1,0,0,1285,Current user rate $20/user ‚Üí new graduated ($25/$22/$20/$18).,560,77.2,6-Significant (>30%),user_rate_normalization,included_user_reduction,migration_pending,high_touch,47.1,Watch,55,100,0,66.7,"The platform isn't generating any measurable business outcomes for Coleto Brands | Kichler ‚Äî no channel (orders, quotes, portal activity, or data flow) is currently producing results. Focus the next conversation on which channel was expected to convert activity into orders, and what is blocking it.",FALSE,FALSE,,FALSE
,Savoy House Lighting,Savoy House Lighting,Progressive Lighting,,shl,2012,Monthly,2175,1515,660,20,25,57,44,iPad+Catalog+Portal+CC,1,User rate: $20/user vs $25 book,Only discount here is the additional Users at $20,T3,2295,40,57,17,404,1,0,0,2699,Current user rate $20/user ‚Üí new graduated ($25/$22/$20/$18).,524,24.1,5-Moderate (20-30%),user_rate_normalization,,migration_pending,confident,83.2,Thriving,81,100,83.3,69,Savoy House Lighting is in Thriving territory (83) with a mixed profile ‚Äî adoption (100) is the strongest area and operational health (69) is the drag. Address the data infrastructure when the next review cycle allows ‚Äî the rest of the picture is strong enough to support it.,FALSE,TRUE,39,FALSE
,Matteo Lighting,Matteo Lighting,,,mlc,2023,Monthly,950,725,225,25,25,42,33,iPad,1,None ‚Äî at or above book pricing,,T1,749,10,42,32,720,1,0,0,1469,Mechanical tier assignment. No interpretive adjustments.,519,54.6,6-Significant (>30%),included_user_reduction,,migration_pending,value_led,86.1,Thriving,78.3,80,100,77.8,"Matteo Lighting is performing well overall (86) ‚Äî operational health (78) is the relative drag, but every dimension is in acceptable shape. Monitor at standard cadence.",FALSE,FALSE,,FALSE
,Summer Classics Contract,Gabriella White,Summer Classics,,sccon,2014,Monthly,1781,1691,90,18,25,28,30,iPad+Catalog+Cart+Portal,1,Multi-org discount: 10%; User rate: $18/user vs $25 book,"All pricing reflects a 10% multi-organization discount, except additional iPad users which are discounted further.At the time of contract signing, the additional user rate was $20 per user.
  The 10% multi-organization discount was applied to that contracted rate, resulting in the current $18 per user pricing (rather than the current $25 book rate).",T3,2295,40,28,0,0,1,0,0,2295,Legacy 10% multi-org discount being retired. | Current user rate $18/user ‚Üí new graduated ($25/$22/$20/$18).,514,28.9,5-Moderate (20-30%),tier_base_increase,"multi_org_retirement, user_rate_normalization",migration_pending,confident,94,Thriving,86.7,100,100,86.5,Summer Classics Contract is performing well across the board ‚Äî every dimension is at 86 or higher and the overall score of 94 reflects consistent strength rather than one area carrying the others. No action needed; monitor at standard cadence.,FALSE,FALSE,,FALSE
,Access Lighting,Access Lighting,,,ali,2018,Monthly,1795,1515,280,20,25,40,42,iPad+Catalog+Portal,1,User rate: $20/user vs $25 book,Only discount here is the additional Users at $20,T3,2295,40,40,0,0,1,0,0,2295,Current user rate $20/user ‚Üí new graduated ($25/$22/$20/$18).,500,27.9,5-Moderate (20-30%),tier_base_increase,user_rate_normalization,migration_pending,standard,78.3,Healthy,61.7,85.7,80,88.9,Access Lighting is in Healthy territory (78) with a mixed profile ‚Äî operational health (89) is the strongest area and engagement (62) is the drag. Monitor engagement closely; a continued downward trend would push this into Watch territory.,FALSE,FALSE,,FALSE
,Kindel Karges Furniture,Holladay Design Group,,Baker McGuire for additional seats only,kkc,2016,Monthly,795,795,0,20,25,14,18,iPad+CPQ,1,Platform discount: $795 vs $920 legacy book (14% off); User rate: $20/user vs $25 book,"Platform Fee ‚Äö√Ñ√¨ eCat (iPad) Service
  $725/month base fee (includes up to 25 active users; currently 15 users).
  
  Platform Fee ‚Äö√Ñ√¨ Product Configuration & Pricing (CPQ Features)
  $195 per month for CPQ features and support.",T2,1295,15,14,0,0,1,0,0,1295,Current user rate $20/user ‚Üí new graduated ($25/$22/$20/$18).,500,62.9,6-Significant (>30%),platform_discount_correction,user_rate_normalization,migration_pending,careful,62.1,Healthy,65,75,50,66.7,Kindel Karges Furniture is in Healthy territory (62) with a mixed profile ‚Äî adoption (75) is the strongest area and value delivery (50) is the drag. Focus the next conversation on converting activity into outcomes; portal activation or an order-workflow review is the starting point.,FALSE,FALSE,,FALSE
,Jonathan Charles Designs Inc.,Jonathan Charles,,,jcusa,2018,Monthly,795,795,0,20,25,15,225,iPad+CPQ,1,Platform discount: $795 vs $920 legacy book (14% off); User rate: $20/user vs $25 book,"This is reading the pricing incorrectly, only discounted rate is the additional users",T2,1295,15,15,0,0,1,0,0,1295,Current user rate $20/user ‚Üí new graduated ($25/$22/$20/$18).,500,62.9,6-Significant (>30%),platform_discount_correction,user_rate_normalization,migration_pending,value_led,86.6,Thriving,58.3,87.5,100,97.7,Jonathan Charles Designs Inc. is in Thriving territory (87) with a mixed profile ‚Äî value delivery (100) is the strongest area and engagement (58) is the drag. Monitor closely ‚Äî an engagement dip in an otherwise Thriving account is an early warning worth tracking.,FALSE,FALSE,,TRUE
,Vaxcel International Corporation,Vaxcel International Corporation,,,vic,2022,Monthly,1810,1810,0,20,25,19,39,iPad+Catalog+Cart+Portal,1,User rate: $20/user vs $25 book,Only discount here is the additional Users at $20,T3,2295,40,19,0,0,1,0,0,2295,Current user rate $20/user ‚Üí new graduated ($25/$22/$20/$18).,485,26.8,5-Moderate (20-30%),tier_base_increase,user_rate_normalization,migration_pending,standard,78.9,Healthy,56.7,87.5,83.3,90.5,Vaxcel International Corporation is in Healthy territory (79) with a mixed profile ‚Äî operational health (90) is the strongest area and engagement (57) is the drag. Monitor engagement closely; a continued downward trend would push this into Watch territory.,FALSE,FALSE,,FALSE
,"Studio Silversmiths, Inc.",Godinger Group,,Godinger,ssi,2011,Monthly,375,375,0,20,25,14,9,iPad,1,Platform discount: $375 vs $725 legacy book (48% off); User rate: $20/user vs $25 book,"The following reflects a special legacy volume-based discount arrangement across five organizations:
  Studio Silversmiths, Ricci Argentari, Philip Whitney, GoDinger (roll-up structure).
  
  eCat (iPad) Base License
  Discounted base fee of $375 per month (standard book rate: $725 per month).
  
  Additional Users
  Discounted rate of $20 per user per month (standard book rate: $25 per user per month).
  Approximate monthly impact of user discount: ~$5 per user per month.
  
  Commercial Structure
  
  Ear",T1,749,10,14,4,100,1,0,0,849,Current user rate $20/user ‚Üí new graduated ($25/$22/$20/$18).,474,126.4,6-Significant (>30%),platform_discount_correction,"user_rate_normalization, included_user_reduction",migration_pending,careful,62.6,Healthy,58.3,100,33.3,82,"Studio Silversmiths, Inc. is in Healthy territory (63) with a mixed profile ‚Äî adoption (100) is the strongest area and value delivery (33) is the drag. Focus the next conversation on converting activity into outcomes; portal activation or an order-workflow review is the starting point.",FALSE,FALSE,,FALSE
,Visual Comfort - Studio /Fans,Visual Comfort & Co.,Visual Comfort Group (Generation Brands),,fms,2019,Monthly,1855.5,847.5,1008,18,25,87,,iPad+Flipbook,1,Multi-org discount: 10%; User rate: $18/user vs $25 book,"All pricing reflects a 10% multi-organization discount, except additional iPad users which are discounted further.At the time of contract signing, the additional user rate was $20 per user.
  The 10% multi-organization discount was applied to that contracted rate, resulting in the current $18 per user pricing (rather than the current $25 book rate).",T1,749,10,87,77,1566,1,0,0,2315,Legacy 10% multi-org discount being retired. | Current user rate $18/user ‚Üí new graduated ($25/$22/$20/$18).,459.5,24.8,5-Moderate (20-30%),user_rate_normalization,"multi_org_retirement, included_user_reduction",migration_pending,confident,87.3,Thriving,78.3,100,100,63.6,Visual Comfort - Studio /Fans is in Thriving territory (87) with a mixed profile ‚Äî adoption (100) is the strongest area and operational health (64) is the drag. Address the data infrastructure when the next review cycle allows ‚Äî the rest of the picture is strong enough to support it.,FALSE,FALSE,,FALSE
,Dainolite Ltd.,Dainolite Ltd.,,,da,2013,Monthly,745,725,20,20,25,29,23,iPad,1,User rate: $20/user vs $25 book,Only discount here is the additional Users at $20,T1,749,10,29,19,448,1,0,0,1197,Current user rate $20/user ‚Üí new graduated ($25/$22/$20/$18).,452,60.7,6-Significant (>30%),user_rate_normalization,included_user_reduction,migration_pending,value_led,90.5,Thriving,81,100,100,76.2,"Dainolite Ltd. is performing well overall (90) ‚Äî operational health (76) is the relative drag, but every dimension is in acceptable shape. Monitor at standard cadence.",FALSE,FALSE,,FALSE
,Eglo USA Inc.,Thesis,,,eglo,2022,Monthly,865,725,140,20,25,34,29,iPad,1,User rate: $20/user vs $25 book,Only discount here is the additional Users at $20,T1,749,10,34,24,558,1,0,0,1307,Current user rate $20/user ‚Üí new graduated ($25/$22/$20/$18).,442,51.1,6-Significant (>30%),user_rate_normalization,included_user_reduction,migration_pending,value_led,87,Thriving,66.7,100,100,76.8,Eglo USA Inc. is in Thriving territory (87) with a mixed profile ‚Äî adoption (100) is the strongest area and engagement (67) is the drag. Monitor closely ‚Äî an engagement dip in an otherwise Thriving account is an early warning worth tracking.,FALSE,FALSE,,FALSE
,Summer Classics ( Wholesale),Gabriella White,Summer Classics,,sc,2013,Monthly,3347,1691,1656,18,25,113,112,iPad+Catalog+Cart+Portal,1,Multi-org discount: 10%; User rate: $18/user vs $25 book,"All pricing reflects a 10% multi-organization discount, except additional iPad users which are discounted further.At the time of contract signing, the additional user rate was $20 per user.
  The 10% multi-organization discount was applied to that contracted rate, resulting in the current $18 per user pricing (rather than the current $25 book rate).",T3,2295,40,113,73,1494,1,0,0,3789,Legacy 10% multi-org discount being retired. | Current user rate $18/user ‚Üí new graduated ($25/$22/$20/$18).,442,13.2,4-Modest (10-20%),user_rate_normalization,multi_org_retirement,migration_pending,confident,94.8,Thriving,90.7,100,100,85.7,Gabriella White is performing well across the board ‚Äî every dimension is at 86 or higher and the overall score of 95 reflects consistent strength rather than one area carrying the others. No action needed; monitor at standard cadence.,FALSE,TRUE,14,FALSE
,Hubbardton Forge,Hubbardton Forge,,,hfg,2022,Monthly,3045,1585,1460,20,25,95,93,iPad+Catalog+Portal+CPQ,1,User rate: $20/user vs $25 book,Only discount here is the additional Users at $20,T3,2295,40,95,55,1170,1,0,0,3465,Current user rate $20/user ‚Üí new graduated ($25/$22/$20/$18).,420,13.8,4-Modest (10-20%),user_rate_normalization,,migration_pending,confident,91.7,Thriving,78.3,100,100,85.7,"Hubbardton Forge is performing well overall (92) ‚Äî engagement (78) is the relative drag, but every dimension is in acceptable shape. Monitor at standard cadence.",FALSE,FALSE,,FALSE
,Four Seasons Furniture,Four Seasons Furniture,,,fsf,2023,Monthly,1880,1880,0,25,25,22,74,iPad+Catalog+Cart+Portal+CPQ,1,None ‚Äî at or above book pricing,Only discount here is the additional Users at $20,T3,2295,40,22,0,0,1,0,0,2295,Mechanical tier assignment. No interpretive adjustments.,415,22.1,5-Moderate (20-30%),tier_base_increase,,migration_pending,confident,96.3,Thriving,86.7,100,100,98,Four Seasons Furniture is performing well across the board ‚Äî every dimension is at 87 or higher and the overall score of 96 reflects consistent strength rather than one area carrying the others. No action needed; monitor at standard cadence.,FALSE,FALSE,,FALSE
,Alfonso Marina,Alfonso Marina,,,am,2024,Monthly,920,920,0,25,25,16,15,iPad+CPQ,1,None ‚Äî at or above book pricing,"Platform Fee ‚Äö√Ñ√¨ eCat (iPad) Service
  $725/month base fee (includes up to 25 active users; currently 15 users).
  
  Platform Fee ‚Äö√Ñ√¨ Product Configuration & Pricing (CPQ Features)
  $195 per month for CPQ features and support.",T2,1295,15,16,1,25,1,0,0,1320,Mechanical tier assignment. No interpretive adjustments.,400,43.5,6-Significant (>30%),included_user_reduction,,migration_pending,value_led,88,Thriving,77.3,75,100,93.3,"Alfonso Marina is performing well overall (88) ‚Äî adoption (75) is the relative drag, but every dimension is in acceptable shape. Monitor at standard cadence.",FALSE,FALSE,,FALSE
,Philip Whitney,Godinger Group,,Godinger,pw,2012,Monthly,375,375,0,22.5,25,11,9,iPad,1,Platform discount: $375 vs $725 legacy book (48% off); User rate: $22/user vs $25 book,"The following reflects a special legacy volume-based discount arrangement across five organizations:
  Studio Silversmiths, Ricci Argentari, Philip Whitney, GoDinger (roll-up structure).
  
  eCat (iPad) Base License
  Discounted base fee of $375 per month (standard book rate: $725 per month).
  
  Additional Users
  Discounted rate of $20 per user per month (standard book rate: $25 per user per month).
  Approximate monthly impact of user discount: ~$5 per user per month.
  
  Commercial Structure
  
  Ear",T1,749,10,11,1,25,1,0,0,774,Current user rate $22/user ‚Üí new graduated ($25/$22/$20/$18).,399,106.4,6-Significant (>30%),platform_discount_correction,"user_rate_normalization, included_user_reduction",migration_pending,high_touch,57.6,Watch,58.3,75,33.3,82.1,"Philip Whitney is in Watch (58) with a mixed performance profile ‚Äî no single dimension dominates, but value delivery (33) is the largest gap. Focus the next conversation on what is blocking orders or portal adoption ‚Äî converting activity into outcomes is the priority.",FALSE,FALSE,,FALSE
,Interlude Home,Interlude Home,,,ih,2021,Monthly,1900,1740,160,20,25,30,28,iPad+Catalog+Portal+CPQ+CC,1,User rate: $20/user vs $25 book,"Platform Fee ‚Äö√Ñ√¨ eCat Online Service
  $295 per month (unlimited users).
  
  Platform Fee ‚Äö√Ñ√¨ eCat (iPad) Service with CPQ ‚Äö√Ñ√¨ 
  $795 per month base fee
  
  
  Platform Fee ‚Äö√Ñ√¨ eCat Online Sales Portal
  $395 per month (unlimited users).
  
  Platform Fee ‚Äö√Ñ√¨ eCat Online Closed Site
  $100 per month (unlimited users).",T3,2295,40,30,0,0,1,0,0,2295,Current user rate $20/user ‚Üí new graduated ($25/$22/$20/$18).,395,20.8,5-Moderate (20-30%),tier_base_increase,user_rate_normalization,migration_pending,confident,97.5,Thriving,90.7,100,100,99.3,Interlude Home is performing well across the board ‚Äî every dimension is at 91 or higher and the overall score of 98 reflects consistent strength rather than one area carrying the others. No action needed; monitor at standard cadence.,FALSE,FALSE,,FALSE
,Abaline Supply Inc.,Abaline,,,asi,2011,Monthly,2201,1741,460,18,25,52,23,iPad+Catalog+Cart+Portal,1,Multi-org discount: 10%; User rate: $18/user vs $25 book,"All pricing reflects a 10% multi-company discount
  
  Platform Fee ‚Äö√Ñ√¨ eCat (iPad)
  $652.50 per month 
  Standard rate: $725 per month.
  
  Platform Fee ‚Äö√Ñ√¨ eCat Online B2B Cart
  $265.50 per month (unlimited users).
  Standard rate: $295 per month.
  
  Platform Fee ‚Äö√Ñ√¨ eCat Online Public Catalog
  $265.50 per month (unlimited users).
  Standard rate: $295 per month.
  
  Platform Fee ‚Äö√Ñ√¨ eCat Online Closed Site
  $90.00 per month (unlimited users).
  Standard rate: $100 per month.",T3,2295,40,52,12,294,1,0,0,2589,Legacy 10% multi-org discount being retired. | Current user rate $18/user ‚Üí new graduated ($25/$22/$20/$18).,388,17.6,4-Modest (10-20%),multi_org_retirement,user_rate_normalization,migration_pending,standard,78.4,Healthy,66,85.7,80,83.9,Abaline Supply Inc. is in Healthy territory (78) with a mixed profile ‚Äî adoption (86) is the strongest area and engagement (66) is the drag. Monitor engagement closely; a continued downward trend would push this into Watch territory.,FALSE,FALSE,,FALSE
,Visual Comfort - Modern,Visual Comfort & Co.,Visual Comfort Group (Generation Brands),,tla,2019,Monthly,1621.5,847.5,774,18,25,69,62,iPad+Flipbook,1,Multi-org discount: 10%; User rate: $18/user vs $25 book,"All pricing reflects a 10% multi-organization discount, except additional iPad users which are discounted further.At the time of contract signing, the additional user rate was $20 per user.
  The 10% multi-organization discount was applied to that contracted rate, resulting in the current $18 per user pricing (rather than the current $25 book rate).",T1,749,10,69,59,1242,1,0,0,1991,Legacy 10% multi-org discount being retired. | Current user rate $18/user ‚Üí new graduated ($25/$22/$20/$18).,369.5,22.8,5-Moderate (20-30%),user_rate_normalization,"multi_org_retirement, included_user_reduction",migration_pending,confident,84.9,Thriving,74.3,100,100,56.7,Visual Comfort - Modern is in Thriving territory (85) with a mixed profile ‚Äî adoption (100) is the strongest area and operational health (57) is the drag. Address the data infrastructure when the next review cycle allows ‚Äî the rest of the picture is strong enough to support it.,FALSE,FALSE,,FALSE
,Coleto Brands | Progress Lighting,Coleto Brands,,,prog,2025,Annual,2100,725,1375,20,80,25,31,iPad,1,User rate: $20/user vs $25 book,"Platform Fee of $2100 includes 80 users , I.e Platform price of $725 , pluse additional 55 users at $25 per user",T1,749,10,80,70,1440,1,0,0,2189,"Current $1,825-$2,100 bundles 80 users (platform $725 + addl at $20-$25). Modeled at 80 for equivalent-coverage comparison. | Current user rate $20/user ‚Üí new graduated ($25/$22/$20/$18). | Annual billing ‚Äî subject to renewal timing (D-004e).",89,4.2,3-Flat (0-10%),user_rate_normalization,included_user_reduction,migration_pending,standard,56.2,Watch,55,66.7,50,58.3,"Coleto Brands | Progress Lighting is in Watch (56) with a mixed performance profile ‚Äî no single dimension dominates, but value delivery (50) is the largest gap. Focus the next conversation on what is blocking orders or portal adoption ‚Äî converting activity into outcomes is the priority.",FALSE,FALSE,,FALSE
,Coaster,Coaster,,,cst,2025,Annual,1825,725,1100,20,80,,,iPad,1,User rate: $20/user vs $25 book; Expanded user allotment: 80 included (vs 25 standard),,T1,749,10,80,70,1440,1,0,0,2189,"Current $1,825 bundles 80 users (platform $725 + 55 addl at $20). Modeled at 80 for equivalent-coverage comparison. | Current user rate $20/user ‚Üí new graduated ($25/$22/$20/$18). | Annual billing ‚Äî subject to renewal timing (D-004e).",364,19.9,4-Modest (10-20%),user_rate_normalization,included_user_reduction,migration_pending,careful,,Unscored,,,,,,FALSE,FALSE,,FALSE
,Uniware Housewares Corp.,Uniware Housewares Corp.,,,uhc,2021,Monthly,725,725,0,20,25,24,19,iPad,1,User rate: $20/user vs $25 book,,T1,749,10,24,14,338,1,0,0,1087,Current user rate $20/user ‚Üí new graduated ($25/$22/$20/$18).,362,49.9,6-Significant (>30%),user_rate_normalization,included_user_reduction,migration_pending,value_led,82.5,Thriving,92.7,80,66.7,100,Uniware Housewares Corp. is in Thriving territory (82) with a mixed profile ‚Äî operational health (100) is the strongest area and value delivery (67) is the drag. Investigate why activity is not converting into outcomes ‚Äî an order pipeline review or portal activation check is the starting point.,FALSE,FALSE,,FALSE
,Golden Lighting,Golden Lighting,,,gl,2023,Monthly,1935,1810,125,25,25,32,71,iPad+Catalog+Cart+Portal,1,None ‚Äî at or above book pricing,Seems only cart discounted by $100,T3,2295,40,32,0,0,1,0,0,2295,Mechanical tier assignment. No interpretive adjustments.,360,18.6,4-Modest (10-20%),tier_base_increase,,migration_pending,confident,81,Thriving,71.7,75,83.3,94.7,"Golden Lighting is in Thriving territory (81), but the score sits just above the Healthy cutoff ‚Äî engagement (72) is the relative weakness while operational health (95) is doing the lifting. A focused check-in on engagement would solidify the Thriving position before any drift sets in.",FALSE,FALSE,,FALSE
,Yutzy Woodworking,Yutzy Woodworking,,,yw,2024,Monthly,495,495,0,18,25,14,14,iPad+Flipbook,1,CEO-negotiated 50% discount (Dec 2025),"50% Discount as agreed by Kjael in December 2025 . Yutzy only using Ecat for price lists
  catalogs
  basic product information
  simple references during quoting",T1,749,10,14,4,100,1,0,0,849,CEO-negotiated 50% discount (Dec 2025). New pricing overrides. | Current user rate $18/user ‚Üí new graduated ($25/$22/$20/$18).,354,71.5,6-Significant (>30%),special_arrangement,,migration_pending,value_led,84.1,Thriving,91.7,50,100,81.1,"Yutzy Woodworking's reps are logging in consistently (engagement 92), but they are using only a portion of the platform ‚Äî adoption (50) reflects a feature-coverage gap, not an activity problem. Run a targeted coaching session on the highest-ROI unused features to convert this activity into stronger",FALSE,FALSE,,FALSE
,Bulbrite,Bulbrite,,,bri,2023,Monthly,2460,1810,650,25,25,62,140,iPad+Catalog+Cart+Portal,1,None ‚Äî at or above book pricing,Seems only cart discounted by $100,T3,2295,40,62,22,514,1,0,0,2809,Mechanical tier assignment. No interpretive adjustments.,349,14.2,4-Modest (10-20%),included_user_reduction,,migration_pending,confident,87.4,Thriving,76.7,100,100,66,Bulbrite is in Thriving territory (87) with a mixed profile ‚Äî adoption (100) is the strongest area and operational health (66) is the drag. Address the data infrastructure when the next review cycle allows ‚Äî the rest of the picture is strong enough to support it.,FALSE,FALSE,,FALSE
,Fine Art Handcrafted Lighting,Fine Art Handcrafted Lighting,,,fal,2024,Monthly,1325,725,600,25,25,52,39,iPad,1,None ‚Äî at or above book pricing,,T1,749,10,52,42,920,1,0,0,1669,Mechanical tier assignment. No interpretive adjustments.,344,26,5-Moderate (20-30%),included_user_reduction,,migration_pending,confident,88.9,Thriving,86.7,75,100,86,"Fine Art Handcrafted Lighting is performing well overall (89) ‚Äî adoption (75) is the relative drag, but every dimension is in acceptable shape. Monitor at standard cadence.",FALSE,FALSE,,FALSE
,Gabby,Gabriella White,SC Home/Gabby LLC,,gh,2013,Monthly,2079,1629,450,18,25,45,48,iPad+Catalog+Cart+Portal,1,Multi-org discount: 10%; User rate: $18/user vs $25 book,"All pricing reflects a 10% multi-organization discount, except additional iPad users which are discounted further.At the time of contract signing, the additional user rate was $20 per user.
  The 10% multi-organization discount was applied to that contracted rate, resulting in the current $18 per user pricing (rather than the current $25 book rate).",T3,2295,40,45,5,125,1,0,0,2420,Legacy 10% multi-org discount being retired. | Current user rate $18/user ‚Üí new graduated ($25/$22/$20/$18).,341,16.4,4-Modest (10-20%),multi_org_retirement,user_rate_normalization,migration_pending,confident,90.9,Thriving,85,100,100,73.2,"Gabby is performing well overall (91) ‚Äî operational health (73) is the relative drag, but every dimension is in acceptable shape. Monitor at standard cadence.",FALSE,FALSE,,FALSE
,EGLO Canada,Thesis,,,eglo_can,2024,Monthly,652.5,652.5,0,18,25,19,16,iPad,1,Multi-org discount: 10%; Platform discount: $652 vs $725 legacy book (10% off); User rate: $18/user vs $25 book,"All pricing reflects a 10% multi-organization discount, except additional iPad users which are discounted further.At the time of contract signing, the additional user rate was $20 per user.
  The 10% multi-organization discount was applied to that contracted rate, resulting in the current $18 per user pricing (rather than the current $25 book rate).",T1,749,10,19,9,225,1,0,0,974,Legacy 10% multi-org discount being retired. | Current user rate $18/user ‚Üí new graduated ($25/$22/$20/$18).,321.5,49.3,6-Significant (>30%),multi_org_retirement,"user_rate_normalization, included_user_reduction",migration_pending,value_led,90,Thriving,77.3,100,100,78.5,"EGLO Canada is performing well overall (90) ‚Äî engagement (77) is the relative drag, but every dimension is in acceptable shape. Monitor at standard cadence.",FALSE,FALSE,,FALSE
,"AFX, Inc.","AFX, Inc.",,,afx,2023,Monthly,725,725,0,20,25,22,19,iPad,1,User rate: $20/user vs $25 book,,T1,749,10,22,12,294,1,0,0,1043,Current user rate $20/user ‚Üí new graduated ($25/$22/$20/$18).,318,43.9,6-Significant (>30%),user_rate_normalization,included_user_reduction,migration_pending,high_touch,58.7,Watch,55,80,33.3,86.4,"AFX, Inc. is in Watch (59) with a mixed performance profile ‚Äî no single dimension dominates, but value delivery (33) is the largest gap. Focus the next conversation on what is blocking orders or portal adoption ‚Äî converting activity into outcomes is the priority.",FALSE,FALSE,,FALSE
,Maxim Lighting,Maxim group Lighting,,,mli,2019,Monthly,1985,725,1260,20,25,86,61,iPad,1,User rate: $20/user vs $25 book,"All pricing reflects a 10% multi-organization discount, except additional iPad users which are discounted further.At the time of contract signing, the additional user rate was $20 per user.
  The 10% multi-organization discount was applied to that contracted rate, resulting in the current $18 per user pricing (rather than the current $25 book rate).",T1,749,10,86,76,1548,1,0,0,2297,Legacy 10% multi-org discount being retired. | Current user rate $18/user ‚Üí new graduated ($25/$22/$20/$18).,312,15.7,4-Modest (10-20%),user_rate_normalization,"multi_org_retirement, included_user_reduction",migration_pending,standard,79.3,Healthy,90.7,100,66.7,66.3,Maxim Lighting is in Healthy territory (79) with a mixed profile ‚Äî adoption (100) is the strongest area and operational health (66) is the drag. Addressing catalog and import health in the next review cycle is the cleanest path back toward Thriving.,FALSE,FALSE,,FALSE
,Currey & Company,Currey & Company,,,cci,2021,Monthly,2190,1710,480,20,25,48,46,iPad+Catalog+Portal+CPQ+CC,1,User rate: $20/user vs $25 book,"Platform Fee ‚Äö√Ñ√¨ eCat (iPad) Service
  $725/month base fee (includes up to 25 active users; currently 15 users).
  
  Platform Fee ‚Äö√Ñ√¨ Product Configuration & Pricing (CPQ Features)
  $195 per month for CPQ features and support.",T3,2295,40,48,8,200,1,0,0,2495,Current user rate $20/user ‚Üí new graduated ($25/$22/$20/$18).,305,13.9,4-Modest (10-20%),user_rate_normalization,,migration_pending,confident,92.4,Thriving,81,100,100,85.7,Currey & Company is performing well across the board ‚Äî every dimension is at 81 or higher and the overall score of 92 reflects consistent strength rather than one area carrying the others. No action needed; monitor at standard cadence.,FALSE,FALSE,,FALSE
,Designer's Fountain,Cordelia Lighting,Cordelia Lighting,,df,2024,Monthly,725,725,0,25,25,21,14,iPad,1,None ‚Äî at or above book pricing,,T1,749,10,21,11,272,1,0,0,1021,Mechanical tier assignment. No interpretive adjustments.,296,40.8,6-Significant (>30%),included_user_reduction,,migration_pending,careful,73,Healthy,61.7,80,66.7,90.9,Designer's Fountain is in Healthy territory (73) with a mixed profile ‚Äî operational health (91) is the strongest area and engagement (62) is the drag. Monitor engagement closely; a continued downward trend would push this into Watch territory.,FALSE,FALSE,,FALSE
,Rowe Furniture,Rowe Furniture,,,rf,2021,Monthly,885,725,160,20,25,28,28,iPad,1,User rate: $20/user vs $25 book,,T1,749,10,28,18,426,1,0,0,1175,Current user rate $20/user ‚Üí new graduated ($25/$22/$20/$18).,290,32.8,6-Significant (>30%),user_rate_normalization,included_user_reduction,migration_pending,value_led,83.2,Thriving,84.3,75,100,60.7,Rowe Furniture is in Thriving territory (83) with a mixed profile ‚Äî value delivery (100) is the strongest area and operational health (61) is the drag. Address the data infrastructure when the next review cycle allows ‚Äî the rest of the picture is strong enough to support it.,FALSE,FALSE,,FALSE
,Furniture Classics,Furniture Classics,,,fc,2017,Monthly,2010,1810,200,20,25,32,761,iPad+Catalog+Cart+Portal,1,User rate: $20/user vs $25 book,Seems only cart discounted by $100 along with additional users at $20,T3,2295,40,32,0,0,1,0,0,2295,Current user rate $20/user ‚Üí new graduated ($25/$22/$20/$18).,285,14.2,4-Modest (10-20%),tier_base_increase,user_rate_normalization,migration_pending,confident,88.8,Thriving,81,100,100,68,Furniture Classics is in Thriving territory (89) with a mixed profile ‚Äî adoption (100) is the strongest area and operational health (68) is the drag. Address the data infrastructure when the next review cycle allows ‚Äî the rest of the picture is strong enough to support it.,FALSE,FALSE,,FALSE
,Baker-McGuire,Samson Holding,,,big,2018,Monthly,1455,795,660,20,25,52,45,iPad+CPQ,1,User rate: $20/user vs $25 book,"This is user count , its a weird billing structure , we bill additional users ( only additional users) on this account ( Kindel & Hancock Moore/Jessica Charles) , Platform Fee is standard at $725",T1,749,10,52,42,920,1,0,0,1669,Angie: 'weird billing structure ‚Äî we bill additional users (only addl users) on this account + Kindel & HM/JC.' User charges may span Baker Interiors Group entity. | Current user rate $20/user ‚Üí new graduated ($25/$22/$20/$18).,214,14.7,4-Modest (10-20%),user_rate_normalization,included_user_reduction,migration_pending,standard,62.5,Healthy,86.7,60,33.3,85.9,Baker-McGuire is in Healthy territory (62) with a mixed profile ‚Äî engagement (87) is the strongest area and value delivery (33) is the drag. Focus the next conversation on converting activity into outcomes; portal activation or an order-workflow review is the starting point.,FALSE,FALSE,,FALSE
,Globalux,Globalux,,,gblx,2025,Monthly,1350,725,625,25,50,,,iPad,1,Expanded user allotment: 50 included (vs 25 standard),"Platform Fee of $1350 includes 50 users , I.e Platform price of $725 , pluse additional 25 users at $25 per user",T1,749,10,50,40,880,1,0,0,1629,"Current $1,350 bundles 50 users (platform $725 + 25 addl at $25). Modeled at 50 for equivalent-coverage comparison.",279,20.7,5-Moderate (20-30%),included_user_reduction,,migration_pending,standard,68.9,Healthy,71.7,75,66.7,63.2,Globalux Lighting & Fans is in Healthy territory (69) with a mixed profile ‚Äî adoption (75) is the strongest area and operational health (63) is the drag. Addressing catalog and import health in the next review cycle is the cleanest path back toward Thriving.,FALSE,FALSE,,FALSE
,Home Essentials & Beyond,Home Essentials & Beyond,,,heb,2012,Monthly,725,725,0,20,25,20,17,iPad,1,User rate: $20/user vs $25 book,,T1,749,10,20,10,250,1,0,0,999,Current user rate $20/user ‚Üí new graduated ($25/$22/$20/$18).,274,37.8,6-Significant (>30%),user_rate_normalization,included_user_reduction,migration_pending,value_led,85.8,Thriving,65,80,100,92.7,Home Essentials & Beyond is in Thriving territory (86) with a mixed profile ‚Äî value delivery (100) is the strongest area and engagement (65) is the drag. Monitor closely ‚Äî an engagement dip in an otherwise Thriving account is an early warning worth tracking.,FALSE,FALSE,,FALSE
,Universal Furniture,Samson Holdings Ltd,,,ufi,2011,Monthly,2875,1515,1360,20,25,78,69,iPad+Catalog+Portal,1,User rate: $20/user vs $25 book,"Platform Fee ‚Äö√Ñ√¨ eCat (iPad) 
  $725 per month base , additional users billed at $20 per user per month (discounted rate)
  
  Platform Fee ‚Äö√Ñ√¨ eCat Online Basic Catalog
  Monthly license/service fee -$295",T3,2295,40,78,38,840,1,0,0,3135,Current user rate $20/user ‚Üí new graduated ($25/$22/$20/$18).,260,9,3-Flat (0-10%),user_rate_normalization,,migration_pending,confident,97.8,Thriving,94,100,100,96.3,Universal Furniture is performing well across the board ‚Äî every dimension is at 94 or higher and the overall score of 98 reflects consistent strength rather than one area carrying the others. No action needed; monitor at standard cadence.,FALSE,TRUE,7,FALSE
,Godinger Silver Art Co.,Godinger Group,,Godinger,gsa,2011,Monthly,725,725,0,20,25,19,16,iPad,1,User rate: $20/user vs $25 book,,T1,749,10,19,9,225,1,0,0,974,Current user rate $20/user ‚Üí new graduated ($25/$22/$20/$18).,249,34.3,6-Significant (>30%),user_rate_normalization,included_user_reduction,migration_pending,careful,76.1,Healthy,65,100,66.7,82.6,Godinger Silver Art Co. is in Healthy territory (76) with a mixed profile ‚Äî adoption (100) is the strongest area and engagement (65) is the drag. Monitor engagement closely; a continued downward trend would push this into Watch territory.,FALSE,FALSE,,FALSE
,Visual Comfort Europe,Visual Comfort & Co.,,,vce,2022,Monthly,652.5,652.5,0,18,25,16,15,iPad,1,Multi-org discount: 10%; Platform discount: $652 vs $725 legacy book (10% off); User rate: $18/user vs $25 book,"All pricing reflects a 10% multi-organization discount, except additional iPad users which are discounted further.At the time of contract signing, the additional user rate was $20 per user.
  The 10% multi-organization discount was applied to that contracted rate, resulting in the current $18 per user pricing (rather than the current $25 book rate).",T1,749,10,16,6,150,1,0,0,899,Legacy 10% multi-org discount being retired. | Current user rate $18/user ‚Üí new graduated ($25/$22/$20/$18).,246.5,37.8,6-Significant (>30%),multi_org_retirement,"user_rate_normalization, included_user_reduction",migration_pending,value_led,91.6,Thriving,82.3,100,100,80.3,Visual Comfort Europe is performing well across the board ‚Äî every dimension is at 80 or higher and the overall score of 92 reflects consistent strength rather than one area carrying the others. No action needed; monitor at standard cadence.,FALSE,FALSE,,FALSE
,Visual Comfort Signature,Visual Comfort & Co.,Visual Comfort & Co,,vcg,2019,Monthly,1855.5,847.5,1008,18,25,64,54,iPad+Flipbook,1,Multi-org discount: 10%; Platform discount: $652 vs $725 legacy book (10% off); User rate: $18/user vs $25 book,"Platform Fee ‚Äö√Ñ√¨ eCat Online Closed Site
  $100 per month per site (no discount).
  12-month term total: $1,200
  
  Platform Fee ‚Äö√Ñ√¨ eCat Online B2B Cart
  $395 per month per site (no discount).
  12-month term total: $4,740
  
  Platform Fee ‚Äö√Ñ√¨ eCat Online Public Catalog
  Standard rate: $295 per month.
  Currently billed at $228.63 per month (reflecting a 22.5% discount).
  12-month term total (standard rate): $3,540
  
  Platform Fee ‚Äö√Ñ√¨ eCat (iPad)
  $725 per month base service fee",T1,749,10,64,54,1152,1,0,0,1901,Legacy 10% multi-org discount being retired. | Current user rate $18/user ‚Üí new graduated ($25/$22/$20/$18).,45.5,2.5,3-Flat (0-10%),user_rate_normalization,"multi_org_retirement, included_user_reduction",migration_pending,confident,90.5,Thriving,78.3,100,100,79.4,"Visual Comfort Signature is performing well overall (90) ‚Äî engagement (78) is the relative drag, but every dimension is in acceptable shape. Monitor at standard cadence.",FALSE,TRUE,18,FALSE
,Ciana Varaluz LLC,Ciana Varaluz LLC,,,vl,2019,Monthly,1285,725,560,20,25,44,33,iPad,1,User rate: $20/user vs $25 book,"Base License
  $725 per month (includes first 25 users at standard book rate).
  
  Discounted rate of $20 per user per month
  (Standard book rate: $25 per user per month).",T1,749,10,44,34,760,1,0,0,1509,Current user rate $20/user ‚Üí new graduated ($25/$22/$20/$18).,224,17.4,4-Modest (10-20%),user_rate_normalization,included_user_reduction,migration_pending,confident,88.5,Thriving,76.7,100,100,71.5,"Ciana Varaluz LLC is performing well overall (88) ‚Äî operational health (72) is the relative drag, but every dimension is in acceptable shape. Monitor at standard cadence.",FALSE,FALSE,,FALSE
,Shadow Catchers,Shadow Catchers,,,sca,2015,Monthly,725,725,0,20,25,18,17,iPad,1,User rate: $20/user vs $25 book,,T1,749,10,18,8,200,1,0,0,949,Current user rate $20/user ‚Üí new graduated ($25/$22/$20/$18).,224,30.9,6-Significant (>30%),user_rate_normalization,included_user_reduction,migration_pending,value_led,82.4,Thriving,71.7,75,100,72.4,"Shadow Catchers is in Thriving territory (82), but the score sits just above the Healthy cutoff ‚Äî engagement (72) is the relative weakness while value delivery (100) is doing the lifting. A focused check-in on engagement would solidify the Thriving position before any drift sets in.",FALSE,FALSE,,FALSE
,Kalco Lighting / Allegri Crystal,Kalco Lighting / Allegri Crystal,,,kal,2019,Monthly,2590,1810,780,20,25,62,49,iPad+Catalog+Cart+Portal,1,User rate: $20/user vs $25 book,Only discount here is the additional Users at $20,T3,2295,40,62,22,514,1,0,0,2809,Current user rate $20/user ‚Üí new graduated ($25/$22/$20/$18).,219,8.5,3-Flat (0-10%),user_rate_normalization,,migration_pending,confident,95.5,Thriving,86.7,100,100,94.1,Kalco Lighting / Allegri Crystal is performing well across the board ‚Äî every dimension is at 87 or higher and the overall score of 96 reflects consistent strength rather than one area carrying the others. No action needed; monitor at standard cadence.,FALSE,FALSE,,FALSE
,Wildwood/Chelsea House,Wildwood/Chelsea House,,,wwjc,2011,Monthly,2310,1810,500,20,25,48,1645,iPad+Catalog+Cart+Portal,2,Platform discount: $1810 vs $3420 legacy book (47% off); User rate: $20/user vs $25 book,"Platform Fee ‚Äö√Ñ√¨ eCat (iPad App)
  $725/month base fee (includes first 25 active users).
  Additional active users billed at $20 per user per month.
  Below are carged x2 - as they have 2 sites
  Platform Fee ‚Äö√Ñ√¨ eCat Online Catalog (Public Site)
  $295 per site per month (no discount). 
  Includes unlimited users and usage.
  
  Platform Fee ‚Äö√Ñ√¨ eCat Online B2B Cart 
  $295 per site per month (no discount).
  Includes unlimited users and usage.
  
  Platform Fee ‚Äö√Ñ√¨ eCat Online Sales Portal 
  $395 per site",T3,2295,40,48,8,200,1,0,0,2495,Current user rate $20/user ‚Üí new graduated ($25/$22/$20/$18).,185,8,3-Flat (0-10%),platform_discount_correction,user_rate_normalization,migration_pending,confident,96.5,Thriving,86.7,100,100,99.2,Wildwood/Chelsea House is performing well across the board ‚Äî every dimension is at 87 or higher and the overall score of 96 reflects consistent strength rather than one area carrying the others. No action needed; monitor at standard cadence.,FALSE,TRUE,27,FALSE
,Charleston Forge,Hearthstone Enterprises,Hearthstone,,cfg,2015,Monthly,1405.15,1405.15,0,18,25,27,76,iPad+Catalog+Cart+CPQ,1,Platform discount: $1405 vs $1510 legacy book (7% off); User rate: $18/user vs $25 book,,T2,1295,15,27,12,294,1,0,0,1589,Current user rate $18/user ‚Üí new graduated ($25/$22/$20/$18).,183.85,13.1,4-Modest (10-20%),user_rate_normalization,included_user_reduction,migration_pending,standard,65.1,Healthy,84.3,60,50,72.6,Charleston Forge is in Healthy territory (65) with a mixed profile ‚Äî engagement (84) is the strongest area and value delivery (50) is the drag. Focus the next conversation on converting activity into outcomes; portal activation or an order-workflow review is the starting point.,FALSE,TRUE,14,FALSE
,Oly Studio,Oly Studio,,,ol,2025,Monthly,1115,1115,0,25,25,2,9,iPad+CPQ+CC,1,None ‚Äî at or above book pricing,"Platform Fee for Ecat is $725 , plus the addition of CPQ as an add on option at $195.Additional add on of Credit Card PCI at $195 per month.",T2,1295,15,2,0,0,1,0,0,1295,Mechanical tier assignment. No interpretive adjustments.,180,16.1,4-Modest (10-20%),tier_base_increase,,migration_pending,standard,61.2,Healthy,55,50,50,100,Oly Studio is in Healthy territory (61) with a mixed profile ‚Äî operational health (100) is the strongest area and value delivery (50) is the drag. Focus the next conversation on converting activity into outcomes; portal activation or an order-workflow review is the starting point.,FALSE,FALSE,,FALSE
,Butler Specialty Company,Butler Specialty Company,,,bsc,2011,Monthly,580,580,0,29,20,9,9,iPad,1,Platform discount: $580 vs $725 legacy book (20% off),"Platform Fee- $580 , legacy pricing , minimal monthly users",T1,749,10,9,0,0,1,0,0,749,Mechanical tier assignment. No interpretive adjustments.,169,29.1,5-Moderate (20-30%),platform_discount_correction,,migration_pending,standard,75.3,Healthy,71.7,100,66.7,70.2,Butler Specialty Company is in Healthy territory (75) with a mixed profile ‚Äî adoption (100) is the strongest area and value delivery (67) is the drag. Focus the next conversation on converting activity into outcomes; portal activation or an order-workflow review is the starting point.,FALSE,FALSE,,FALSE
,"Sabine Pools, Spas, & Furniture","Sabine Pools, Spas, & Furnitur",,,sp,2018,Monthly,580,580,0,29,20,5,5,iPad,1,Platform discount: $580 vs $725 legacy book (20% off),"Platform Fee- $580 , legacy pricing , minimal monthly users",T1,749,10,5,0,0,1,0,0,749,Mechanical tier assignment. No interpretive adjustments.,169,29.1,5-Moderate (20-30%),platform_discount_correction,,migration_pending,careful,53.1,Watch,65,33.3,50,63.4,"Sabine Pools, Spas, & Furnitur's reps are logging in at a limited rate (engagement 65), but they are using only a portion of the platform ‚Äî adoption (33) and value delivery (50) reflect a feature-coverage gap, not an activity problem. Run a targeted coaching session on the highest-ROI unused feature",FALSE,FALSE,,FALSE
,Sixtrees Limited,Sixtrees Limited,,,st,2015,Monthly,580,580,0,20,15,1,3,iPad+Catalog,1,Platform discount: $580 vs $1020 legacy book (43% off); User rate: $20/user vs $25 book,"eCat (iPad) Base License
  Currently billed at $435 per month (includes up to 25 users).
  Standard book rate: $725 per month.
  
  (Note: Historical notes indicate base discounted to $580 vs $725 book ‚Äö√Ñ√Æ current billing reflects a deeper legacy adjustment.)
  
  Additional Users
  Discounted rate of $20 per user per month (standard book rate: $25 per user per month).
  
  eCat Online Service
  Unlimited users (monthly billing).",T1,749,10,1,0,0,1,0,0,749,Current user rate $20/user ‚Üí new graduated ($25/$22/$20/$18).,169,29.1,5-Moderate (20-30%),platform_discount_correction,user_rate_normalization,migration_pending,high_touch,37.9,At Risk,43.3,40,0,95.2,"Sixtrees Limited's data infrastructure is healthy, but reps aren't using the platform ‚Äî engagement is at 43 and no business outcomes are being generated. The infrastructure isn't the problem; this is a rep adoption and activation conversation.",FALSE,FALSE,,FALSE
,Hooker Furnishings,Hooker Furnishings,,,hf,2024,Monthly,820,820,0,25,25,19,26,iPad,1,Includes $95/mo image upgrade,"Platform Fee ‚Äö√Ñ√¨ eCat (iPad)
  $725 per month base service fee (includes up to 25 active users; non-configurable product version).
  
  Image Upgrade
  $95 per month upgrade (increases product image capacity from 6 to 12 images per product).",T1,749,10,19,9,225,1,0,0,974,Includes $95/mo image upgrade (not part of new tier pricing).,154,18.8,4-Modest (10-20%),included_user_reduction,,migration_pending,standard,70.6,Healthy,70,80,66.7,68.9,Hooker Furnishings is in Healthy territory (71) with a mixed profile ‚Äî adoption (80) is the strongest area and value delivery (67) is the drag. Focus the next conversation on converting activity into outcomes; portal activation or an order-workflow review is the starting point.,FALSE,FALSE,,FALSE
,Theodore Alexander,Creative Home Furniture,,,ta,2016,Monthly,2150,1810,340,20,25,36,54,iPad+Catalog+Cart+Portal,1,User rate: $20/user vs $25 book,Seems only cart discounted by $100 along with additional users at $20,T3,2295,40,36,0,0,1,0,0,2295,Current user rate $20/user ‚Üí new graduated ($25/$22/$20/$18).,145,6.7,3-Flat (0-10%),tier_base_increase,user_rate_normalization,migration_pending,confident,89.9,Thriving,66,100,100,91.9,Theodore Alexander is in Thriving territory (90) with a mixed profile ‚Äî adoption (100) is the strongest area and engagement (66) is the drag. Monitor closely ‚Äî an engagement dip in an otherwise Thriving account is an early warning worth tracking.,FALSE,FALSE,,FALSE
,Ratana International Ltd.,Ratana International Ltd.,,,ril,2024,Monthly,2155,1880,275,25,25,31,35,iPad+Catalog+Cart+Portal+CPQ,1,None ‚Äî at or above book pricing,,T3,2295,40,31,0,0,1,0,0,2295,Mechanical tier assignment. No interpretive adjustments.,140,6.5,3-Flat (0-10%),tier_base_increase,,migration_pending,confident,87.8,Thriving,61.7,87.5,100,99.6,Ratana International Ltd. is in Thriving territory (88) with a mixed profile ‚Äî value delivery (100) is the strongest area and engagement (62) is the drag. Monitor closely ‚Äî an engagement dip in an otherwise Thriving account is an early warning worth tracking.,FALSE,FALSE,,FALSE
,Magnussen Home,Magnussen Home,,,mh,2023,Monthly,1745,725,1020,20,25,63,56,iPad,1,User rate: $20/user vs $25 book,Only discount here is the additional Users at $20,T1,749,10,63,53,1134,1,0,0,1883,Current user rate $20/user ‚Üí new graduated ($25/$22/$20/$18).,138,7.9,3-Flat (0-10%),user_rate_normalization,included_user_reduction,migration_pending,confident,95.8,Thriving,94,100,100,86.3,Magnussen Home is performing well across the board ‚Äî every dimension is at 86 or higher and the overall score of 96 reflects consistent strength rather than one area carrying the others. No action needed; monitor at standard cadence.,FALSE,FALSE,,FALSE
,Alfresco Home,Alfresco Home,,,ah,2018,Monthly,1455,1415,40,20,25,27,169,iPad+Catalog+Cart,1,User rate: $20/user vs $25 book,Seems only cart discounted by $100 along with additional users at $20,T2,1295,15,27,12,294,1,0,0,1589,Current user rate $20/user ‚Üí new graduated ($25/$22/$20/$18).,134,9.2,3-Flat (0-10%),user_rate_normalization,included_user_reduction,migration_pending,standard,72.7,Healthy,81,57.1,60,100,"Alfresco Home's reps are logging in consistently (engagement 81), but they are using only a portion of the platform ‚Äî adoption (57) reflects a feature-coverage gap, not an activity problem. Run a targeted coaching session on the highest-ROI unused features to convert this activity into stronger outc",FALSE,TRUE,7,FALSE
,International Home Miami,International Home Miami,,,ihm,2024,Monthly,725,725,0,25,25,14,26,iPad,1,None ‚Äî at or above book pricing,,T1,749,10,14,4,100,1,0,0,849,Mechanical tier assignment. No interpretive adjustments.,124,17.1,4-Modest (10-20%),included_user_reduction,,migration_pending,standard,52.1,Watch,66.7,40,33.3,78.8,"International Home Miami's reps are logging in at a limited rate (engagement 67), but the platform is producing minimal outcomes (value delivery 33) and feature coverage is thin (adoption 40). For a 2024 cohort, this is proactive-outreach territory ‚Äî identify the one or two highest-ROI unused featur",FALSE,FALSE,,FALSE
,Century Furniture,Rock House Farm,,,cf,2013,Monthly,652.5,652.5,0,18,25,6,4,iPad,1,Multi-org discount: 10%; Platform discount: $652 vs $725 legacy book (10% off); User rate: $20/user vs $25 book,"All pricing reflects a 10% multi-organization discount, this is grouped with Highland House $20/user as original user rate",T1,749,10,6,0,0,1,0,0,749,Legacy 10% multi-org discount being retired. | Current user rate $20/user ‚Üí new graduated ($25/$22/$20/$18).,96.5,14.8,4-Modest (10-20%),multi_org_retirement,user_rate_normalization,migration_pending,standard,40,Watch,43.3,100,33.3,66.7,"Century Furniture has the full platform configured and adopted, but rep logins have dropped off sharply ‚Äî engagement is at 43 and the platform isn't generating observable outcomes. Outreach is needed to understand whether reps have gone dark on a coverage issue or whether a more fundamental re-engag",FALSE,FALSE,,FALSE
,Highland House,Rock House Farm,Century Furniture,,hh,2013,Monthly,652.5,652.5,0,18,25,4,10,iPad,1,Multi-org discount: 10%; Platform discount: $652 vs $725 legacy book (10% off); User rate: $20/user vs $25 book,"All pricing reflects a 10% multi-organization discount, this is grouped with Century Furniture",T1,749,10,4,0,0,1,0,0,749,Legacy 10% multi-org discount being retired. | Current user rate $20/user ‚Üí new graduated ($25/$22/$20/$18).,96.5,14.8,4-Modest (10-20%),multi_org_retirement,user_rate_normalization,migration_pending,standard,40,Watch,43.3,75,33.3,45,"Highland House's rep activity (43 engagement) and platform outcomes (33 value delivery) are both too low to support a healthy relationship. Re-establishing contact to understand why reps have gone quiet is the first step ‚Äî determine whether this is a coverage gap, a product fit issue, or something e",FALSE,FALSE,,FALSE
,Lucas McKearn,Lucas McKearn,,,luc,2025,Annual,652.5,652.5,0,25,25,7,8,iPad,1,Annual commitment discount: ~10%,"This is reading their pricing incorrect its actually $725, but they signed annual and recieved a discount",T1,749,10,7,0,0,1,0,0,749,Annual billing ‚Äî subject to renewal timing (D-004e).,96.5,14.8,4-Modest (10-20%),annual_discount_retirement,,migration_pending,standard,51,Watch,65,60,33.3,55.6,"Lucas McKearn is in Watch (51) with a mixed performance profile ‚Äî no single dimension dominates, but value delivery (33) is the largest gap. Focus the next conversation on what is blocking orders or portal adoption ‚Äî converting activity into outcomes is the priority.",FALSE,FALSE,,FALSE
,DALS Lighting,DALS Lighting,,,dals,2023,Monthly,725,725,0,20,25,12,7,iPad,1,User rate: $20/user vs $25 book,,T1,749,10,12,2,50,1,0,0,799,Current user rate $20/user ‚Üí new graduated ($25/$22/$20/$18).,74,10.2,4-Modest (10-20%),user_rate_normalization,included_user_reduction,migration_pending,standard,44.5,Watch,40,75,50,10,"The platform is producing some outcomes for DALS Lighting (value delivery 50), but rep engagement is thin (engagement 40) and the data infrastructure is in critical shape (ops 10) ‚Äî usage and infrastructure issues are likely reinforcing each other. Both need parallel attention; fixing the infrastruc",FALSE,FALSE,,FALSE
,ELICO LTD.,ELICO LTD.,,,etl,2019,Monthly,725,725,0,20,25,12,11,iPad,1,User rate: $20/user vs $25 book,,T1,749,10,12,2,50,1,0,0,799,Current user rate $20/user ‚Üí new graduated ($25/$22/$20/$18).,74,10.2,4-Modest (10-20%),user_rate_normalization,included_user_reduction,migration_pending,confident,95.6,Thriving,82.3,100,100,100,ELICO LTD. is performing well across the board ‚Äî every dimension is at 82 or higher and the overall score of 96 reflects consistent strength rather than one area carrying the others. No action needed; monitor at standard cadence.,FALSE,FALSE,,FALSE
,Linon/Powell Furniture,Linon/Powell Furniture,,,lpf,2019,Monthly,2330,1810,520,20,25,44,41,iPad+Catalog+Cart+Portal,1,User rate: $20/user vs $25 book,Seems only cart discounted by $100 along with additional users at $20,T3,2295,40,44,4,100,1,0,0,2395,Current user rate $20/user ‚Üí new graduated ($25/$22/$20/$18).,65,2.8,3-Flat (0-10%),user_rate_normalization,,migration_pending,confident,90.6,Thriving,94,87.5,100,73.2,"Linon/Powell Furniture is performing well overall (91) ‚Äî operational health (73) is the relative drag, but every dimension is in acceptable shape. Monitor at standard cadence.",FALSE,FALSE,,FALSE
,Somerset Bay and Modern History,Somerset Bay and Modern History,,,sbmh,2011,Monthly,2245,2005,240,20,25,32,29,iPad+Catalog+Portal+CC,1,User rate: $20/user vs $25 book,"Platform Fee ‚Äî eCat (iPad) Service
 $725/month base fee.
  +195 for CC - NO CPQ",T3,2295,40,32,0,0,1,0,0,2295,Current user rate $20/user ‚Üí new graduated ($25/$22/$20/$18).,50,2.2,3-Flat (0-10%),tier_base_increase,user_rate_normalization,migration_pending,confident,97.1,Thriving,92.7,100,100,94.4,Somerset Bay and Modern History is performing well across the board ‚Äî every dimension is at 93 or higher and the overall score of 97 reflects consistent strength rather than one area carrying the others. No action needed; monitor at standard cadence.,FALSE,FALSE,,FALSE
,Buster & Punch,Buster & Punch,,,bp,2024,Monthly,1765,1515,250,25,25,37,32,iPad+Catalog+Cart,1,None ‚Äî at or above book pricing,"This is incorrect, Buster and Punch only have contracted Ecat at this is billed at $725 and $25 per additional user",T2,1295,15,37,22,514,1,0,0,1809,Angie audit: 'only contracted Ecat at $725 + $25/user'. Stack shows iPad+Catalog+Cart from product system. Billing vs product discrepancy flagged for review.,44,2.5,3-Flat (0-10%),included_user_reduction,,migration_pending,standard,57.7,Watch,70,57.1,40,73.9,"Buster & Punch 's reps are logging in consistently (engagement 70), but they are using only a portion of the platform ‚Äî adoption (57) and value delivery (40) reflect a feature-coverage gap, not an activity problem. Run a targeted coaching session on the highest-ROI unused features to convert this ac",FALSE,FALSE,,TRUE
,America's Backyards,America's Backyards,,,abol,2024,Monthly,725,725,0,25,25,5,4,iPad,1,None ‚Äî at or above book pricing,"This is incorrect , they have cancelled their cart and now are only billed for Ecat , this is calculating their Ecat price ofr both modules.",T1,749,10,5,0,0,1,0,0,749,Mechanical tier assignment. No interpretive adjustments.,24,3.3,3-Flat (0-10%),at_book_tier_shift,,migration_pending,standard,58.1,Watch,38.3,66.7,50,88.3,"The platform is producing some outcomes for America's Backyards (value delivery 50), but rep engagement is thin (engagement 38) ‚Äî a small slice of the team is doing most of the work. Re-engaging the broader team is the most important next step: identify which reps have gone quiet and whether coverag",FALSE,FALSE,,TRUE
,Kaleen Rugs & Broadloom,Kaleen Rugs & Broadloom,,,krb,2024,Monthly,725,725,0,25,25,,1,iPad,1,None ‚Äî at or above book pricing,,T1,749,10,1,0,0,1,0,0,749,Mechanical tier assignment. No interpretive adjustments.,24,3.3,3-Flat (0-10%),at_book_tier_shift,,migration_pending,watch_sequence,27.5,At Risk,46.7,50,0,29.3,"Kaleen Rugs & Broadloom's rep activity (47 engagement) and platform outcomes (0 value delivery) are both too low to support a healthy relationship. Re-establishing contact to understand why reps have gone quiet is the first step ‚Äî determine whether this is a coverage gap, a product fit issue, or som",FALSE,FALSE,,FALSE
,Lifestyle Solutions,Lifestyle Solutions,,,lss,2023,Monthly,725,725,0,25,25,7,9,iPad,1,None ‚Äî at or above book pricing,,T1,749,10,7,0,0,1,0,0,749,Mechanical tier assignment. No interpretive adjustments.,24,3.3,3-Flat (0-10%),at_book_tier_shift,,migration_pending,confident,87.1,Thriving,71.7,80,100,91.1,"Lifestyle Solutions is performing well overall (87) ‚Äî engagement (72) is the relative drag, but every dimension is in acceptable shape. Monitor at standard cadence.",FALSE,FALSE,,FALSE
,Sauder Woodworking,Sauder Woodworking,,,swc,2013,Monthly,725,725,0,20,25,9,10,iPad,1,User rate: $20/user vs $25 book,,T1,749,10,9,0,0,1,0,0,749,Current user rate $20/user ‚Üí new graduated ($25/$22/$20/$18).,24,3.3,3-Flat (0-10%),at_book_tier_shift,,migration_pending,standard,77.9,Healthy,58.3,100,66.7,100,Sauder Woodworking is in Healthy territory (78) with a mixed profile ‚Äî adoption (100) is the strongest area and engagement (58) is the drag. Monitor engagement closely; a continued downward trend would push this into Watch territory.,FALSE,FALSE,,FALSE
,Silver One,Silver One,,,soi,2024,Monthly,725,725,0,25,25,4,4,iPad,1,None ‚Äî at or above book pricing,,T1,749,10,4,0,0,1,0,0,749,Mechanical tier assignment. No interpretive adjustments.,24,3.3,3-Flat (0-10%),at_book_tier_shift,,migration_pending,standard,69.2,Healthy,86.7,50,50,100,"Silver One's reps are logging in consistently (engagement 87), but they are using only a portion of the platform ‚Äî adoption (50) and value delivery (50) reflect a feature-coverage gap, not an activity problem. Run a targeted coaching session on the highest-ROI unused features to convert this activit",FALSE,FALSE,,FALSE
,Terracota,Terracota,,,tcd,2025,Annual,725,725,0,25,0,,,iPad,1,None ‚Äî at or above book pricing,,T1,749,10,0,0,0,1,0,0,749,Annual billing ‚Äî subject to renewal timing (D-004e).,24,3.3,3-Flat (0-10%),at_book_tier_shift,,migration_pending,standard,,Unscored,,,,,,FALSE,FALSE,,FALSE
,Pebl Furniture,Skyard Furniture Co,,Pebl Furniture,pebl,2025,Annual,725,725,0,25,0,,,iPad,1,None ‚Äî at or above book pricing,,T1,749,10,0,0,0,1,0,0,749,Annual billing ‚Äî subject to renewal timing (D-004e).,24,3.3,3-Flat (0-10%),at_book_tier_shift,,migration_pending,standard,,Unscored,,,,,,FALSE,FALSE,,FALSE
,Pioneer Morton,Abaline,,Abaline,mpc,2015,Monthly,1273.5,1273.5,0,18,25,13,30,iPad+Catalog+Cart,1,Multi-org discount: 10%; User rate: $18/user vs $25 book,"All pricing reflects a 10% multi-company discount
  
  Platform Fee ‚Äö√Ñ√¨ eCat (iPad)
  $652.50 per month 
  Standard rate: $725 per month.
  
  Platform Fee ‚Äö√Ñ√¨ eCat Online B2B Cart
  $265.50 per month (unlimited users).
  Standard rate: $295 per month.
  
  Platform Fee ‚Äö√Ñ√¨ eCat Online Public Catalog
  $265.50 per month (unlimited users).
  Standard rate: $295 per month.
  
  Platform Fee ‚Äö√Ñ√¨ eCat Online Closed Site
  $90.00 per month (unlimited users).
  Standard rate: $100 per month.",T2,1295,15,13,0,0,1,0,0,1295,Legacy 10% multi-org discount being retired. | Current user rate $18/user ‚Üí new graduated ($25/$22/$20/$18).,21.5,1.7,3-Flat (0-10%),at_book_tier_shift,,migration_pending,standard,65.9,Healthy,66,60,50,99.3,Pioneer Morton is in Healthy territory (66) with a mixed profile ‚Äî operational health (99) is the strongest area and value delivery (50) is the drag. Focus the next conversation on converting activity into outcomes; portal activation or an order-workflow review is the starting point.,FALSE,FALSE,,FALSE
,Braxton Culler,Classic Home Inc,,,bcf,2022,Monthly,2380,1880,500,20,25,44,136,iPad+Catalog+Cart+Portal,1,User rate: $20/user vs $25 book,Only discount here is the additional Users at $20,T3,2295,40,44,4,100,1,0,0,2395,Current user rate $20/user ‚Üí new graduated ($25/$22/$20/$18).,15,0.6,3-Flat (0-10%),at_book_tier_shift,,migration_pending,confident,94.8,Thriving,90.7,100,100,85.6,Braxton Culler is performing well across the board ‚Äî every dimension is at 86 or higher and the overall score of 95 reflects consistent strength rather than one area carrying the others. No action needed; monitor at standard cadence.,FALSE,FALSE,,FALSE
,"Kennedy International, Inc.","Kennedy International, Inc.",,,kii,2015,Annual,1386.87,1386.87,0,20,25,19,20,iPad+Catalog+Cart,1,Annual commitment discount: ~10%; User rate: $20/user vs $25 book,"Only discount here is the additional Users at $20 , also this is an annual contract and discounted by 10% for annual payment",T2,1295,15,19,4,100,1,0,0,1395,Current user rate $20/user ‚Üí new graduated ($25/$22/$20/$18). | Annual billing ‚Äî subject to renewal timing (D-004e).,8.13,0.6,3-Flat (0-10%),at_book_tier_shift,,migration_pending,standard,62.1,Healthy,66,71.4,60,51.5,"Kennedy International, Inc. is in Healthy territory (62) with a mixed profile ‚Äî adoption (71) is the strongest area and operational health (52) is the drag. Addressing catalog and import health in the next review cycle is the cleanest path back toward Thriving.",FALSE,FALSE,,FALSE
,Magic Lite,Magic Lite,,,mali,2026,Annual,1890,1515,375,25,40,,,iPad+Catalog+Cart,1,Expanded user allotment: 40 included (vs 25 standard),,T2,1295,15,40,25,580,1,0,0,1875,Annual billing ‚Äî subject to renewal timing (D-004e).,-15,-0.8,2-Decrease (0-10%),module_compression,,migration_pending,zero_friction,,Unscored,,,,,,FALSE,FALSE,,FALSE
,Minka Lighting Group,Ferguson Enterprises,,,mlg,2025,Annual,1975,725,1250,75,25,66,54,iPad,1,None ‚Äî at or above book pricing,,T1,749,10,66,56,1188,1,0,0,1937,Annual billing ‚Äî subject to renewal timing (D-004e).,-38,-1.9,2-Decrease (0-10%),rate_architecture,,migration_pending,zero_friction,86.8,Thriving,71,100,100,70.1,"Minka Lighting Group is performing well overall (87) ‚Äî operational health (70) is the relative drag, but every dimension is in acceptable shape. Monitor at standard cadence.",FALSE,FALSE,,FALSE
,RENWIL,RENWIL,,,rw,2024,Monthly,2838.01,2038.01,800,19,50,61,58,iPad+Catalog+Cart+Portal+CC,1,User rate: $19/user vs $25 book; Expanded user allotment: 50 included (vs 25 standard),"Platform Fee ‚Äö√Ñ√¨ eCat (iPad)
  Currently billed at $1,046 per month for up to 50 users (reflecting a 22.5% discount).
  Standard pricing is $1,350 per month for the first 50 users, with additional users billed at $25 per user per month.
  
  Platform Fee ‚Äö√Ñ√¨ eCat Online Service
  Currently billed at $228.63 per month (22.5% discounted rate).
  Standard rate is $295 per month.
  
  Platform Fee ‚Äö√Ñ√¨ Sales Portal
  Currently billed at $306.12 per month (22.5% discounted rate).
  Standard rate is $395 per mon",T3,2295,40,61,21,492,1,0,0,2787,Current user rate $19/user ‚Üí new graduated ($25/$22/$20/$18).,-51.01,-1.8,2-Decrease (0-10%),user_count_variance,,migration_pending,zero_friction,73,Healthy,81,71.4,60,87.6,RENWIL is in Healthy territory (73) with a mixed profile ‚Äî operational health (88) is the strongest area and value delivery (60) is the drag. Focus the next conversation on converting activity into outcomes; portal activation or an order-workflow review is the starting point.,FALSE,FALSE,,FALSE
,Jamie Young Company,Jamie Young Company,,,jyc,2014,Monthly,3045,2005,1040,20,25,70,1313,iPad+Catalog+Cart+Portal+CC+Flipbook,1,User rate: $20/user vs $25 book,Seems only cart discounted by $100 along with additional users at $20,T3,2295,40,70,30,680,1,0,0,2975,Current user rate $20/user ‚Üí new graduated ($25/$22/$20/$18).,-70,-2.3,2-Decrease (0-10%),user_count_variance,,migration_pending,zero_friction,93.6,Thriving,86.7,100,100,84.6,Jamie Young Company is performing well across the board ‚Äî every dimension is at 85 or higher and the overall score of 94 reflects consistent strength rather than one area carrying the others. No action needed; monitor at standard cadence.,FALSE,FALSE,,FALSE
,Millennium Lighting,Ferguson Enterprises,,Ferguson Enterprises,ml,2020,Monthly,1680,1120,560,20,25,49,50,iPad+Catalog,1,User rate: $20/user vs $25 book,Only discount here is the additional Users at $20,T1,749,10,49,39,860,1,0,0,1609,Current user rate $20/user ‚Üí new graduated ($25/$22/$20/$18).,-71,-4.2,2-Decrease (0-10%),module_compression,,migration_pending,zero_friction,67.7,Healthy,74.3,66.7,50,91.6,Millennium Lighting is in Healthy territory (68) with a mixed profile ‚Äî operational health (92) is the strongest area and value delivery (50) is the drag. Focus the next conversation on converting activity into outcomes; portal activation or an order-workflow review is the starting point.,FALSE,FALSE,,FALSE
,Moda at Home Enterprises Ltd,Moda at Home Enterprises Ltd,,,mah,2019,Annual,1386.87,1386.87,0,20,25,14,10,iPad+Catalog+Cart,1,Annual commitment discount: ~10%; User rate: $20/user vs $25 book,"Only discount here is the additional Users at $20 , also this is an annual contract and discounted by 10% for annual payment",T2,1295,15,14,0,0,1,0,0,1295,Current user rate $20/user ‚Üí new graduated ($25/$22/$20/$18). | Annual billing ‚Äî subject to renewal timing (D-004e).,-91.87,-6.6,2-Decrease (0-10%),module_compression,,migration_pending,zero_friction,57.7,Watch,56.7,71.4,40,76.3,"Moda at Home Enterprises Ltd is in Watch (58) with a mixed performance profile ‚Äî no single dimension dominates, but value delivery (40) is the largest gap. Focus the next conversation on what is blocking orders or portal adoption ‚Äî converting activity into outcomes is the priority.",FALSE,FALSE,,FALSE
,Alden Home,Alden Home,,,ap,2011,Monthly,1415,1415,0,20,25,11,10,iPad+Catalog+Cart,1,User rate: $20/user vs $25 book,Discounted rate here is only the users and $100 on the cart,T2,1295,15,11,0,0,1,0,0,1295,Current user rate $20/user ‚Üí new graduated ($25/$22/$20/$18).,-120,-8.5,2-Decrease (0-10%),module_compression,,migration_pending,zero_friction,57.3,Watch,75,66.7,40,56,"Alden Home is in Watch (57) with a mixed performance profile ‚Äî no single dimension dominates, but value delivery (40) is the largest gap. Focus the next conversation on what is blocking orders or portal adoption ‚Äî converting activity into outcomes is the priority.",FALSE,FALSE,,FALSE
,Groupe Courchesne,Groupe Courchesne,,,gc,2023,Monthly,1415,1415,0,25,25,12,33,iPad+Catalog+Cart,1,None ‚Äî at or above book pricing,Seems only cart discounted by $100,T2,1295,15,12,0,0,1,0,0,1295,Mechanical tier assignment. No interpretive adjustments.,-120,-8.5,2-Decrease (0-10%),module_compression,,migration_pending,zero_friction,62.3,Healthy,61.7,57.1,60,72.2,"Groupe Courchesne's reps are logging in at a limited rate (engagement 62), but they are using only a portion of the platform ‚Äî adoption (57) reflects a feature-coverage gap, not an activity problem. Run a targeted coaching session on the highest-ROI unused features to convert this activity into stro",FALSE,FALSE,,FALSE
,Donald Choi Canada,Donald Choi Canada,,,dccl,2024,Monthly,1515,1515,0,20,25,10,9,iPad+Catalog+Cart,1,User rate: $20/user vs $25 book,"Platform Fee ‚Äö√Ñ√¨ eCat Online Closed Site
  $100 per month per site (no discount).
  
  Platform Fee ‚Äö√Ñ√¨ eCat Online B2B Cart
  $395 per month per site (no discount).
  
  Platform Fee ‚Äö√Ñ√¨ eCat Online Public Catalog
  Standard rate: $295 per month.
  Currently billed at $228.63 per month (reflecting a 22.5% discount).
  12-month term t
  
  Platform Fee ‚Äö√Ñ√¨ eCat (iPad)
  $725 per month base service fee",T2,1295,15,10,0,0,1,0,0,1295,Current user rate $20/user ‚Üí new graduated ($25/$22/$20/$18).,-220,-14.5,1-Decrease (>10%),module_compression,,migration_pending,zero_friction,65,Healthy,61.7,71.4,60,71.5,Donald Choi Canada is in Healthy territory (65) with a mixed profile ‚Äî operational health (72) is the strongest area and value delivery (60) is the drag. Focus the next conversation on converting activity into outcomes; portal activation or an order-workflow review is the starting point.,FALSE,FALSE,,FALSE
,Palecek,Palecek,,,pf,2012,Monthly,3190,1190,2000,20,25,120,102,iPad+Catalog,1,User rate: $20/user vs $25 book,Only discount here is the additional Users at $20,T1,749,10,120,110,2160,1,0,0,2909,Current user rate $20/user ‚Üí new graduated ($25/$22/$20/$18).,-281,-8.8,2-Decrease (0-10%),module_compression,,migration_pending,zero_friction,96,Thriving,85,100,100,98.5,Palecek is performing well across the board ‚Äî every dimension is at 85 or higher and the overall score of 96 reflects consistent strength rather than one area carrying the others. No action needed; monitor at standard cadence.,FALSE,TRUE,7,FALSE
,Morgan Fabrics Corporation,Morgan Fabrics Corporation,,,mfc,2012,Monthly,1120,1120,0,20,25,6,51,iPad+Catalog,1,User rate: $20/user vs $25 book,,T1,749,10,6,0,0,1,0,0,749,Current user rate $20/user ‚Üí new graduated ($25/$22/$20/$18).,-371,-33.1,1-Decrease (>10%),module_compression,,migration_pending,zero_friction,40,Watch,50,60,33.3,64.8,"Morgan Fabrics Corporation's rep activity (50 engagement) and platform outcomes (33 value delivery) are both too low to support a healthy relationship. Re-establishing contact to understand why reps have gone quiet is the first step ‚Äî determine whether this is a coverage gap, a product fit issue, or",FALSE,FALSE,,FALSE