ord_id,company,assigned_tier,current_stack,health_band,health_score,value_delivery_score,current_mrr,new_total_mrr,delta_mrr,delta_pct,risk_label,migration_driver,migration_wave,migration_brief_type,expansion_brief_type,flags,migration_status,ghost_account,support_fire
tcs,CopperSmith,T3,T3 — Commerce Enterprise (Annual,Unscored,,,3075.0,3075.0,0.0,0.0,N/A,already_migrated,0,none,none,,already_migrated,False,False
drf,Dorell Fabrics,T1,T1 — Catalog Essentials,Unscored,,,749.0,749.0,0.0,0.0,N/A,already_migrated,0,none,none,,already_migrated,False,False
clm,Crystorama,T3,iPad+Catalog+Portal,Thriving,85.5,,4615.0,3155.0,-1460.0,-31.6,1-Decrease (>10%),user_count_variance,1,value_justification,none,,migration_pending,False,False
pf,Palecek,T1,iPad+Catalog,Thriving,95.9,,4040.0,2909.0,-1131.0,-28.0,1-Decrease (>10%),module_compression,1,value_justification,t1_to_t2,,migration_pending,False,False
gc,Groupe Courchesne,T2,iPad+Catalog+Cart,Healthy,62.8,,1415.0,1295.0,-120.0,-8.5,2-Decrease (0-10%),module_compression,1,value_justification,t2_to_t3,,migration_pending,False,False
mah,Moda at Home Enterprises Ltd,T2,iPad+Catalog+Cart,Healthy,61.1,,1386.87,1295.0,-91.87,-6.6,2-Decrease (0-10%),module_compression,1,value_justification,t2_to_t3,,migration_pending,False,False
ml,Millennium Lighting,T1,iPad+Catalog,Healthy,70.7,,1680.0,1609.0,-71.0,-4.2,2-Decrease (0-10%),module_compression,1,value_justification,t1_to_t2,,migration_pending,False,False
jyc,Jamie Young Company,T3,iPad+Catalog+Cart+Portal+CC+Flipbook,Thriving,92.8,,3045.0,2975.0,-70.0,-2.3,2-Decrease (0-10%),user_count_variance,1,value_justification,none,,migration_pending,False,False
rw,RENWIL,T3,iPad+Catalog+Cart+Portal+CC,Healthy,75.0,,2838.01,2787.0,-51.01,-1.8,2-Decrease (0-10%),user_count_variance,1,value_justification,none,,migration_pending,False,False
bcf,Braxton Culler,T3,iPad+Catalog+Cart+Portal,Thriving,94.1,,2380.0,2395.0,15.0,0.6,3-Flat (0-10%),user_rate_normalization,1,value_justification,none,,migration_pending,False,False
kii,"Kennedy International, Inc.",T2,iPad+Catalog+Cart,Healthy,62.2,,1386.87,1395.0,8.13,0.6,3-Flat (0-10%),user_rate_normalization,1,value_justification,t2_to_t3,,migration_pending,False,False
mpc,Pioneer Morton,T2,iPad+Catalog+Cart,Healthy,68.8,,1273.5,1295.0,21.5,1.7,3-Flat (0-10%),user_rate_normalization,1,value_justification,t2_to_t3,,migration_pending,False,False
sbmh,Somerset Bay and Modern History,T3,iPad+Catalog+Portal+CPQ+CC,Thriving,96.8,,2245.0,2295.0,50.0,2.2,3-Flat (0-10%),user_rate_normalization,1,value_justification,none,,migration_pending,False,False
bp,Buster & Punch,T2,iPad+Catalog+Cart,Healthy,60.2,,1765.0,1809.0,44.0,2.5,3-Flat (0-10%),at_book_tier_shift,1,value_justification,t2_to_t3,,migration_pending,False,False
lpf,Linon/Powell Furniture,T3,iPad+Catalog+Cart+Portal,Thriving,88.7,,2330.0,2395.0,65.0,2.8,3-Flat (0-10%),user_rate_normalization,1,value_justification,none,,migration_pending,False,False
abol,America's Backyards,T1,iPad,Healthy,60.8,,725.0,749.0,24.0,3.3,3-Flat (0-10%),at_book_tier_shift,1,value_justification,t1_to_t2,,migration_pending,False,False
lss,Lifestyle Solutions,T1,iPad,Thriving,85.7,,725.0,749.0,24.0,3.3,3-Flat (0-10%),at_book_tier_shift,1,value_justification,t1_to_t2,,migration_pending,False,False
swc,Sauder Woodworking,T1,iPad,Thriving,81.2,,725.0,749.0,24.0,3.3,3-Flat (0-10%),user_rate_normalization,1,value_justification,t1_to_t2,,migration_pending,False,False
soi,Silver One,T1,iPad,Healthy,71.7,,725.0,749.0,24.0,3.3,3-Flat (0-10%),at_book_tier_shift,1,value_justification,t1_to_t2,,migration_pending,False,False
ril,Ratana International Ltd.,T3,iPad+Catalog+Cart+Portal,Thriving,87.2,,2155.0,2295.0,140.0,6.5,3-Flat (0-10%),discount_correction,1,value_justification,none,,migration_pending,False,False
ta,Theodore Alexander,T3,iPad+Catalog+Cart+Portal,Thriving,89.5,,2150.0,2295.0,145.0,6.7,3-Flat (0-10%),user_rate_normalization,1,value_justification,none,,migration_pending,False,False
mh,Magnussen Home,T1,iPad,Thriving,95.1,,1745.0,1883.0,138.0,7.9,3-Flat (0-10%),user_rate_normalization,1,value_justification,t1_to_t2,,migration_pending,False,False
wwjc,Wildwood/Chelsea House,T3,iPad+Catalog+Cart+Portal,Thriving,96.5,,2310.0,2495.0,185.0,8.0,3-Flat (0-10%),discount_correction,1,value_justification,none,,migration_pending,False,False
kal,Kalco Lighting / Allegri Crystal,T3,iPad+Catalog+Cart+Portal,Thriving,95.2,,2590.0,2809.0,219.0,8.5,3-Flat (0-10%),user_rate_normalization,1,value_justification,none,,migration_pending,False,False
ufi,Universal Furniture,T3,iPad+Catalog+Portal,Thriving,97.6,,2875.0,3135.0,260.0,9.0,3-Flat (0-10%),user_rate_normalization,1,value_justification,none,,migration_pending,False,False
ah,Alfresco Home,T2,iPad+Catalog+Cart,Healthy,74.5,,1455.0,1589.0,134.0,9.2,3-Flat (0-10%),user_rate_normalization,1,value_justification,t2_to_t3,,migration_pending,False,False
etl,ELICO LTD.,T1,iPad,Thriving,95.6,,725.0,799.0,74.0,10.2,4-Modest (10-20%),user_rate_normalization,1,value_justification,t1_to_t2,,migration_pending,False,False
cfg,Charleston Forge,T2,iPad+Catalog+Cart,Healthy,66.7,,1405.15,1589.0,183.85,13.1,4-Modest (10-20%),user_rate_normalization,1,value_justification,t2_to_t3,,migration_pending,False,False
sc,Summer Classics ( Wholesale),T3,iPad+Catalog+Portal,Thriving,94.1,,3347.0,3789.0,442.0,13.2,4-Modest (10-20%),user_rate_normalization,1,value_justification,none,,migration_pending,False,False
hfg,Hubbardton Forge,T3,iPad+Catalog+Portal+CPQ,Thriving,91.0,,3045.0,3465.0,420.0,13.8,4-Modest (10-20%),user_rate_normalization,1,value_justification,none,,migration_pending,False,False
cci,Currey & Company,T3,iPad+Catalog+Portal+CPQ+CC,Thriving,91.7,,2190.0,2495.0,305.0,13.9,4-Modest (10-20%),user_rate_normalization,1,value_justification,none,,migration_pending,False,False
bri,Bulbrite,T3,iPad+Catalog+Cart+Portal,Thriving,85.7,,2460.0,2809.0,349.0,14.2,4-Modest (10-20%),discount_correction,1,value_justification,none,,migration_pending,False,False
fc,Furniture Classics,T3,iPad+Catalog+Cart+Portal,Thriving,87.2,,2010.0,2295.0,285.0,14.2,4-Modest (10-20%),user_rate_normalization,1,value_justification,none,,migration_pending,False,False
vcg,Visual Comfort Signature,T1,iPad+Flipbook,Thriving,89.4,,1660.5,1901.0,240.5,14.5,4-Modest (10-20%),multi_org_retirement,1,value_justification,t1_to_t2,,migration_pending,False,False
mli,Maxim Lighting,T1,iPad,Thriving,80.9,,1985.0,2297.0,312.0,15.7,4-Modest (10-20%),user_rate_normalization,1,value_justification,t1_to_t2,,migration_pending,False,False
ol,Oly Studio,T2,iPad+CPQ+CC,Healthy,63.8,,1115.0,1295.0,180.0,16.1,4-Modest (10-20%),discount_correction,1,value_justification,t2_to_t3,,migration_pending,False,False
gh,Gabby,T3,iPad+Catalog+Cart+Portal,Thriving,89.5,,2079.0,2420.0,341.0,16.4,4-Modest (10-20%),user_rate_normalization,1,value_justification,none,,migration_pending,False,False
mlg,Minka Lighting Group,T1,iPad,Thriving,85.3,,1650.0,1937.0,287.0,17.4,4-Modest (10-20%),discount_correction,1,value_justification,t1_to_t2,,migration_pending,False,False
asi,Abaline Supply Inc.,T3,iPad+Catalog+Cart+Portal,Healthy,78.9,,2201.0,2589.0,388.0,17.6,4-Modest (10-20%),user_rate_normalization,1,value_justification,none,,migration_pending,False,False
gl,Golden Lighting,T3,iPad+Catalog+Cart+Portal,Thriving,81.2,,1935.0,2295.0,360.0,18.6,4-Modest (10-20%),discount_correction,1,value_justification,none,,migration_pending,False,False
hf,Hooker Furnishings,T1,iPad,Healthy,71.4,,820.0,974.0,154.0,18.8,4-Modest (10-20%),discount_correction,1,value_justification,t1_to_t2,,migration_pending,False,False
mfc,Morgan Fabrics Corporation,T1,iPad+Catalog,Watch,40.0,,1120.0,749.0,-371.0,-33.1,1-Decrease (>10%),module_compression,2,value_justification,t1_to_t2,,migration_pending,False,False
ap,Alden Home,T2,iPad+Catalog+Cart,Watch,59.4,,1415.0,1295.0,-120.0,-8.5,2-Decrease (0-10%),module_compression,2,value_justification,t2_to_t3,,migration_pending,False,False
mali,Magic Lite,T2,iPad+Catalog+Cart,Unscored,,,1890.0,1875.0,-15.0,-0.8,2-Decrease (0-10%),module_compression,2,value_justification,t2_to_t3,,migration_pending,False,False
tcd,Terracota,T1,iPad,Unscored,,,725.0,749.0,24.0,3.3,3-Flat (0-10%),at_book_tier_shift,2,value_justification,t1_to_t2,,migration_pending,False,False
pebl,Skyard Furniture Co,T1,iPad,Unscored,,,725.0,749.0,24.0,3.3,3-Flat (0-10%),at_book_tier_shift,2,value_justification,t1_to_t2,,migration_pending,False,False
dals,DALS Lighting,T1,iPad,Watch,43.8,,725.0,799.0,74.0,10.2,4-Modest (10-20%),user_rate_normalization,2,value_justification,t1_to_t2,,migration_pending,False,False
cf,Century Furniture,T1,iPad,Watch,40.0,,652.5,749.0,96.5,14.8,4-Modest (10-20%),multi_org_retirement,2,value_justification,t1_to_t2,,migration_pending,False,False
hh,Highland House,T1,iPad,Watch,40.0,,652.5,749.0,96.5,14.8,4-Modest (10-20%),multi_org_retirement,2,value_justification,t1_to_t2,,migration_pending,False,False
luc,Lucas McKearn,T1,iPad,Watch,53.5,,652.5,749.0,96.5,14.8,4-Modest (10-20%),discount_correction,2,value_justification,t1_to_t2,,migration_pending,False,False
ihm,International Home Miami,T1,iPad,Watch,54.7,,725.0,849.0,124.0,17.1,4-Modest (10-20%),discount_correction,2,value_justification,t1_to_t2,,migration_pending,False,False
prog,Coleto Brands | Progress Lighting,T1,iPad,Watch,57.5,,1825.0,2189.0,364.0,19.9,4-Modest (10-20%),user_rate_normalization,2,value_justification,t1_to_t2,,migration_pending,False,False
cst,Coaster,T1,iPad,Unscored,,,1825.0,2189.0,364.0,19.9,4-Modest (10-20%),user_rate_normalization,2,value_justification,t1_to_t2,,migration_pending,False,False
big,Baker-McGuire,T1,iPad,Healthy,66.5,,1385.0,1669.0,284.0,20.5,5-Moderate (20-30%),user_rate_normalization,2,value_justification,t1_to_t2,,migration_pending,False,False
gblx,Globalux,T1,iPad,Healthy,69.2,,1350.0,1629.0,279.0,20.7,5-Moderate (20-30%),discount_correction,2,value_justification,t1_to_t2,,migration_pending,False,False
ih,Interlude Home,T3,iPad+Catalog+Portal+CPQ+CC,Thriving,97.5,,1900.0,2295.0,395.0,20.8,5-Moderate (20-30%),user_rate_normalization,2,value_justification,none,,migration_pending,False,False
fsf,Four Seasons Furniture,T3,iPad+Catalog+Cart+Portal+CPQ,Thriving,96.2,,1880.0,2295.0,415.0,22.1,5-Moderate (20-30%),discount_correction,2,value_justification,none,,migration_pending,False,False
tla,Visual Comfort - Modern,T1,iPad+Flipbook,Thriving,82.8,,1621.5,1991.0,369.5,22.8,5-Moderate (20-30%),user_rate_normalization,2,value_justification,t1_to_t2,,migration_pending,False,False
shl,Savoy House Lighting,T3,iPad+Catalog+Portal+CC,Thriving,83.3,,2175.0,2699.0,524.0,24.1,5-Moderate (20-30%),user_rate_normalization,2,value_justification,none,,migration_pending,False,False
fal,Fine Art Handcrafted Lighting,T1,iPad,Thriving,86.9,,1325.0,1669.0,344.0,26.0,5-Moderate (20-30%),discount_correction,2,value_justification,t1_to_t2,,migration_pending,False,False
vic,Vaxcel International Corporation,T3,iPad+Catalog+Cart+Portal,Healthy,79.5,,1810.0,2295.0,485.0,26.8,5-Moderate (20-30%),user_rate_normalization,2,value_justification,none,,migration_pending,False,False
ali,Access Lighting,T3,iPad+Catalog+Portal,Healthy,79.1,,1795.0,2295.0,500.0,27.9,5-Moderate (20-30%),user_rate_normalization,2,value_justification,none,,migration_pending,False,False
bsc,Butler Specialty Company,T1,iPad,Healthy,77.2,,580.0,749.0,169.0,29.1,5-Moderate (20-30%),discount_correction,2,value_justification,t1_to_t2,,migration_pending,False,False
sp,"Sabine Pools, Spas, & Furniture",T1,iPad,Watch,52.9,,580.0,749.0,169.0,29.1,5-Moderate (20-30%),discount_correction,2,value_justification,hold,,migration_pending,False,False
scw,Summer Classics Retail,T3,iPad+Catalog+Cart+Portal+CPQ,Thriving,92.8,,1930.0,2495.0,565.0,29.3,5-Moderate (20-30%),discount_correction,2,value_justification,none,,migration_pending,False,False
el,Eurofase Inc.,T3,iPad+Catalog+Portal,Thriving,86.9,,2475.0,3215.0,740.0,29.9,5-Moderate (20-30%),user_rate_normalization,2,value_justification,none,,migration_pending,False,False
sca,Shadow Catchers,T1,iPad,Healthy,79.8,,725.0,949.0,224.0,30.9,6-Significant (>30%),user_rate_normalization,2,value_justification,t1_to_t2,high_risk_delta,migration_pending,False,False
kll,Kuzco Lighting Inc.,T3,iPad+Catalog+Cart+Portal,Thriving,87.7,,2155.0,2853.0,698.0,32.4,6-Significant (>30%),user_rate_normalization,2,value_justification,none,high_risk_delta,migration_pending,False,False
rf,Rowe Furniture,T1,iPad,Thriving,80.0,,885.0,1175.0,290.0,32.8,6-Significant (>30%),user_rate_normalization,2,value_justification,t1_to_t2,high_risk_delta,migration_pending,False,False
ihw,Interlude Furniture,T3,iPad+Catalog+Portal+CPQ,Thriving,93.2,,1725.0,2295.0,570.0,33.0,6-Significant (>30%),user_rate_normalization,2,value_justification,none,high_risk_delta,migration_pending,False,False
sarreid,"Sarreid, Ltd.",T3,iPad+Catalog+Portal,Thriving,95.7,,1978.0,2633.0,655.0,33.1,6-Significant (>30%),user_rate_normalization,2,value_justification,none,high_risk_delta,migration_pending,False,False
gsa,Godinger Silver Art Co.,T1,iPad,Healthy,78.6,,725.0,974.0,249.0,34.3,6-Significant (>30%),user_rate_normalization,2,value_justification,t1_to_t2,high_risk_delta,migration_pending,False,False
clc,Capital Lighting Fixture Co.,T3,iPad+Catalog+Portal,Thriving,84.0,,2155.0,2935.0,780.0,36.2,6-Significant (>30%),user_rate_normalization,2,value_justification,none,high_risk_delta,migration_pending,False,False
eli,Elegant Furniture & Lighting,T3,iPad+Catalog+Portal,Healthy,69.6,,2195.0,2995.0,800.0,36.4,6-Significant (>30%),user_rate_normalization,2,value_justification,none,high_risk_delta,migration_pending,False,False
heb,Home Essentials & Beyond,T1,iPad,Thriving,84.4,,725.0,999.0,274.0,37.8,6-Significant (>30%),user_rate_normalization,2,value_justification,t1_to_t2,high_risk_delta,migration_pending,False,False
vce,Visual Comfort Europe,T1,iPad,Thriving,90.7,,652.5,899.0,246.5,37.8,6-Significant (>30%),multi_org_retirement,2,value_justification,t1_to_t2,high_risk_delta,migration_pending,False,False
clli,Craftmade,T3,iPad+Catalog+Portal,Thriving,87.7,,2075.0,2875.0,800.0,38.6,6-Significant (>30%),user_rate_normalization,2,value_justification,none,high_risk_delta,migration_pending,False,False
df,Designer's Fountain,T1,iPad,Healthy,74.8,,725.0,1021.0,296.0,40.8,6-Significant (>30%),discount_correction,2,value_justification,t1_to_t2,high_risk_delta,migration_pending,False,False
wac,WAC/Modern Forms Lighting,T1,iPad,Thriving,93.0,,1750.5,2495.0,744.5,42.5,6-Significant (>30%),multi_org_retirement,2,value_justification,t1_to_t2,high_risk_delta,migration_pending,False,False
am,Alfonso Marina,T2,iPad+CPQ,Thriving,86.4,,920.0,1320.0,400.0,43.5,6-Significant (>30%),discount_correction,2,value_justification,t2_to_t3,high_risk_delta,migration_pending,False,False
afx,"AFX, Inc.",T1,iPad,Healthy,63.7,,725.0,1043.0,318.0,43.9,6-Significant (>30%),user_rate_normalization,2,value_justification,t1_to_t2,high_risk_delta,migration_pending,False,False
sbl,Schonbek Lighting,T1,iPad,Thriving,86.5,,1408.5,2081.0,672.5,47.7,6-Significant (>30%),multi_org_retirement,2,value_justification,t1_to_t2,high_risk_delta,migration_pending,False,False
eglo_can,EGLO Canada,T1,iPad,Thriving,89.0,,652.5,974.0,321.5,49.3,6-Significant (>30%),multi_org_retirement,2,value_justification,t1_to_t2,high_risk_delta,migration_pending,False,False
uhc,Uniware Housewares Corp.,T1,iPad,Thriving,84.8,,725.0,1087.0,362.0,49.9,6-Significant (>30%),user_rate_normalization,2,value_justification,t1_to_t2,high_risk_delta,migration_pending,False,False
mlc,Matteo Lighting,T1,iPad,Thriving,84.0,,950.0,1469.0,519.0,54.6,6-Significant (>30%),discount_correction,2,value_justification,t1_to_t2,high_risk_delta,migration_pending,False,False
all,Accord Lighting,T1,iPad,Healthy,61.4,,965.0,1529.0,564.0,58.4,6-Significant (>30%),user_rate_normalization,2,value_justification,t1_to_t2,high_risk_delta,migration_pending,False,False
fms,Visual Comfort - Studio /Fans,T1,iPad+Flipbook,Thriving,85.5,,1441.5,2315.0,873.5,60.6,6-Significant (>30%),user_rate_normalization,2,value_justification,t1_to_t2,high_risk_delta,migration_pending,False,False
da,Dainolite Ltd.,T1,iPad,Thriving,89.3,,745.0,1197.0,452.0,60.7,6-Significant (>30%),user_rate_normalization,2,value_justification,t1_to_t2,high_risk_delta,migration_pending,False,False
jc,Jonathan Charles Fine Furniture Ltd.,T3,iPad+Catalog+Portal+CPQ,Thriving,89.6,,1426.5,2295.0,868.5,60.9,6-Significant (>30%),user_rate_normalization,2,value_justification,none,high_risk_delta,migration_pending,False,False
kkc,Kindel Karges Furniture,T2,iPad+CPQ,Healthy,64.2,,795.0,1295.0,500.0,62.9,6-Significant (>30%),user_rate_normalization,2,value_justification,t2_to_t3,high_risk_delta,migration_pending,False,False
jcusa,Jonathan Charles Designs Inc.,T2,iPad+CPQ,Thriving,85.9,,795.0,1295.0,500.0,62.9,6-Significant (>30%),user_rate_normalization,2,value_justification,t2_to_t3,high_risk_delta,migration_pending,False,False
yw,Yutzy Woodworking,T1,iPad+Flipbook,Thriving,80.7,,495.0,849.0,354.0,71.5,6-Significant (>30%),special_arrangement,2,value_justification,t1_to_t2,high_risk_delta,migration_pending,False,False
st,Sixtrees Limited,T1,iPad+Catalog,Watch,40.0,,435.0,749.0,314.0,72.2,6-Significant (>30%),discount_correction,2,value_justification,hold,high_risk_delta,migration_pending,False,False
kl,Coleto Brands | Kichler,T1,iPad,Watch,55.4,,725.0,1285.0,560.0,77.2,6-Significant (>30%),user_rate_normalization,2,value_justification,hold,high_risk_delta,migration_pending,False,False
gcl,Geo Contemporary,T2,iPad+CPQ,Healthy,72.5,,795.0,1420.0,625.0,78.6,6-Significant (>30%),discount_correction,2,value_justification,t2_to_t3,high_risk_delta,migration_pending,False,False
dccl,Donald Choi Canada,T2,iPad+Catalog+Cart,Healthy,66.2,,725.0,1295.0,570.0,78.6,6-Significant (>30%),discount_correction,2,value_justification,t2_to_t3,high_risk_delta,migration_pending,False,False
tam,Theodore Alexander Manhasset,T2,iPad+CPQ+CC,Thriving,85.2,,725.0,1295.0,570.0,78.6,6-Significant (>30%),discount_correction,2,value_justification,t2_to_t3,high_risk_delta,migration_pending,False,False
eglo,Eglo USA Inc.,T1,iPad,Thriving,85.9,,725.0,1307.0,582.0,80.3,6-Significant (>30%),user_rate_normalization,2,value_justification,t1_to_t2,high_risk_delta,migration_pending,False,False
pw,Philip Whitney,T1,iPad,Healthy,62.2,,375.0,774.0,399.0,106.4,6-Significant (>30%),discount_correction,2,value_justification,t1_to_t2,high_risk_delta,migration_pending,False,False
vl,Ciana Varaluz LLC,T1,iPad,Thriving,87.0,,725.0,1509.0,784.0,108.1,6-Significant (>30%),user_rate_normalization,2,value_justification,t1_to_t2,high_risk_delta,migration_pending,False,False
arl,Arabela Lighting,T1,iPad,Healthy,63.9,,652.5,1369.0,716.5,109.8,6-Significant (>30%),discount_correction,2,value_justification,t1_to_t2,high_risk_delta,migration_pending,False,False
ssi,"Studio Silversmiths, Inc.",T1,iPad,Healthy,68.4,,375.0,849.0,474.0,126.4,6-Significant (>30%),discount_correction,2,value_justification,t1_to_t2,high_risk_delta,migration_pending,False,False
wag,Wendover Art Group,T2,iPad+CC,Thriving,87.2,,725.0,2075.0,1350.0,186.2,6-Significant (>30%),discount_correction,2,value_justification,t2_to_t3,high_risk_delta,migration_pending,False,False
rac,Ricci Argentieri Company,T1,iPad,Thriving,93.0,,375.0,1109.0,734.0,195.7,6-Significant (>30%),discount_correction,2,value_justification,t1_to_t2,high_risk_delta,migration_pending,False,False
cl,Corbett Lighting,T1,iPad,Watch,40.0,,350.0,1087.0,737.0,210.6,6-Significant (>30%),discount_correction,2,value_justification,hold,high_risk_delta,migration_pending,False,False
tl,Troy Lighting,T1,iPad,Watch,51.2,,350.0,1109.0,759.0,216.9,6-Significant (>30%),discount_correction,2,value_justification,hold,high_risk_delta,migration_pending,False,False
hvl,Hudson Valley Lighting,T1,iPad,Watch,49.6,,350.0,1349.0,999.0,285.4,6-Significant (>30%),discount_correction,2,value_justification,hold,high_risk_delta,migration_pending,False,False
sccon,Summer Classics Contract,T3,iPad+Catalog+Cart+Portal,Thriving,93.3,,90.0,2295.0,2205.0,2450.0,6-Significant (>30%),user_rate_normalization,2,value_justification,none,high_risk_delta,migration_pending,False,False
krb,Kaleen Rugs & Broadloom,T1,iPad,At Risk,31.5,,725.0,749.0,24.0,3.3,3-Flat (0-10%),at_book_tier_shift,3,value_justification,hold,low_health,migration_pending,False,False
