org_shortname,org_name,parent_entity,bundle,arr,arr_source,health_score,health_band,growth_score,growth_band,classification,churn_risk,churn_risk_severity,expansion_ready,expansion_type,healthy_complete,engagement_score,adoption_score,value_delivery_score,operational_health_score,trajectory_score,bundle_upgrade_signal,feature_gap_score,customer_headroom_score,peer_benchmark_gap,risk_modifier_applied,scoring_status,missing_data_flags,score_explanation,hs_lifecycle_stale,hs_join_missing,arr_data_gap
bp,Buster & Punch,buster & punch,iPad-only,,none,41,Watch,45,Developing,Intervene,False,,False,,False,60,57,20,36,30,75,0,0,58,,complete,,Buster & Punch (iPad-only) scores 41 Health / 45 Growth → Intervene. Value Delivery (20) is critically low; immediate attention required.,True,True,True
yw,Yutzy Woodworking,yutzy woodworking,iPad-only,9900.0,direct,40,Watch,45,Developing,Intervene,False,,False,,False,60,43,40,30,0,75,0,0,58,,complete,,Yutzy Woodworking (iPad-only) scores 40 Health / 45 Growth → Intervene. Trajectory (0) is critically low; immediate attention required.,True,False,False
dccl,Donald Choi Canada,donald choi canada,iPad+Catalog+Cart,,none,53,Watch,58,Developing,Intervene,False,,False,,False,70,67,40,46,30,50,50,60,75,,complete,,Donald Choi Canada (iPad+Catalog+Cart) scores 53 Health / 58 Growth → Intervene. Trajectory (30) is critically low; immediate attention required.,True,True,True
tam,Theodore Alexander Manhasset,theodore¬¨‚ä†alexander,iPad-only,28235.0,direct,70,Healthy,40,Developing,Maintain,False,,False,,False,80,71,60,80,60,75,0,0,37,,complete,,Theodore Alexander Manhasset (iPad-only) scores 70 Health / 40 Growth → Maintain. Operational Health (80) leads health; stable with standard cadence.,True,False,False
jc,Jonathan Charles Fine Furniture Ltd.,jonathan charles,iPad+Catalog+Portal,9660.0,direct,20,At Risk,47,Developing,Intervene,True,immediate,False,,False,50,33,10,78,0,50,0,0,100,RM-2,complete,,Jonathan Charles Fine Furniture Ltd. (iPad+Catalog+Portal) scores 20 Health / 47 Growth → Intervene. Trajectory (0) is critically low; immediate attention required.,False,False,False
cfg,Charleston Forge,charleston forge,iPad+Catalog+Cart,,none,52,Watch,62,Ready,Stabilize First,False,,False,,False,20,89,60,54,30,75,50,73,45,,complete,,"Charleston Forge (iPad+Catalog+Cart) scores 52 Health / 62 Growth → Stabilize First. Engagement (20) is the primary health deficit; however, growth signals indicate expansion opportunity once health recovers.",True,True,True
big,Baker-McGuire,baker¬¨‚ä†interiors group,iPad-only,,none,82,Thriving,67,Ready,Expand,False,,True,bundle_upgrade_signal,False,70,100,100,82,20,100,50,0,37,,complete,,Baker-McGuire (iPad-only) scores 82 Health / 67 Growth → Expand. Value Delivery (100) drives health; bundle upgrade signal signals growth opportunity.,True,True,True
ril,Ratana International Ltd.,ratana international ltd.,Full,23705.0,direct,55,Watch,72,Ready,Stabilize First,False,,False,,False,40,80,35,70,80,0,50,73,100,,complete,,"Ratana International Ltd. (Full) scores 55 Health / 72 Growth → Stabilize First. Value Delivery (35) is the primary health deficit; however, growth signals indicate expansion opportunity once health recovers.",False,False,False
jcusa,Jonathan Charles Designs Inc.,jonathan charles,iPad-only,0.0,none,40,Watch,40,Developing,Intervene,False,,False,,False,20,71,20,100,0,75,0,0,37,,complete,,Jonathan Charles Designs Inc. (iPad-only) scores 40 Health / 40 Growth → Intervene. Trajectory (0) is critically low; immediate attention required.,False,False,True
fsf,Four Seasons Furniture,four seasons furniture,Full,22560.0,direct,75,Healthy,54,Developing,Maintain,False,,False,,False,30,90,100,94,50,0,50,67,42,,complete,,Four Seasons Furniture (Full) scores 75 Health / 54 Growth → Maintain. Value Delivery (100) leads health; stable with standard cadence.,False,False,False
tel,Tomlinson Companies,tomlinson companies,iPad+Catalog,13440.0,direct,18,Critical,41,Developing,Intervene,True,monitored,False,,False,30,25,20,0,0,50,0,0,80,,complete,,Tomlinson Companies (iPad+Catalog) scores 18 Health / 41 Growth → Intervene. Operational Health (0) is critically low; immediate attention required.,False,False,False
mfc,Morgan Fabrics Corporation,morgan fabrics corporation,iPad+Catalog,13440.0,direct,38,At Risk,47,Developing,Intervene,False,,False,,False,20,62,40,26,50,75,0,0,63,,complete,,Morgan Fabrics Corporation (iPad+Catalog) scores 38 Health / 47 Growth → Intervene. Engagement (20) is critically low; immediate attention required.,False,False,False
gc,Groupe Courchesne,groupe courchesne,iPad+Catalog+Cart,16980.0,direct,65,Healthy,47,Developing,Maintain,False,,False,,False,30,78,73,80,80,75,0,73,33,,complete,,Groupe Courchesne (iPad+Catalog+Cart) scores 65 Health / 47 Growth → Maintain. Trajectory (80) leads health; stable with standard cadence.,True,False,False
df,Designers Fountain,designer's fountain,iPad-only,9110.0,direct,66,Healthy,41,Developing,Maintain,False,,False,,False,60,86,60,100,10,75,0,0,40,,complete,,Designers Fountain (iPad-only) scores 66 Health / 41 Growth → Maintain. Operational Health (100) leads health; stable with standard cadence.,False,False,False
vcg,Visual Comfort Signature,generation brands,iPad-only,11304.0,direct,84,Thriving,59,Developing,Maintain,False,,False,,False,70,100,100,60,80,100,50,0,10,,complete,,Visual Comfort Signature (iPad-only) scores 84 Health / 59 Growth → Maintain. Value Delivery (100) leads health; stable with standard cadence.,False,False,False
vic,Vaxcel International Corporation,vaxcel international corporation,Full,21720.0,direct,52,Watch,62,Ready,Stabilize First,False,,False,,False,30,90,45,50,60,0,50,60,80,,complete,,"Vaxcel International Corporation (Full) scores 52 Health / 62 Growth → Stabilize First. Engagement (30) is the primary health deficit; however, growth signals indicate expansion opportunity once health recovers.",False,False,False
ah,Alfresco Home,alfresco home,iPad+Catalog+Cart,18200.0,direct,73,Healthy,59,Developing,Maintain,False,,False,,False,40,100,60,100,100,75,50,73,30,,complete,,Alfresco Home (iPad+Catalog+Cart) scores 73 Health / 59 Growth → Maintain. Trajectory (100) leads health; stable with standard cadence.,False,False,False
kii,"Kennedy International, Inc.","kennedy international, inc.",iPad+Catalog+Cart,,none,61,Healthy,60,Ready,Expand,False,,True,bundle_upgrade_signal,False,60,78,53,52,70,75,50,73,33,,complete,,"Kennedy International, Inc. (iPad+Catalog+Cart) scores 61 Health / 60 Growth → Expand. Adoption (78) drives health; bundle upgrade signal signals growth opportunity.",True,True,True
mah,Moda at Home Enterprises Ltd,moda at home enterprises ltd,iPad+Catalog+Cart,16642.5,direct,55,Watch,47,Developing,Intervene,False,,False,,False,30,78,53,52,80,75,0,73,33,,complete,,Moda at Home Enterprises Ltd (iPad+Catalog+Cart) scores 55 Health / 47 Growth → Intervene. Engagement (30) is critically low; immediate attention required.,True,False,False
hf,Hooker Furnishings,hooker furnishings,iPad-only,10240.0,direct,58,Watch,52,Developing,Intervene,False,,False,,False,60,86,60,54,0,75,50,0,20,,complete,,Hooker Furnishings (iPad-only) scores 58 Health / 52 Growth → Intervene. Trajectory (0) is critically low; immediate attention required.,False,False,False
afx,"AFX, Inc.","afx, inc.",iPad-only,9165.0,direct,72,Healthy,52,Developing,Maintain,False,,False,,False,60,71,60,100,100,75,0,0,83,,complete,,"AFX, Inc. (iPad-only) scores 72 Health / 52 Growth → Maintain. Trajectory (100) leads health; stable with standard cadence.",False,False,False
heb,Home Essentials & Beyond,home essentials & beyond,iPad-only,8820.0,direct,83,Thriving,62,Ready,Expand,False,,True,bundle_upgrade_signal,False,70,86,100,70,80,100,50,0,20,,complete,,Home Essentials & Beyond (iPad-only) scores 83 Health / 62 Growth → Expand. Value Delivery (100) drives health; bundle upgrade signal signals growth opportunity.,False,False,False
fal,Fine Art Handcrafted Lighting,fine art handcrafted lighting,iPad-only,16975.0,direct,58,Watch,40,Developing,Intervene,False,,False,,False,60,100,60,30,10,75,0,0,37,,complete,,Fine Art Handcrafted Lighting (iPad-only) scores 58 Health / 40 Growth → Intervene. Trajectory (10) is critically low; immediate attention required.,True,False,False
bri,Bulbrite,bulbrite,Full,31745.0,direct,70,Healthy,40,Developing,Maintain,False,,False,,False,40,90,75,80,70,0,0,73,50,,complete,,Bulbrite (Full) scores 70 Health / 40 Growth → Maintain. Adoption (90) leads health; stable with standard cadence.,False,False,False
sbmh,Somerset Bay and Modern History,somerset bay and modern history,Full,,none,63,Healthy,53,Developing,Maintain,False,,False,,False,20,100,80,60,50,0,50,73,33,,complete,,Somerset Bay and Modern History (Full) scores 63 Health / 53 Growth → Maintain. Adoption (100) leads health; stable with standard cadence.,False,False,True
sarreid,"Sarreid, Ltd.","sarreid, ltd.",iPad+Catalog+Portal,22696.0,direct,97,Thriving,49,Developing,Maintain,False,,False,,False,100,100,100,94,80,75,50,0,10,,complete,,"Sarreid, Ltd. (iPad+Catalog+Portal) scores 97 Health / 49 Growth → Maintain. Value Delivery (100) leads health; stable with standard cadence.",False,False,False
bcf,Braxton Culler,braxton culler,Full,26620.0,direct,74,Healthy,59,Developing,Maintain,False,,False,,False,40,90,90,88,60,0,50,73,52,,complete,,Braxton Culler (Full) scores 74 Health / 59 Growth → Maintain. Value Delivery (90) leads health; stable with standard cadence.,False,False,False
fc,Furniture Classics,furniture classics,Full,23960.0,direct,68,Healthy,50,Developing,Maintain,False,,False,,False,40,100,85,40,60,0,50,73,20,,complete,,Furniture Classics (Full) scores 68 Health / 50 Growth → Maintain. Adoption (100) leads health; stable with standard cadence.,False,False,False
jyc,Jamie Young Company,jamie young company,Full,35725.0,direct,66,Healthy,47,Developing,Maintain,False,,False,,False,30,100,75,60,70,0,50,73,10,,complete,,Jamie Young Company (Full) scores 66 Health / 47 Growth → Maintain. Adoption (100) leads health; stable with standard cadence.,False,False,False
ta,Theodore Alexander,theodore¬¨‚ä†alexander,Full,28235.0,direct,70,Healthy,71,Ready,Expand,False,,True,feature_gap,False,60,90,55,100,50,0,75,73,63,,complete,,Theodore Alexander (Full) scores 70 Health / 71 Growth → Expand. Operational Health (100) drives health; feature gap signals growth opportunity.,True,False,False
lpf,Linon/Powell Furniture,linon/powell furniture,Full,,none,69,Healthy,57,Developing,Maintain,False,,False,,False,40,100,85,56,50,0,50,73,45,,complete,,Linon/Powell Furniture (Full) scores 69 Health / 57 Growth → Maintain. Adoption (100) leads health; stable with standard cadence.,False,False,True
wag,Wendover Art Group,wendover art group,iPad-only,,none,88,Thriving,67,Ready,Expand,False,,True,bundle_upgrade_signal,False,70,100,100,70,100,100,50,0,37,,complete,,Wendover Art Group (iPad-only) scores 88 Health / 67 Growth → Expand. Trajectory (100) drives health; bundle upgrade signal signals growth opportunity.,True,True,True
gsa,Godinger Silver Art Co.,godinger silver art co.,iPad-only,8720.0,direct,69,Healthy,41,Developing,Maintain,False,,False,,False,70,57,60,82,100,75,0,0,40,,complete,,Godinger Silver Art Co. (iPad-only) scores 69 Health / 41 Growth → Maintain. Trajectory (100) leads health; stable with standard cadence.,False,False,False
ali,Access Lighting,access lighting,iPad+Catalog+Portal,21500.0,direct,60,Healthy,45,Developing,Maintain,False,,False,,False,40,89,40,70,100,50,0,0,92,,complete,,Access Lighting (iPad+Catalog+Portal) scores 60 Health / 45 Growth → Maintain. Trajectory (100) leads health; stable with standard cadence.,False,False,False
gl,Golden Lighting,golden lighting,Full,24595.0,direct,59,Watch,52,Developing,Intervene,False,,False,,False,30,80,45,80,100,0,0,73,92,,complete,,Golden Lighting (Full) scores 59 Health / 52 Growth → Intervene. Engagement (30) is critically low; immediate attention required.,False,False,False
uhc,Uniware Housewares Corp.,uniware housewares corp.,iPad-only,8740.0,direct,62,Healthy,44,Developing,Maintain,False,,False,,False,90,43,20,100,100,75,0,0,53,,complete,,Uniware Housewares Corp. (iPad-only) scores 62 Health / 44 Growth → Maintain. Trajectory (100) leads health; stable with standard cadence.,False,False,False
sccon,Summer Classics Contract,gabriella white,Full,20548.5,direct,68,Healthy,59,Developing,Maintain,False,,False,,False,40,90,60,82,100,0,75,73,20,,complete,,Summer Classics Contract (Full) scores 68 Health / 59 Growth → Maintain. Trajectory (100) leads health; stable with standard cadence.,False,False,False
am,Alfonso Marina,alfonso marina,iPad-only,10120.0,direct,62,Healthy,44,Developing,Maintain,False,,False,,False,60,100,60,50,20,75,0,0,53,,complete,,Alfonso Marina (iPad-only) scores 62 Health / 44 Growth → Maintain. Adoption (100) leads health; stable with standard cadence.,False,False,False
abol,Americas Backyards,america's backyards,iPad-only,10215.0,direct,47,Watch,22,Not Ready,Intervene,False,,False,,False,60,29,20,70,100,0,0,0,83,,complete,,Americas Backyards (iPad-only) scores 47 Health / 22 Growth → Intervene. Value Delivery (20) is critically low; immediate attention required.,False,False,False
gblx,Globalux Lighting & Fans,globalux,iPad-only,5500.0,direct,57,Watch,35,Not Ready,Intervene,False,,False,,False,60,71,40,40,100,50,0,0,58,,complete,,Globalux Lighting & Fans (iPad-only) scores 57 Health / 35 Growth → Intervene. Value Delivery (40) is critically low; immediate attention required.,True,False,False
ol,Oly Studio,oly studio,iPad-only,12210.0,direct,20,At Risk,39,Not Ready,Intervene,True,immediate,False,,False,30,14,0,68,0,50,0,0,70,RM-2,complete,,Oly Studio (iPad-only) scores 20 Health / 39 Growth → Intervene. Value Delivery (0) is critically low; immediate attention required.,False,False,False
prog,Coleto Brands | Progress Lighting,coleto brands,iPad-only,29700.0,direct,64,Healthy,55,Developing,Maintain,False,,False,,False,60,57,60,62,100,75,0,0,92,,complete,,Coleto Brands | Progress Lighting (iPad-only) scores 64 Health / 55 Growth → Maintain. Trajectory (100) leads health; stable with standard cadence.,False,False,False
sca,Shadow Catchers,shadow catchers,iPad-only,8700.0,direct,81,Thriving,49,Developing,Maintain,False,,False,,False,60,86,80,96,100,100,0,0,32,,complete,,Shadow Catchers (iPad-only) scores 81 Health / 49 Growth → Maintain. Trajectory (100) leads health; stable with standard cadence.,False,False,False
rf,Rowe Furniture,rowe furniture,iPad-only,9380.0,direct,63,Healthy,33,Not Ready,Maintain,False,,False,,False,80,71,60,48,40,75,0,0,10,,complete,,Rowe Furniture (iPad-only) scores 63 Health / 33 Growth → Maintain. Engagement (80) leads health; stable with standard cadence.,False,False,False
swc,Sauder Woodworking,sauder woodworking,iPad-only,8700.0,direct,63,Healthy,38,Not Ready,Maintain,False,,False,,False,60,71,60,100,10,75,0,0,30,,complete,,Sauder Woodworking (iPad-only) scores 63 Health / 38 Growth → Maintain. Operational Health (100) leads health; stable with standard cadence.,False,False,False
lss,Lifestyle Solutions,lifestyle solutions,iPad-only,8700.0,direct,69,Healthy,58,Developing,Maintain,False,,False,,False,60,71,60,88,90,75,50,0,42,,complete,,Lifestyle Solutions (iPad-only) scores 69 Health / 58 Growth → Maintain. Trajectory (90) leads health; stable with standard cadence.,False,False,False
soi,Silver One,silver one,iPad-only,8700.0,direct,40,Watch,18,Not Ready,Intervene,False,,False,,False,60,29,20,32,80,0,0,0,67,,complete,,Silver One (iPad-only) scores 40 Health / 18 Growth → Intervene. Value Delivery (20) is critically low; immediate attention required.,False,False,False
etl,ELICO LTD.,elico ltd.,iPad-only,8700.0,direct,80,Thriving,67,Ready,Expand,False,,True,bundle_upgrade_signal,False,80,71,80,94,80,100,50,0,37,,complete,,ELICO LTD. (iPad-only) scores 80 Health / 67 Growth → Expand. Operational Health (94) drives health; bundle upgrade signal signals growth opportunity.,True,False,False
krb,Kaleen Rugs & Broadloom,kaleen rugs & broadloom,iPad-only,2900.0,direct,18,Critical,38,Not Ready,Intervene,True,monitored,False,,False,30,14,0,8,60,50,0,0,67,,complete,,Kaleen Rugs & Broadloom (iPad-only) scores 18 Health / 38 Growth → Intervene. Value Delivery (0) is critically low; immediate attention required.,True,False,False
dals,DALS Lighting,dals lighting,iPad-only,,none,40,Watch,45,Developing,Intervene,False,,False,,False,50,57,20,40,40,75,0,0,58,,complete,,DALS Lighting (iPad-only) scores 40 Health / 45 Growth → Intervene. Value Delivery (20) is critically low; immediate attention required.,True,True,True
ihw,Interlude Furniture,interlude home,iPad+Catalog+Portal,4915.0,direct,78,Healthy,67,Ready,Expand,False,,True,bundle_upgrade_signal,False,70,89,80,88,60,75,50,0,75,,complete,,Interlude Furniture (iPad+Catalog+Portal) scores 78 Health / 67 Growth → Expand. Adoption (89) drives health; bundle upgrade signal signals growth opportunity.,False,False,False
sc,Gabriella White,gabriella white,iPad+Catalog+Portal,30904.0,direct,89,Thriving,57,Developing,Maintain,False,,False,,False,90,100,90,82,70,75,50,0,37,,complete,,Gabriella White (iPad+Catalog+Portal) scores 89 Health / 57 Growth → Maintain. Adoption (100) leads health; stable with standard cadence.,False,False,False
ih,Interlude Home,interlude home,iPad+Catalog+Portal,4915.0,direct,89,Thriving,55,Developing,Maintain,False,,False,,False,90,100,90,94,50,75,50,0,30,,complete,,Interlude Home (iPad+Catalog+Portal) scores 89 Health / 55 Growth → Maintain. Adoption (100) leads health; stable with standard cadence.,False,False,False
rw,RENWIL,renwil,iPad+Catalog+Portal,28249.04,direct,84,Thriving,39,Not Ready,Maintain,False,,False,,True,70,89,80,100,100,50,50,0,10,,complete,,RENWIL (iPad+Catalog+Portal) scores 84 Health / 39 Growth → Maintain. Trajectory (100) leads health; stable with standard cadence.,False,False,False
cci,Currey & Company,currey & company,iPad+Catalog+Portal,26420.0,direct,77,Healthy,47,Developing,Maintain,False,,False,,False,80,89,80,64,60,50,50,0,40,,complete,,Currey & Company (iPad+Catalog+Portal) scores 77 Health / 47 Growth → Maintain. Adoption (89) leads health; stable with standard cadence.,False,False,False
ml,Millennium Lighting,millennium lighting,iPad+Catalog,18360.0,direct,85,Thriving,55,Developing,Maintain,False,,False,,False,60,100,100,100,50,75,50,0,32,,complete,,Millennium Lighting (iPad+Catalog) scores 85 Health / 55 Growth → Maintain. Operational Health (100) leads health; stable with standard cadence.,False,False,False
mlc,Matteo Lighting,matteo lighting,iPad-only,13175.0,direct,75,Healthy,41,Developing,Maintain,False,,False,,False,60,86,60,100,100,75,0,0,40,,complete,,Matteo Lighting (iPad-only) scores 75 Health / 41 Growth → Maintain. Trajectory (100) leads health; stable with standard cadence.,False,False,False
da,Dainolite Ltd.,dainolite ltd.,iPad-only,9500.0,direct,65,Healthy,62,Ready,Expand,False,,True,bundle_upgrade_signal,False,70,71,60,60,60,75,50,0,58,,complete,,Dainolite Ltd. (iPad-only) scores 65 Health / 62 Growth → Expand. Adoption (71) drives health; bundle upgrade signal signals growth opportunity.,True,False,False
mlg,Minka Lighting Group,minka lighting group,iPad-only,,none,86,Thriving,67,Ready,Expand,False,,True,bundle_upgrade_signal,False,70,100,100,60,100,100,50,0,37,,complete,,Minka Lighting Group (iPad-only) scores 86 Health / 67 Growth → Expand. Trajectory (100) drives health; bundle upgrade signal signals growth opportunity.,True,True,True
kal,Kalco Lighting / Allegri Crystal,kalco lighting / allegri crystal,Full,29360.0,direct,58,Watch,41,Developing,Intervene,False,,False,,False,20,90,50,64,100,0,0,73,52,,complete,,Kalco Lighting / Allegri Crystal (Full) scores 58 Health / 41 Growth → Intervene. Engagement (20) is critically low; immediate attention required.,False,False,False
ihm,International Home Miami,international home miami,iPad-only,8450.0,direct,46,Watch,43,Developing,Intervene,False,,False,,False,60,57,20,92,0,75,0,0,47,,complete,,International Home Miami (iPad-only) scores 46 Health / 43 Growth → Intervene. Trajectory (0) is critically low; immediate attention required.,True,False,False
eglo,Eglo USA Inc.,eglo usa inc.,iPad-only,8450.0,direct,75,Healthy,67,Ready,Expand,False,,True,bundle_upgrade_signal,False,60,100,80,60,70,100,50,0,37,,complete,,Eglo USA Inc. (iPad-only) scores 75 Health / 67 Growth → Expand. Adoption (100) drives health; bundle upgrade signal signals growth opportunity.,False,False,False
eli,Elegant Furniture & Lighting,elegant furniture & lighting,iPad+Catalog+Cart,27060.0,direct,57,Watch,66,Ready,Stabilize First,False,,False,,False,30,89,33,80,100,75,50,73,63,,complete,,"Elegant Furniture & Lighting (iPad+Catalog+Cart) scores 57 Health / 66 Growth → Stabilize First. Engagement (30) is the primary health deficit; however, growth signals indicate expansion opportunity once health recovers.",False,False,False
wwjc,Wildwood/Chelsea House,wildwood/chelsea house,Full,40220.0,direct,76,Healthy,50,Developing,Maintain,False,,False,,False,40,90,85,100,80,0,50,73,20,,complete,,Wildwood/Chelsea House (Full) scores 76 Health / 50 Growth → Maintain. Operational Health (100) leads health; stable with standard cadence.,False,False,False
clli,Craftmade,litex industries,iPad+Catalog+Portal,26065.0,direct,82,Thriving,52,Developing,Maintain,False,,False,,False,30,100,100,94,100,75,50,0,20,,complete,,Craftmade (iPad+Catalog+Portal) scores 82 Health / 52 Growth → Maintain. Trajectory (100) leads health; stable with standard cadence.,False,False,False
el,Eurofase Inc.,eurofase inc.,iPad+Catalog+Portal,,none,85,Thriving,40,Developing,Maintain,False,,False,,False,70,100,90,70,100,75,0,0,37,,complete,,Eurofase Inc. (iPad+Catalog+Portal) scores 85 Health / 40 Growth → Maintain. Trajectory (100) leads health; stable with standard cadence.,True,True,True
hfg,Hubbardton Forge,hubbardton forge,iPad+Catalog+Portal,35540.0,direct,82,Thriving,52,Developing,Maintain,False,,False,,False,60,100,90,70,90,75,50,0,20,,complete,,Hubbardton Forge (iPad+Catalog+Portal) scores 82 Health / 52 Growth → Maintain. Adoption (100) leads health; stable with standard cadence.,False,False,False
pf,Palecek,palecek,iPad+Catalog,39660.0,direct,91,Thriving,52,Developing,Maintain,False,,False,,False,80,100,100,80,90,75,50,0,20,,complete,,Palecek (iPad+Catalog) scores 91 Health / 52 Growth → Maintain. Value Delivery (100) leads health; stable with standard cadence.,False,False,False
kl,Coleto Brands | Kichler,coleto brands,iPad-only,,none,73,Healthy,43,Developing,Maintain,False,,False,,False,60,86,60,86,100,75,0,0,47,,complete,,Coleto Brands | Kichler (iPad-only) scores 73 Health / 43 Growth → Maintain. Trajectory (100) leads health; stable with standard cadence.,False,False,True
eglo_can,EGLO Canada,eglo canada,iPad-only,9680.0,direct,67,Healthy,35,Not Ready,Maintain,False,,False,,False,60,86,60,80,50,75,0,0,20,,complete,,EGLO Canada (iPad-only) scores 67 Health / 35 Growth → Maintain. Adoption (86) leads health; stable with standard cadence.,False,False,False
arl,Arabela Lighting,arabela lighting,iPad-only,8700.0,direct,75,Healthy,43,Developing,Maintain,False,,False,,False,60,86,60,96,100,75,0,0,47,,complete,,Arabela Lighting (iPad-only) scores 75 Health / 43 Growth → Maintain. Trajectory (100) leads health; stable with standard cadence.,True,False,False
cf,Century Furniture,century furniture,iPad-only,9135.0,direct,41,Watch,16,Not Ready,Intervene,False,,False,,False,30,57,40,62,10,0,0,0,60,,complete,,Century Furniture (iPad-only) scores 41 Health / 16 Growth → Intervene. Trajectory (10) is critically low; immediate attention required.,False,False,False
hh,Highland House,century furniture,iPad-only,6525.0,direct,20,At Risk,27,Not Ready,Intervene,True,immediate,False,,False,30,14,0,42,40,0,0,0,100,RM-2,complete,,Highland House (iPad-only) scores 20 Health / 27 Growth → Intervene. Value Delivery (0) is critically low; immediate attention required.,False,False,False
luc,Lucas McKearn,lucas mckearn,iPad-only,11070.0,direct,49,Watch,55,Developing,Intervene,False,,False,,False,60,71,20,58,50,75,0,0,92,,complete,,Lucas McKearn (iPad-only) scores 49 Health / 55 Growth → Intervene. Value Delivery (20) is critically low; immediate attention required.,False,False,False
vce,Visual Comfort Europe,visual comfort europe,iPad-only,11304.0,direct,76,Healthy,43,Developing,Maintain,False,,False,,False,80,86,60,100,60,75,0,0,50,,complete,,Visual Comfort Europe (iPad-only) scores 76 Health / 43 Growth → Maintain. Operational Health (100) leads health; stable with standard cadence.,False,False,False
mpc,Pioneer Morton,abaline,iPad+Catalog+Cart,15282.0,direct,68,Healthy,38,Not Ready,Maintain,False,,False,,False,60,67,73,100,30,50,0,67,32,,complete,,Pioneer Morton (iPad+Catalog+Cart) scores 68 Health / 38 Growth → Maintain. Operational Health (100) leads health; stable with standard cadence.,False,False,False
all,Accord Lighting,accord lighting,iPad-only,,none,56,Watch,43,Developing,Intervene,False,,False,,False,60,71,40,66,50,75,0,0,47,,complete,,Accord Lighting (iPad-only) scores 56 Health / 43 Growth → Intervene. Value Delivery (40) is critically low; immediate attention required.,True,True,True
gh,Gabby,gabriella white,Full,,none,76,Healthy,62,Ready,Expand,False,,True,feature_gap,False,40,90,85,82,100,0,75,73,33,,complete,,Gabby (Full) scores 76 Health / 62 Growth → Expand. Trajectory (100) drives health; feature gap signals growth opportunity.,True,True,True
gcl,Geo Contemporary,geo contemporary,iPad-only,9740.0,direct,49,Watch,55,Developing,Intervene,False,,False,,False,60,43,20,64,100,75,0,0,92,,complete,,Geo Contemporary (iPad-only) scores 49 Health / 55 Growth → Intervene. Value Delivery (20) is critically low; immediate attention required.,False,False,False
mh,Magnussen Home,magnussen home,iPad-only,,none,70,Healthy,67,Ready,Expand,False,,True,bundle_upgrade_signal,False,80,100,80,30,20,100,50,0,37,,complete,,Magnussen Home (iPad-only) scores 70 Health / 67 Growth → Expand. Adoption (100) drives health; bundle upgrade signal signals growth opportunity.,True,True,True
asi,Abaline Supply Inc.,abaline,Full,,none,65,Healthy,42,Developing,Maintain,False,,False,,False,60,60,75,82,30,0,0,67,63,,complete,,Abaline Supply Inc. (Full) scores 65 Health / 42 Growth → Maintain. Operational Health (82) leads health; stable with standard cadence.,True,True,True
kkc,Kindel Karges Furniture,baker¬¨‚ä†interiors group,iPad-only,11380.0,direct,56,Watch,43,Developing,Intervene,False,,False,,False,50,57,40,100,50,75,0,0,47,,complete,,Kindel Karges Furniture (iPad-only) scores 56 Health / 43 Growth → Intervene. Value Delivery (40) is critically low; immediate attention required.,True,False,False
clc,Capital Lighting Fixture Co.,capital lighting fixture co.,Full,28060.0,direct,74,Healthy,41,Developing,Maintain,False,,False,,False,50,100,55,100,100,0,50,40,30,,complete,,Capital Lighting Fixture Co. (Full) scores 74 Health / 41 Growth → Maintain. Trajectory (100) leads health; stable with standard cadence.,False,False,False
shl,Savoy House Lighting,savoy house lighting,Full,25760.0,direct,70,Healthy,50,Developing,Maintain,False,,False,,False,30,100,75,70,100,0,50,73,20,,complete,,Savoy House Lighting (Full) scores 70 Health / 50 Growth → Maintain. Trajectory (100) leads health; stable with standard cadence.,False,False,False
bsc,Butler Specialty Company,butler specialty company,iPad-only,6960.0,direct,43,Watch,47,Developing,Intervene,False,,False,,False,60,43,20,70,30,75,0,0,63,,complete,,Butler Specialty Company (iPad-only) scores 43 Health / 47 Growth → Intervene. Value Delivery (20) is critically low; immediate attention required.,False,False,False
sp,"Sabine Pools, Spas, & Furniture","sabine pools, spas, & furnitur",iPad-only,6960.0,direct,46,Watch,39,Not Ready,Intervene,False,,False,,False,80,29,20,36,90,50,0,0,70,,complete,,"Sabine Pools, Spas, & Furniture (iPad-only) scores 46 Health / 39 Growth → Intervene. Value Delivery (20) is critically low; immediate attention required.",False,False,False
sbl,Schonbek Lighting,wac,iPad-only,39660.0,direct,68,Healthy,41,Developing,Maintain,False,,False,,False,60,100,60,30,100,75,0,0,40,,complete,,Schonbek Lighting (iPad-only) scores 68 Health / 41 Growth → Maintain. Trajectory (100) leads health; stable with standard cadence.,False,False,False
mli,Maxim Lighting,maxim lighting international,iPad-only,,none,92,Thriving,67,Ready,Expand,False,,True,bundle_upgrade_signal,False,80,100,100,82,100,100,50,0,37,,complete,,Maxim Lighting (iPad-only) scores 92 Health / 67 Growth → Expand. Trajectory (100) drives health; bundle upgrade signal signals growth opportunity.,False,False,True
kll,Kuzco Lighting Inc.,kuzco lighting inc.,Full,40620.0,direct,63,Healthy,59,Developing,Maintain,False,,False,,False,30,100,60,50,100,0,50,73,53,,complete,,Kuzco Lighting Inc. (Full) scores 63 Health / 59 Growth → Maintain. Trajectory (100) leads health; stable with standard cadence.,False,False,False
ufi,Universal Furniture,universal furniture,iPad+Catalog+Portal,25435.0,direct,81,Thriving,49,Developing,Maintain,False,,False,,False,90,100,90,70,10,75,50,0,10,,complete,,Universal Furniture (iPad+Catalog+Portal) scores 81 Health / 49 Growth → Maintain. Adoption (100) leads health; stable with standard cadence.,False,False,False
scw,Summer Classics,gabriella white,Full,,none,75,Healthy,62,Ready,Expand,False,,True,feature_gap,False,40,90,80,88,100,0,75,73,33,,complete,,Summer Classics (Full) scores 75 Health / 62 Growth → Expand. Trajectory (100) drives health; feature gap signals growth opportunity.,True,True,True
wac,WAC/Modern Forms Lighting,wac,iPad-only,,none,82,Thriving,67,Ready,Expand,False,,True,bundle_upgrade_signal,False,60,100,100,50,100,100,50,0,37,,complete,,WAC/Modern Forms Lighting (iPad-only) scores 82 Health / 67 Growth → Expand. Trajectory (100) drives health; bundle upgrade signal signals growth opportunity.,False,False,True
clm,Crystorama,crystorama,iPad+Catalog+Portal,32815.0,direct,82,Thriving,67,Ready,Expand,False,,True,bundle_upgrade_signal,False,40,100,100,80,100,100,50,0,37,,complete,,Crystorama (iPad+Catalog+Portal) scores 82 Health / 67 Growth → Expand. Trajectory (100) drives health; bundle upgrade signal signals growth opportunity.,True,False,False
ap,Alden Home,alden home,iPad+Catalog+Cart,16980.0,direct,54,Watch,50,Developing,Intervene,False,,False,,False,30,67,47,58,100,50,0,73,83,,complete,,Alden Home (iPad+Catalog+Cart) scores 54 Health / 50 Growth → Intervene. Engagement (30) is critically low; immediate attention required.,False,False,False
fms,Visual Comfort - Studio /Fans,generation brands,iPad-only,12271.5,direct,88,Thriving,67,Ready,Expand,False,,True,bundle_upgrade_signal,False,80,100,100,54,100,100,50,0,37,,complete,,Visual Comfort - Studio /Fans (iPad-only) scores 88 Health / 67 Growth → Expand. Trajectory (100) drives health; bundle upgrade signal signals growth opportunity.,True,False,False
tla,Visual Comfort - Modern,generation brands,iPad-only,12271.5,direct,82,Thriving,67,Ready,Expand,False,,True,bundle_upgrade_signal,False,70,100,100,30,100,100,50,0,37,,complete,,Visual Comfort - Modern (iPad-only) scores 82 Health / 67 Growth → Expand. Trajectory (100) drives health; bundle upgrade signal signals growth opportunity.,True,False,False
hvl,Hudson Valley Lighting,hvlg,iPad-only,,none,60,Healthy,43,Developing,Maintain,False,,False,,False,50,71,60,52,80,75,0,0,47,,complete,,Hudson Valley Lighting (iPad-only) scores 60 Health / 43 Growth → Maintain. Trajectory (80) leads health; stable with standard cadence.,True,True,True
st,Sixtrees Limited,sixtrees limited,iPad+Catalog,6960.0,direct,38,At Risk,39,Not Ready,Intervene,False,,False,,False,30,12,20,82,100,50,0,0,72,,complete,,Sixtrees Limited (iPad+Catalog) scores 38 Health / 39 Growth → Intervene. Adoption (12) is critically low; immediate attention required.,False,False,False
vl,Ciana Varaluz LLC,ciana varaluz llc,iPad+Catalog+Portal,12100.0,direct,71,Healthy,47,Developing,Maintain,False,,False,,False,60,100,70,46,80,75,0,0,62,,complete,,Ciana Varaluz LLC (iPad+Catalog+Portal) scores 71 Health / 47 Growth → Maintain. Adoption (100) leads health; stable with standard cadence.,False,False,False
pw,Philip Whitney,godinger silver art co.,iPad-only,4500.0,direct,20,At Risk,57,Developing,Intervene,True,immediate,False,,False,50,14,0,88,50,75,0,0,100,RM-2,complete,,Philip Whitney (iPad-only) scores 20 Health / 57 Growth → Intervene. Value Delivery (0) is critically low; immediate attention required.,False,False,False
ssi,"Studio Silversmiths, Inc.",godinger silver art co.,iPad-only,5385.0,direct,49,Watch,52,Developing,Intervene,False,,False,,False,60,43,20,94,50,75,0,0,83,,complete,,"Studio Silversmiths, Inc. (iPad-only) scores 49 Health / 52 Growth → Intervene. Value Delivery (20) is critically low; immediate attention required.",False,False,False
rac,Ricci Argentieri Company,godinger silver art co.,iPad-only,4660.0,direct,67,Healthy,35,Not Ready,Maintain,False,,False,,False,70,71,40,100,80,75,0,0,20,,complete,,Ricci Argentieri Company (iPad-only) scores 67 Health / 35 Growth → Maintain. Operational Health (100) leads health; stable with standard cadence.,False,False,False
tl,Troy Lighting,hvlg,iPad-only,4810.0,direct,56,Watch,44,Developing,Intervene,False,,False,,False,40,71,60,34,90,75,0,0,53,,complete,,Troy Lighting (iPad-only) scores 56 Health / 44 Growth → Intervene. Operational Health (34) is critically low; immediate attention required.,False,False,False
