BaseItemCode,ShortDesc,LongDesc,ImageFileName,PackedVolume,PackQuantity,MinimumQuantity,Hideable,TradeNameCode,CollectionCodes,CategoryCodes,Applications,NewItem,InputVoltage,PowerConsumption_W,Efficacy,ColorTemperature_K,LumenOutput,BeamAngle_Deg,Dimmable,ChipType,CRI,PerMetre,Binning,SDCM,LifeSpan_Hours,Dimensions_inches,Dimensions_mm,MaxLength,CustomCuttable,IPrating,ApprovedLocation,Warranty_Years,Approvals,Max_reccomended_load,Min_reccomended_load,price_net_price,Price_ml_list,Price_ml_dn,Price_nsl_list,Price_nsl_dn,ML_UPC,NSL_UPC,RelatedItems,LEDType,OptionSet1,OptionSet1Matrixed
SL-ID-30K-LP-20-A8,Low Power Indoor (3000K),High Power and Low Power Indoor (3000K),"SL-ID-CCT-HP-20-A8-Kylor.jpg,SL-ID-30K-drawing.jpg",1,1,1,N,ML,LL,"UNDER_CAB,DISPLAYS,COVES,WALL_GRAZING,ARCH_FEAT","UNDER_CAB,DISPLAYS,COVES,WALL_GRAZING,ARCH,FEAT",N,24V DC,2.93W/ft (9.6W/m),102Lm/w,3000K,300Lm/ft (980Lm/m),140°,Yes (PWM / 0-10V / 1-10V),2219,90,288,1BIN,<3,"50,000 Hours",".31"" W",8mm W,20Ft (6M),"2.19"" (55.5mm)",IP40,Indoor,5 Years,cULus,,,106.6,,,,,,779261014186,"SL-ID-30K-LP-100-A8,SL-ID-30K-HP-20-A8, SL-ID-30K-HP-20-A8,SL-ID-W2BC-72,SL-ID-BWBC-6,SL-ID-B2BC,SL-ID-LC,SL-ID-TC,MLDRE-40-24-DM,MLDRE-96-24-DM,SX-24V-DD-100W,MLDR-120-24,MLDR-20-24JB,PGID2448,PGID2496,CNTRL-0-10V-DIM,CNTRL-4Z-CCT-RM,CNTRL-4Z-CCT-RWP-WH,CNTRL-4Z-CCT-RWP-BK,SX-24V-DD-100W",2219,,
SL-ID-30K-LP-100-A8,Low Power Indoor (3000K),High Power and Low Power Indoor (3000K),"SL-ID-30K-LP-20-A8-Test.jpg,SL-ID-30K-drawing.jpg",1,1,1,Y,ML,LL,"UNDER_CAB,DISPLAYS,COVES,WALL_GRAZING,ARCH_FEAT","UNDER_CAB,DISPLAYS,COVES,WALL_GRAZING,ARCH,FEAT",N,24V DC,2.93W/ft (9.6W/m),102Lm/w,3000K,300Lm/ft (980Lm/m),140°,Yes (PWM / 0-10V / 1-10V),2219,90,288,1BIN,<3,"50,000 Hours",".31"" W",8mm W,20Ft (6M),"2.19"" (55.5mm)",IP40,Indoor,5 Years,cULus,,,533,,,,,,779261014490,"SL-ID-30K-LP-20-A8,SL-ID-30K-HP-20-A8, SL-ID-30K-HP-20-A8,SL-ID-W2BC-72,SL-ID-BWBC-6,SL-ID-B2BC,SL-ID-LC,SL-ID-TC,MLDRE-40-24-DM,MLDRE-96-24-DM,SX-24V-DD-100W,MLDR-120-24,MLDR-20-24JB,PGID2448,PGID2496,CNTRL-0-10V-DIM,CNTRL-4Z-CCT-RM,CNTRL-4Z-CCT-RWP-WH,CNTRL-4Z-CCT-RWP-BK,SX-24V-DD-100W",2219,,
SL-ID-30K-HP-20-A8,High Power Indoor (3000K),High Power and Low Power Indoor (3000K),"SL-ID-30K-LP-20-A8-Test.jpg,SL-ID-30K-drawing.jpg",1,1,1,Y,ML,LL,"UNDER_CAB,DISPLAYS,COVES,WALL_GRAZING,ARCH_FEAT","UNDER_CAB,DISPLAYS,COVES,WALL_GRAZING,ARCH,FEAT",N,24V DC,1.46W/ft (4.8 W/m),110Lm/w,3000K,160Lm/ft (528Lm/m),140°,Yes (PWM / 0-10V / 1-10V),2219,90,288,1BIN,<3,"50,000 Hours",".31"" W",8mm W,20Ft (6M),"2.19"" (55.5mm)",IP40,Indoor,5 Years,cULus,,,137.6,,,,,,779261014537,"SL-ID-30K-LP-100-A8,SL-ID-30K-LP-20-A8,SL-ID-30K-LP-100-A8,SL-ID-W2BC-72,SL-ID-BWBC-6,SL-ID-B2BC,SL-ID-LC,SL-ID-TC,MLDRE-40-24-DM,MLDRE-96-24-DM,SX-24V-DD-100W,MLDR-120-24,MLDR-20-24JB,PGID2448,PGID2496,CNTRL-0-10V-DIM,CNTRL-4Z-CCT-RM,CNTRL-4Z-CCT-RWP-WH,CNTRL-4Z-CCT-RWP-BK,SX-24V-DD-100W",2219,,
SL-ID-30K-HP-100-A8,High Power Indoor (3000K),High Power and Low Power Indoor (3000K),"SL-ID-30K-LP-20-A8-Test.jpg,SL-ID-30K-drawing.jpg",1,1,1,Y,ML,LL,"UNDER_CAB,DISPLAYS,COVES,WALL_GRAZING,ARCH_FEAT","UNDER_CAB,DISPLAYS,COVES,WALL_GRAZING,ARCH,FEAT",N,24V DC,1.46W/ft (4.8 W/m),110Lm/w,3000K,160Lm/ft (528Lm/m),140°,Yes (PWM / 0-10V / 1-10V),2219,90,288,1BIN,<3,"50,000 Hours",".31"" W",8mm W,20Ft (6M),"2.19"" (55.5mm)",IP40,Indoor,5 Years,cULus,,,688,,,,,,779261014520,"SL-ID-30K-LP-20-A8,SL-ID-30K-LP-20-A8,SL-ID-30K-LP-100-A8,SL-ID-W2BC-72,SL-ID-BWBC-6,SL-ID-B2BC,SL-ID-LC,SL-ID-TC,MLDRE-40-24-DM,MLDRE-96-24-DM,SX-24V-DD-100W,MLDR-120-24,MLDR-20-24JB,PGID2448,PGID2496,CNTRL-0-10V-DIM,CNTRL-4Z-CCT-RM,CNTRL-4Z-CCT-RWP-WH,CNTRL-4Z-CCT-RWP-BK,SX-24V-DD-100W",2219,,
SL-ID-CCT-HP-20-A8,"Tunable CCT Indoor, High Power","Tunable CCT Indoor, High Power","SL-ID-CCT-HP-20-A8-Kylor.jpg,SL-ID-CCT-HP-20-A8-test-drawing.jpg",1,1,1,N,ML,LL,"DISPLAYS,RS,UCDA,BLDS","DISPLAYS,RS,UCDA,BLDS",N,24V DC,2.74W/ft (9W/m),110Lm/w,2700K—6500K,301Lm/ft (990Lm/m),140°,Yes (PWM / 0-10V / 1-10V),2219,90,384,1BIN,<3,"50,000 Hours",".31"" W",8mm W,20Ft (6M),1.64” (41.67mm),IP40,Indoor,5 Years,cULus,,,151.2,,,,,,779261014193,"SL-ID-CCT-HP-100-A8,SL-ID-W2BC-72,SL-ID-BWBC-6,SL-ID-B2BC,SL-ID-LC,SL-ID-TC,MLDR-120-24,MLDR-20-24JB,PGID2448,PGID2496,CNTRL-2WCCT,CNTRL-4Z-CCT-RWP-WH,CNTRL-4Z-CCT-RWP-BK,CNTRL-4Z-CCT-RM",2219,"ST_20,ST_100",Y
SL-ID-CCT-HP-100-A8,"Tunable CCT Indoor, High Power","Tunable CCT Indoor, High Power","SL-ID-CCT-HP-20-A8-Kylor.jpg,SL-ID-CCT-HP-20-A8-test-drawing.jpg",1,1,1,Y,ML,SL,"DISPLAYS,RS,UCDA,BLDS","DISPLAYS,RS,UCDA,BLDS",N,24V DC,2.74W/ft (9W/m),110Lm/w,2700K—6500K,301Lm/ft (990Lm/m),140°,Yes (PWM / 0-10V / 1-10V),2219,90,384,1BIN,<3,"50,000 Hours",".31"" W",8mm W,20Ft (6M),1.64” (41.67mm),IP40,Indoor,5 Years,cULus,,,756,,,,,,779261014506,"SL-ID-CCT-HP-100-A8,SL-ID-W2BC-72,SL-ID-BWBC-6,SL-ID-B2BC,SL-ID-LC,SL-ID-TC,MLDR-120-24,MLDR-20-24JB,PGID2448,PGID2496,CNTRL-2WCCT,CNTRL-4Z-CCT-RWP-WH,CNTRL-4Z-CCT-RWP-BK,CNTRL-4Z-CCT-RM",2219,,
SL-ID-CCT-LP-20-A8,"Tunable CCT Indoor, Low Power","Tunable CCT Indoor, Low Power","SL-ID-CCT-HP-20-A8-Kylor.jpg,SL-ID-CCT-HP-20-A8-test-drawing.jpg",1,1,1,N,ML,LL,"DISPLAYS,RS,UCDA,BLDS","DISPLAYS,RS,UCDA,BLDS",N,24V DC,1.22W/ft (4W/m),110Lm/w,2700K—6500K,134Lm/ft (440Lm/m),140°,Yes (PWM / 0-10V / 1-10V),2219,90,384,1BIN,<3,"50,000 Hours",".31"" W",8mm W,20Ft (6M),1.64” (41.67mm),IP40,Indoor,5 Years,cULus,,,117.2,,,,,,779261014209,"SL-ID-CCT-HP-100-A8,SL-ID-W2BC-72,SL-ID-BWBC-6,SL-ID-B2BC,SL-ID-LC,SL-ID-TC,MLDR-120-24,MLDR-20-24JB,PGID2448,PGID2496,CNTRL-2WCCT,CNTRL-4Z-CCT-RWP-WH,CNTRL-4Z-CCT-RWP-BK,CNTRL-4Z-CCT-RM",2219,"ST_20,ST_100",Y
SL-ID-CCT-LP-100-A8,"Tunable CCT Indoor, Low Power","Tunable CCT Indoor, Low Power","SL-ID-CCT-HP-20-A8-Kylor.jpg,SL-ID-CCT-HP-20-A8-test-drawing.jpg",1,1,1,Y,ML,LL,"DISPLAYS,RS,UCDA,BLDS","DISPLAYS,RS,UCDA,BLDS",N,24V DC,1.22W/ft (4W/m),110Lm/w,2700K—6500K,134Lm/ft (440Lm/m),140°,Yes (PWM / 0-10V / 1-10V),2219,90,384,1BIN,<3,"50,000 Hours",".31"" W",8mm W,20Ft (6M),1.64” (41.67mm),IP40,Indoor,5 Years,cULus,,,586,,,,,,779261014513,"SL-ID-CCT-HP-100-A8,SL-ID-W2BC-72,SL-ID-BWBC-6,SL-ID-B2BC,SL-ID-LC,SL-ID-TC,MLDR-120-24,MLDR-20-24JB,PGID2448,PGID2496,CNTRL-2WCCT,CNTRL-4Z-CCT-RWP-WH,CNTRL-4Z-CCT-RWP-BK,CNTRL-4Z-CCT-RM",2219,,
SL-ID-W2BC-72,6' Powerfeed,6' Powerfeed,SL-ID-W2BC-72-test.jpg,1,1,1,Y,ML,LL,ACCESSORIES,,N,,,,,,,,,,,,,,,,,,,,,,,,11,,,,,,779261014353,,,,
SL-ID-BWBC-6,6' Jumper,6' Jumper,SL-ID-BWBC-6-Test.jpg,1,1,1,Y,ML,LL,ACCESSORIES,,N,,,,,,,,,,,,,,,,,,,,,,,,6.4,,,,,,779261014377,,,,
SL-ID-B2BC,Splice,Splice,SL-ID-B2BC.jpg,1,1,1,Y,ML,LL,ACCESSORIES,,N,,,,,,,,,,,,,,,,,,,,,,,,3,,,,,,779261014384,,,,
SL-ID-LC,L-shaped connector,L-shaped connector,SL-ID-LC-Test.jpg,1,1,1,Y,ML,LL,ACCESSORIES,,N,,,,,,,,,,,,,,,,,,,,,,,,11,,,,,,779261014391,,,,
SL-ID-TC,T-shaped connector,T-shaped connector,SL-ID-TC-Test.jpg,1,1,1,Y,ML,LL,ACCESSORIES,,N,,,,,,,,,,,,,,,,,,,,,,,,11,,,,,,779261014407,,,,
SL-OD-RGB30K-20-BA8,Outdoor/Indoor RGBW (RGB+300k),Outdoor/Indoor RGBW (RGB+300k),"SL-OD-RGB30K-XX-BA8-Kylor.jpg,SL-OD-RGB30K-20-BA8-test-drawing.jpg",1,1,1,N,ML,LL,"ARCH,ENT,RTL","ARCH,ENT,RTL",N,24V DC,"2.19W/ft (7.2W/m) for RGB, 2.19W/ft (7.2W/m) for 3000K",70Lm/w,RGB + 3000K,153Lm/ft (504Lm/m),160°,,2835RGB + 2219WW,90,252,1BIN,<3,"50,000 Hours",.37” W,9.5mm W,40Ft (12M),"2.19"" (55.5mm)",IP67,Outdoor/Indoor,5,cULus,,,283.2,,,,,,779261014216,"SL-OD-MC,NFLX-GLUE,SL-OD-EX-39,MLDR-120-24,PGID2448,PGID2496,CNTRL-AMP,CNTRL,RGBCCT,CNTRL-4Z-RGBCCT-RM,CNTRL-8ZRGBCCT-WP",2835RGB + 2219WW,,
SL-OD-MC,,"Streamline outdoor tape, mounting clips",SL-OD-MC-Test.jpg,1,1,1,Y,ML,LL,ACCESSORIES,,N,,,,,,,,,,,,,,,,,,,,,,,,18.2,,,,,,779261014469,,,,
SL-OD-EX-39,1M Solid Mounting Extrusion,1M Solid outdoor mounting extrusion,,1,1,1,Y,ML,LL,ACCESSORIES,,N,,,,,,,,,,,,,,,,,,,,,,,,13.4,,,,,,779261014254,,,,
SL-OD-CCT-HP-20-B8,,"Streamline tape, high power, 2700K - 6500K, 221...",,1,1,1,Y,ML,LL,LIGHT,,N,24V DC,4.27W/ft (14W/m) 1.83W/ft (6W/m),,2700K & 6500K,,140°,,,90,,,,"50,000",,,,,,,5,,,,208.6,,,,,,779261014223,,2835,,
SL-OD-CCT-LP-20-B8,,"Streamline tape, low power, 2700K - 6500K, 2219...",,1,1,1,Y,ML,LL,LIGHT,,N,24V DC,4.27W/ft (14W/m) 1.83W/ft (6W/m),,2700K & 6500K,,140°,,,90,,,,"50,000",,,,,,,5,,,,193.8,,,,,,779261014230,,2835,,
SL-OD-BWBC-6,,"Streamline outdoor tape, 6"" jumper",,1,1,1,Y,ML,LL,UNCAT,,N,,,,,,,,,,,,,,,,,,,,,,,,11,,,,,,779261014438,,,,
SL-OD-B2BC,,"Streamline outdoor tape, splice",,1,1,1,Y,ML,LL,UNCAT,,N,,,,,,,,,,,,,,,,,,,,,,,,8,,,,,,779261014445,,,,
SL-OD-W2BC-72,,"Streamline outdoor tape, 6' power feed",,1,1,1,Y,ML,LL,UNCAT,,N,,,,,,,,,,,,,,,,,,,,,,,,11,,,,,,779261014452,,,,
MLDRE-40-24-DM,"Electronic LED Driver 40W, 24V DC","Electronic LED Driver 40W, 24V DC",MLDRE-40-24-DM-Test.jpg,1,1,1,Y,ML,LL,DRVRS,,N,24V DC,,,,,,,,,,,,,"6.77"" x 2.67"" x 1.26""",171 x 68 x 32mm,,,IP67,,,,36W,8W,,,,,,,779261080037,,,,
MLDRE-96-24-DM,"Electronic LED Driver 96W, 24V DC","Electronic LED Driver 96W, 24V DC",MLDRE-96-24-DM-Test.jpg,1,1,1,Y,ML,LL,DRVRS,,N,24V DC,,,,,,,,,,,,,"6.77"" x 2.67"" x 1.26""",171 x 68 x 32mm,,,IP67,,,,90W,8W,,,,,,,779261080044,,,,
MLDR-120-24,Indoor/Outdoor Driver,Indoor/Outdoor Driver,MLDR-120-24-Test.jpg,1,1,1,Y,ML,LL,DRVRS,,N,,,,,,,,,,,,,,"10"" x 3 3/8"" x 3 3/16""",254 x 85.7 x 80.9mm,,,,,,,90W,,,,,,,,779261008802,,,,
MLDR-20-24JB,Indoor Driver,Indoor Driver,MLDR-20-24JB-Test.jpg,1,1,1,Y,ML,LL,DRVRS,,N,,,,,,,,,,,,,,"4 1/8"" x 4 1/8"" x 1 1/2""",104.8 x 38.1mm,,,,,,,18W,,,,,,,,,,,,
PGID2448,Plug-in Driver,Plug-in Driver,PGID2448-Test.jpg,1,1,1,Y,ML,LL,DRVRS,,N,,,,,,,,,,,,,,,,,,,,,,,,,,,,,,779261007911,,,,
PGID2496,Plug-in Driver,Plug-in Driver,PGID2448-Test.jpg,1,1,1,Y,ML,LL,DRVRS,,N,,,,,,,,,,,,,,,,,,,,,,,,,,,,,,779261007928,,,,
CNTRL-4Z-CCT-RWP-BK,Rotating CCT Scene Remote,Rotating CCT Scene Remote,CNTRL-4Z-CCT-RWP-BK-Test.jpg,1,1,1,Y,ML,LL,CNTRL,,N,,,,,,,,,,,,,,,,,,,,,,,,,,,,,,779261003906,,,,
CNTRL-4Z-CCT-RWP-WH,Rotating CCT Scene Remote,Rotating CCT Scene Remote,CNTRL-4Z-CCT-RWP-BK-Test.jpg,1,1,1,Y,ML,LL,CNTRL,,N,,,,,,,,,,,,,,,,,,,,,,,,,,,,,,779261003913,,,,
CNTRL-4Z-CCT-RM,4 Zone CCT remote,,CNTRL-4Z-CCT-RM-Test.jpg,1,1,1,Y,ML,LL,DRVRS,,N,,,,,,,,,,,,,,,,,,,,,,,,,,,,,,779261003920,,,,
SX-24V-DD-100W,Switchex,Switchex,SX-24V-DD-100W-Test.jpg,1,1,1,Y,ML,LL,DRVRS,,N,,,,,,,,,,,,,,,,,,,,,,,,,,,,,,,,,,
CNTRL-2W-CCT,2 Wire CCT Controller,2 Wire CCT Controller,CNTRL-2W-CCT-Test.jpg,1,1,1,Y,ML,LL,CNTRL,,N,,,,,,,,,,,,,,,,,,,,,,,,,,,,,,,,,,
CNTL-AMP,5-Channel High Performance Amplifier,5-Channel High Performance Amplifier,CNTL-AMP-Test.jpg,1,1,1,Y,ML,LL,CNTRL,,N,,,,,,,,,,,,,,,,,,,,,,,,,,,,,,,,,,
CNTL-RGBCCT,3 in 1 LED Strip Controller,3 in 1 LED Strip Controller,CNTL-RGBCCT-Test.jpg,1,1,1,Y,ML,LL,CNTRL,,N,,,,,,,,,,,,,,,,,,,,,,,,,,,,,,,,,,
CNTL-4Z-RGBCCT-RM,4-Zone RGB+CCT Remote,4-Zone RGB+CCT Remote,CNTL-4Z-RGBCCT-RM-Test.jpg,1,1,1,Y,ML,LL,CNTRL,,N,,,,,,,,,,,,,,,,,,,,,,,,,,,,,,,,,,
CNTL-8Z-RGBCCT-WP,8 Zone RGB+CCT Wall Panel Remote,8 Zone RGB+CCT Wall Panel Remote,CNTL-8Z-RGBCCT-WP-Test.jpg,1,1,1,Y,ML,LL,CNTRL,,N,,,,,,,,,,,,,,,,,,,,,,,,,,,,,,,,,,
NFLX-GLUE,Silicone Glue,Silicone Glue,NFLX-GLUE-TEST.jpg,1,1,1,Y,ML,LL,ACCESSORIES,,N,,,,,,,,,,,,,,,,,,,,,,,,,,,,,,,,,,