org_shortname,org_name,segment,arr,composite_score_final,health_band,churn_risk,churn_severity,expansion_ready,healthy_complete,layer_1_engagement,layer_2_value_realization,layer_3_trend_momentum,layer_4_risk_signals
sic,Butler FurnishWEB Test,Catalog-Focused,6960.0,0.236,Critical,True,immediate,False,False,0,44.8,51,-30
jcsa,Jonathan Charles at The Gallery,Catalog-Focused,9660.0,0.271,Critical,True,,False,False,5,44.8,51,-15
fcj,Jeromes,,0.0,0.281,Critical,True,,False,False,0,44.8,51,0
mg,Made Goods,,0.0,0.281,Critical,True,,False,False,0,44.8,51,0
pwg,PWG Lighting,,0.0,0.281,Critical,True,,False,False,0,44.8,51,0
mt,The M|T Company,,0.0,0.281,Critical,True,,False,False,0,44.8,51,0
pts,"PTS America, Inc.",,0.0,0.281,Critical,True,,False,False,0,44.8,51,0
pbp,Popular Bath Products,,0.0,0.281,Critical,True,,False,False,0,44.8,51,0
pef,Port Eliot,,0.0,0.281,Critical,True,,False,False,0,44.8,51,0
mfl,Feiss - Monte Carlo,,0.0,0.281,Critical,True,,False,False,0,44.8,51,0
erf,El Ran Furniture,,0.0,0.281,Critical,True,,False,False,0,44.8,51,0
sw,Sunset West,,0.0,0.281,Critical,True,,False,False,0,44.8,51,0
ei,Elements International (demo),,0.0,0.281,Critical,True,,False,False,0,44.8,51,0
ahc,Coe Limited,,0.0,0.281,Critical,True,,False,False,0,44.8,51,0
wmo,Furniture Crafters Demo,,0.0,0.281,Critical,True,,False,False,0,44.8,51,0
al,Abbyson Living,,0.0,0.281,Critical,True,,False,False,0,44.8,51,0
art,"ART Furniture, Inc.",,0.0,0.281,Critical,True,,False,False,0,44.8,51,0
eig,Elements International,,0.0,0.281,Critical,True,,False,False,0,44.8,51,0
mdff,MacKenzie-Dow Fine Furniture,,0.0,0.281,Critical,True,,False,False,0,44.8,51,0
mcf,Moore Councill,,0.0,0.281,Critical,True,,False,False,0,44.8,51,0
bde,Bad Dog Editions,,0.0,0.281,Critical,True,,False,False,0,44.8,51,0
gf,Gallery Furniture,,0.0,0.281,Critical,True,,False,False,0,44.8,51,0
hatl,Homelegance by Titan Importer (GA),,0.0,0.281,Critical,True,,False,False,0,44.8,51,0
hcan,Mazin Furniture Industries Limited,,0.0,0.281,Critical,True,,False,False,0,44.8,51,0
hds,HDS Trading,,0.0,0.281,Critical,True,,False,False,0,44.8,51,0
hla,Homelegance L.A. (CA),,0.0,0.281,Critical,True,,False,False,0,44.8,51,0
sgl,Sea Gull Lighting,,0.0,0.281,Critical,True,,False,False,0,44.8,51,0
sf,Southern Furniture,,0.0,0.281,Critical,True,,False,False,0,44.8,51,0
hmi,Pulaski Furniture,,0.0,0.281,Critical,True,,False,False,0,44.8,51,0
horl,Homelegance by S&A Imports (Orlando),,0.0,0.281,Critical,True,,False,False,0,44.8,51,0
hsi,Home Source Industries,,0.0,0.281,Critical,True,,False,False,0,44.8,51,0
scc,Speer Collectibles,,0.0,0.281,Critical,True,,False,False,0,44.8,51,0
ias,Issis & Sons,,0.0,0.281,Critical,True,,False,False,0,44.8,51,0
if,Intercon Furniture,,0.0,0.281,Critical,True,,False,False,0,44.8,51,0
ki,Kalora Interiors,,0.0,0.281,Critical,True,,False,False,0,44.8,51,0
lcf,Legacy Classic | Modern Furniture,,0.0,0.281,Critical,True,,False,False,0,44.8,51,0
jbl,Julien Beaudoin Ltee,,0.0,0.281,Critical,True,,False,False,0,44.8,51,0
sa,Simply Amish,,0.0,0.281,Critical,True,,False,False,0,44.8,51,0
bi,Winslow Home Furniture,,0.0,0.281,Critical,True,,False,False,0,44.8,51,0
bscc,BSC,,0.0,0.281,Critical,True,,False,False,0,44.8,51,0
pfi,Pro Feet Inc.,,0.0,0.281,Critical,True,,False,False,0,44.8,51,0
pfu,Palliser Upholstery,,0.0,0.281,Critical,True,,False,False,0,44.8,51,0
ebc,Emerson Bentley,,0.0,0.281,Critical,True,,False,False,0,44.8,51,0
dpl,Dasch Design,,0.0,0.281,Critical,True,,False,False,0,44.8,51,0
dh,Dessau Home,,0.0,0.281,Critical,True,,False,False,0,44.8,51,0
bmc3,Bassett Mirror VIP,,0.0,0.281,Critical,True,,False,False,0,44.8,51,0
csi,Central Supply Inc.,,0.0,0.281,Critical,True,,False,False,0,44.8,51,0
temp,"For Jimmy, to Delete",,0.0,0.281,Critical,True,,False,False,0,44.8,51,0
tft,van Thiel & Co.,,0.0,0.281,Critical,True,,False,False,0,44.8,51,0
cmi,Container Marketing Inc.,,0.0,0.281,Critical,True,,False,False,0,44.8,51,0
cff,Cresent Fine Furniture,,0.0,0.281,Critical,True,,False,False,0,44.8,51,0
tech,Tech Lighting (tech),,0.0,0.281,Critical,True,,False,False,0,44.8,51,0
tll,Lighting Lab,,0.0,0.281,Critical,True,,False,False,0,44.8,51,0
tle,Tech Lighting Demo,,0.0,0.281,Critical,True,,False,False,0,44.8,51,0
bss,Big Sandy Superstores,,0.0,0.281,Critical,True,,False,False,0,44.8,51,0
cbi,Edgecombe Furniture,,0.0,0.281,Critical,True,,False,False,0,44.8,51,0
vc,Lighting Demo,,0.0,0.281,Critical,True,,False,False,0,44.8,51,0
uu,Larricks Warehouse,,0.0,0.281,Critical,True,,False,False,0,44.8,51,0
cc,"Company C, Inc.",,0.0,0.281,Critical,True,,False,False,0,44.8,51,0
cfd,Covington Fabrics,,0.0,0.281,Critical,True,,False,False,0,44.8,51,0
ttf,222 Fifth Furniture,,0.0,0.281,Critical,True,,False,False,0,44.8,51,0
tmpo,Template_not lighting,,0.0,0.281,Critical,True,,False,False,0,44.8,51,0
tmpl,Template_Lighting Company,,0.0,0.281,Critical,True,,False,False,0,44.8,51,0
cfc,Palliser Casegoods,,0.0,0.281,Critical,True,,False,False,0,44.8,51,0
aa,Abroad Home Furnishings,,0.0,0.289,Critical,True,,False,False,3,44.8,51,0
wdd,Woodard,Catalog-Focused,0.0,0.294,Critical,True,,False,False,5,44.8,51,0
dws,D & W Silks,Catalog-Focused,0.0,0.294,Critical,True,,False,False,5,44.8,51,0
dri,Della Robbia,Catalog-Focused,0.0,0.294,Critical,True,,False,False,5,44.8,51,0
slusa,Abaline - SAP Staging,Catalog-Focused,0.0,0.294,Critical,True,,False,False,5,44.8,51,0
hvint,Hudson Valley Group - International,Catalog-Focused,0.0,0.294,Critical,True,,False,False,5,44.8,51,0
gb,Visual Comfort Group (Generation Brands),Catalog-Focused,0.0,0.294,Critical,True,,False,False,5,44.8,51,0
omc,Option Mapping Co,Catalog-Focused,0.0,0.294,Critical,True,,False,False,5,44.8,51,0
shf,Somerton Dwelling,Catalog-Focused,0.0,0.294,Critical,True,,False,False,5,44.8,51,0
pcl,Philips Lighting,Catalog-Focused,0.0,0.294,Critical,True,,False,False,5,44.8,51,0
llb,Littman Lighting Brazil,Catalog-Focused,0.0,0.294,Critical,True,,False,False,5,44.8,51,0
jgw,JGW Furniture,Catalog-Focused,0.0,0.294,Critical,True,,False,False,5,44.8,51,0
hchi,Homelegance by Topline Furniture (CHI),Catalog-Focused,0.0,0.294,Critical,True,,False,False,5,44.8,51,0
