org_shortname,logins_90d,logins_prior_90d,active_users_90d,mp_item_added_via_magic_button,mp_item_email_drafted,mp_create_pdf_catalog,mp_document_email_drafted,mp_access_sales_portal,mp_search_products,mp_select_a_customer,mp_view_document,mp_submit_order,mp_order_configured_item,presentation_actions_prior,orders_mp_prior_90d,mp_access_sales_portal_prior
mh,1741,1993,66,141,115,393,154,0,6013,876,3285,65,0,3438,52,0
sci,737,734,1,0,0,0,0,0,0,0,0,0,0,0,0,0
jyc,1213,1095,64,322,25,135,72,102,4382,1991,1126,1021,0,349,1063,109
uhc,912,778,19,0,1,0,1,0,29916,2243,2,976,0,0,981,0
cfg,229,381,33,9,16,39,63,0,1079,272,496,60,304,168,69,0
sca,110,85,24,624,11,53,0,3,2303,148,2,96,0,401,129,3
vl,387,392,64,196,37,94,57,240,2219,422,807,84,0,45,9,88
lss,99,87,11,0,98,118,0,0,713,82,4,66,0,172,2,0
eglo,123,132,34,402,26,104,9,0,1903,284,292,41,0,54,11,0
ufi,2673,3151,74,1119,440,700,95,157,17558,1339,5160,489,0,4906,551,215
wac,661,436,106,2952,27,140,173,0,18962,3955,2021,999,0,101,258,0
clc,1364,894,65,1387,64,199,86,671,6749,1326,1107,312,0,380,40,512
eli,882,715,65,160,129,212,205,0,5782,721,1046,103,0,427,75,0
swc,113,147,12,99,20,22,0,3,351,6,4,0,0,652,0,2
vic,96,110,20,62,18,105,22,16,253,37,246,0,0,165,1,7
sc,4507,4191,122,224,32,701,395,273,54090,18732,2189,5696,2938,1215,5190,317
vcg,1373,1372,80,1744,62,234,47,41,11046,2631,560,235,0,1229,0,33
ril,124,119,42,57,5,74,19,0,3121,588,227,302,976,154,169,0
dals,30,48,12,19,10,6,0,0,222,25,7,2,0,31,0,0
cci,1436,1249,52,1505,76,150,105,50,11452,3024,247,979,0,1914,872,77
pf,3210,2828,118,582,337,584,207,0,18191,3359,2237,659,1745,1389,581,0
kii,579,521,18,0,34,388,0,5,14213,1138,1,632,0,295,676,10
scw,1591,1214,62,11,37,104,859,2081,15606,5493,1933,2683,1135,676,1646,1371
ta,1335,1379,35,310,36,265,200,841,5392,1410,2451,0,132,666,0,787
wwjc,1454,1379,50,625,110,185,120,1363,5458,1001,366,371,0,1336,289,1557
bcf,1077,1453,52,610,86,74,77,1580,6638,1027,2397,366,1338,1141,282,1717
mli,2249,1466,70,4922,119,511,334,13,16059,1649,3971,78,0,2121,2,0
clli,1248,962,66,1109,48,278,105,373,5867,925,3573,156,0,779,7,274
ol,1,14,1,0,0,0,0,0,3,1,1,0,0,1,47,43
etl,319,326,13,397,10,407,4,0,5725,382,50,147,0,642,152,0
rw,868,696,63,1094,10,117,162,138,10699,3386,716,2237,0,931,2208,89
sccon,1123,815,33,58,25,109,84,223,8656,3115,563,0,689,185,0,126
tam,353,287,15,188,43,0,2,0,2684,534,1283,0,45,310,0,2
hfg,651,569,92,304,55,179,148,1017,6230,3060,4095,578,4093,241,365,764
mfc,36,32,10,43,23,2,0,0,170,1,28,0,0,92,0,0
big,892,994,63,1198,31,333,87,0,1659,86,2067,0,150,2407,6,0
ah,925,770,33,952,96,239,225,0,5238,492,1499,211,4,943,171,0
mpc,640,728,14,0,53,32,0,0,9970,2384,0,1132,0,92,1501,0
ih,1138,1146,31,245,52,353,10,853,4299,2467,248,765,0,688,839,1002
df,62,86,25,107,2,25,6,0,278,43,64,2,0,271,2,0
shl,714,433,56,1083,41,276,71,230,10207,1663,2797,205,0,478,0,113
gh,1530,1300,55,4,43,236,810,2402,15465,5317,1859,2452,1415,1027,2003,1864
fc,1006,1076,35,51,69,158,61,539,5603,1651,523,549,0,600,525,810
fms,2251,1055,100,1814,88,437,122,53,13168,2648,1544,512,0,1899,198,23
wag,705,594,59,756,25,224,51,0,6669,2254,351,945,0,621,870,0
gl,261,156,31,377,27,80,38,0,1118,119,297,12,0,89,2,0
gg,716,591,31,412,661,366,0,0,16481,723,12,372,0,1407,154,0
heb,347,258,34,1349,56,232,0,0,5868,199,13,111,0,1513,63,0
kal,416,285,51,141,13,68,68,274,3061,708,1053,71,0,295,25,194
ap,185,140,12,0,9,80,14,0,541,22,70,1,29,81,2,0
bmc2,0,0,0,0,0,0,0,0,0,0,0,0,0,0,0,0
sarreid,3131,2400,54,697,140,212,78,1920,4562,590,674,118,0,1450,171,1603
rf,752,772,32,26,3,0,203,0,766,113,3981,0,258,317,0,0
rac,414,361,26,0,61,37,0,0,689,221,0,141,0,86,132,0
libco,15,0,2,1,1,1,1,0,4,2,4,0,0,0,0,0
ufistaging,12,0,1,0,0,0,0,0,29,0,1,0,0,0,0,0
mlc,226,163,45,101,5,43,29,0,1776,411,361,80,0,24,15,0
mlg,818,577,75,1361,63,145,273,0,9462,926,2067,127,0,765,3,0
tla,1619,765,90,1095,42,108,48,0,2909,970,490,155,0,816,26,0
ilc,1,1,1,0,0,1,0,0,0,0,0,0,0,0,0,0
sbmh,271,326,30,105,474,20,99,304,6640,921,271,510,177,622,459,258
bri,754,638,70,99,11,22,27,141,2194,525,505,56,0,76,65,102
pw,106,71,13,0,0,0,0,0,18,0,0,0,0,10,0,0
fsf,331,461,25,12,21,12,56,732,1037,756,1121,208,600,125,299,747
kl,181,144,60,159,1,21,0,44,1702,382,52,0,0,38,0,9
ali,239,170,44,38,76,100,38,9,1869,71,225,0,0,120,0,7
el,1334,979,96,666,75,99,107,832,7077,931,2022,136,0,238,10,629
ssi,139,97,19,0,2,9,0,0,58,0,3,0,0,18,0,0
asi,834,980,34,0,3,26,0,0,2847,2148,3,1140,0,56,1569,0
da,357,368,31,0,76,160,10,0,11644,1366,30,1067,0,239,954,0
demo,14,6,8,0,0,0,0,1,21,2,3,0,0,0,0,0
hvl,105,109,40,369,5,34,0,22,1299,171,38,1,0,110,0,6
ihw,382,396,31,20,20,305,26,739,3331,2176,2352,425,1815,300,394,761
sbl,494,279,91,278,12,51,111,0,3846,1188,1069,105,0,165,18,0
afx,93,69,35,84,5,17,0,0,1847,265,48,61,0,6,1,0
kll,551,250,69,1232,22,211,50,88,7166,1242,1054,68,0,272,11,0
prog,134,47,49,91,8,0,2,42,1140,294,51,70,0,0,4,3
jcusa,102,253,20,0,4,28,0,16,627,135,111,35,0,171,111,32
arl,188,140,53,139,24,44,74,11,1053,403,1039,0,0,17,0,4
luc,41,14,11,12,3,16,6,0,159,26,82,0,0,115,0,0
tl,80,72,37,181,3,25,0,5,659,117,6,1,0,62,0,4
all,191,197,45,6,3,27,32,0,1036,156,509,12,344,72,9,0
krb,2,2,2,0,0,0,0,0,0,1,0,0,0,0,0,0
ml,148,384,60,1342,22,238,49,0,7244,277,227,36,0,713,1,0
hf,100,188,28,167,50,153,0,9,1190,352,4,15,0,1674,55,9
gblx,176,78,37,34,11,3,11,0,318,35,232,0,0,2,0,0
bp,189,192,49,0,0,0,7,0,450,196,201,3,0,29,0,0
mah,184,168,17,44,2,14,2,0,4100,259,17,159,0,15,151,0
fmsstaging,1,6,1,0,0,0,0,0,0,0,0,0,0,0,0,0
hmjc,41,139,11,36,1,13,0,0,55,1,5,0,0,284,0,0
pf_test,20,0,3,0,0,0,0,0,0,9,0,5,6,0,0,0
sc_test,7,0,3,0,0,0,0,0,0,7,0,1,0,0,0,0
hl,1,0,1,0,0,0,0,0,0,1,0,0,0,0,0,0
vcgcon,1,0,1,0,0,0,0,0,0,0,0,0,0,0,0,0
lpf,1404,1508,46,3591,113,427,25,625,7540,437,567,193,0,6519,204,557
clm,1238,1005,74,1532,99,207,125,399,4629,1124,1755,0,0,773,2,316
cst,1192,9,59,2176,141,335,51,0,3432,816,1351,3,43,0,0,0
sp,144,135,6,5,0,0,1,0,264,148,8,86,95,0,53,0
pebl,25,2,3,0,0,0,0,0,0,2,0,0,0,0,0,0
gcl,159,108,28,0,3,5,13,2,606,181,89,71,405,15,61,0
eglo_can,149,91,20,357,1,52,1,0,3768,335,91,33,0,785,2,0
wdd,0,10,0,0,0,0,0,0,0,0,0,0,0,0,0,0
ihm,40,58,20,21,3,15,0,0,61,19,54,1,0,123,2,0
gsa,323,207,22,0,82,76,0,18,2959,20,2,9,0,125,9,8
dri,0,1,0,0,0,0,0,0,0,0,0,0,0,0,0,0
fal,315,417,42,21,27,52,95,0,2051,1766,1243,568,92,280,568,0
hsi,0,0,0,0,0,0,0,0,0,0,0,0,0,0,0,0
yw,77,116,17,14,1,23,17,0,43,75,903,6,11,124,37,0
khi,1,1,1,0,0,0,0,0,0,0,0,0,0,0,0,0
ekc,5,4,3,0,1,0,0,0,3,0,0,0,0,0,0,0
bsc,35,121,10,8,2,20,0,3,810,8,2,2,0,31,13,21
vce,385,307,18,28,2,65,43,0,500,316,286,18,0,184,13,0
tlastaging,2,6,2,0,0,0,0,0,0,0,0,0,0,0,0,0
tel,2,12,1,0,0,18,0,1,44,0,14,0,0,39,0,1
jc,90,168,10,0,5,0,1,0,112,8,82,0,0,35,47,4
bpstaging,0,54,0,0,0,0,0,0,0,0,0,0,0,2,0,0
hh,15,14,5,0,0,0,0,0,4,0,1,0,0,1,0,0
demo3,55,0,3,2,4,14,5,6,12,37,14,9,19,0,0,0
cl,46,65,31,61,4,18,0,8,326,61,1,0,0,43,0,2
dccl,149,278,12,0,246,110,0,0,100,105,43,60,0,203,67,0
abol,58,33,7,0,39,2,0,0,0,4,2,0,0,11,0,0
soi,58,59,6,0,3,22,0,0,973,0,4,0,0,14,0,0
st,12,10,1,3,0,0,0,0,13,0,0,0,0,0,0,0
demo2,83,38,13,78,5,30,21,40,250,298,130,13,48,111,2,20
kkc,31,47,17,22,2,40,5,0,120,3,46,0,5,22,0,0
ctest,6,1,2,0,0,0,0,0,0,0,0,0,0,0,0,0
mhstage,0,0,0,0,0,0,0,0,0,0,0,0,0,0,0,0
gc,148,99,16,5,21,62,253,0,1481,525,633,234,0,297,215,0
wwtest,0,0,0,0,0,0,0,0,0,0,0,0,0,0,0,0
cf,29,40,7,39,2,24,0,0,154,0,4,0,0,715,0,0
acsd,0,0,0,0,0,0,0,0,1,0,0,0,0,0,0,0
ffdm,1,2,1,0,0,0,0,0,0,0,13,0,0,0,0,0
am,54,70,15,22,28,39,14,0,357,76,180,20,71,129,36,0
leg,1,6,1,0,0,0,0,2,0,0,0,0,0,29,1,9
cfsd,3,1,3,0,0,0,0,0,0,0,1,0,0,0,0,0
vcgstaging,9,1,3,0,0,0,0,0,0,3,0,0,0,0,0,0
mhc,6,486,1,0,0,0,0,0,18,2,0,0,0,795,99,368
bc,0,0,0,0,0,0,0,0,1,0,0,0,0,1,0,0
pol,0,0,0,0,0,0,0,0,0,0,0,0,0,0,0,0
cstr,0,0,0,0,0,0,0,0,0,0,0,0,0,0,0,0
tcd,8,25,2,0,0,0,0,0,1,1,2,0,0,0,0,0
elk,0,0,0,0,0,0,0,0,0,0,0,0,0,0,0,0
demo1,2,6,1,0,0,0,0,0,0,0,0,0,0,0,1,0
clctest,0,2,0,0,0,0,0,0,0,0,0,0,0,0,0,1
test1,3,17,1,0,0,0,0,0,4,6,0,3,1,1,0,0
blh,2,2,1,0,0,0,0,0,0,0,0,0,0,0,0,0
mali,99,1,3,0,0,0,0,0,3,16,2,0,1,0,0,0
opame,3,19,2,0,0,0,0,0,0,2,0,2,0,0,13,0
bmc,0,405,0,0,0,0,0,0,0,0,0,0,0,244,28,149
khl,0,0,0,0,0,0,0,0,0,0,0,0,0,0,0,1
demolighting,4,0,2,0,0,0,0,0,0,0,0,0,0,0,0,0
di,0,0,0,0,0,0,0,0,0,0,0,0,0,0,0,0
ufitest,2,0,2,0,0,0,0,0,0,0,2,0,0,0,0,0
et2,2,38,1,0,0,0,0,0,0,0,0,0,0,0,0,0
sl,0,0,0,0,0,0,0,0,0,0,0,0,0,0,0,0
emerydemo,0,0,0,0,0,0,0,0,0,0,0,0,0,0,0,0
tam-staging,0,9,0,0,0,0,0,0,0,0,0,0,0,0,0,0
kylademo,0,0,0,0,0,0,0,0,0,0,0,0,0,0,0,0
hvusa,6,0,1,0,0,0,0,0,11,0,1,0,0,0,0,0
