org_shortname,total_users
aa,4
abol,21
acsd,7
afx,67
ah,1813
ahc,5
ahtest,5
al,14
ali,236
all,68
am,20
ap,1220
arl,65
art,53
asi,277
ati,53
bc,16
bc2,0
bcf,1372
bde,0
bei,10
bi,16
big,93
blh,3597
bmc,6549
bmc2,7
bmc3,65
bobo,70
bp,90
bpstaging,7
bri,1273
bri_test,1
bsc,19
bscc,1
bss,0
bts,2
cbi,4
cc,28
cci,89
cf,107
cfc,0
cfd,0
cff,1
cfg,1463
cfsd,49
cl,206
clc,1046
clctest,8
clli,1671
clm,744
cmi,17
csi,1
cst,59
ctest,0
da,42
dals,60
dccl,19
demo,145
demo1,31
demo2,27
demo3,3
demolighting,11
df,42
dh,0
di,23
dpl,11
dri,16
dws,43
ebc,24
eglo,52
eglo_can,21
ei,0
eig,0
ekc,238
el,315
eli,1467
elk,130
emerydemo,0
erf,1
et2,86
etl,16
fal,54
fc,9147
fcc,29
fccstaging,3
fcj,2
ffdm,33
fms,206
fmsstaging,16
frh,478
fsf,707
gb,13
gblx,55
gc,317
gcl,35
gf,2
gg,48
gh,7876
gl,551
gsa,46
gww,1
hatl,12
hcan,7
hchi,17
hds,4
heb,100
hf,63
hfg,191
hh,80
hl,1
hla,12
hmi,0
hmjc,149
horl,5
hsi,42
hvint,1
hvl,180
hvusa,4
ias,4
if,1
ih,46
ihm,48
ihw,50
ilc,12
jbl,15
jc,47
jcsa,14
jcusa,2538
jgw,39
jyc,15824
kal,1630
khi,13
khl,1566
ki,36
kii,94
kkc,78
kl,117
kll,898
krb,35
kylademo,0
lcf,2
leg,0
libco,1
llb,26
lna,2
lpf,2440
lss,19
luc,21
mah,356
mali,5
mcf,19
mdff,19
mfc,561
mfl,1
mg,1
mh,91
mhc,44
mhstage,2
ml,129
mlc,58
mlg,101
mli,81
mpc,242
mt,3
ol,18
omc,0
opame,3
pbp,12
pcl,57
pebl,3
pef,7
pf,183
pf_test,7
pfi,54
pfu,2
pol,104
prog,108
pts,6
pw,46
pwg,6
rac,47
rf,56
ril,253
rw,88
sa,1
sarreid,123
sbl,129
sbmh,3362
sc,140
sc_test,3
sca,34
scc,13
sccon,1156
sci,31
scw,4455
sf,56
sgl,3
shf,22
shl,2066
sic,1
sl,97
slusa,2
soi,4
sp,13
ssi,46
st,21
sw,29
swc,28
ta,503
tam,28
tam-staging,0
tcd,2
tech,0
tel,20
temp,0
test1,8
tft,27
tl,212
tla,197
tlastaging,16
tle,0
tll,0
tmpl,0
tmpo,0
ttf,27
ufi,113
ufistaging,1
ufitest,4
uhc,20
uu,1
vc,4
vce,30
vcg,163
vcgcon,2
vcgstaging,20
vic,321
vl,92
wa,3
wac,158
wag,94
waledemo,0
wdd,1
wmo,1
wwjc,20225
wwtest,6
yw,25
