plan_id,plan_name,description,base_price_usd,subscriptions,orgs
1,eCat iPad,,725.00,97,97
2,eCat (iPad) - CC Service,Secure credit card capture,225.00,0,0
3,eCat (iPad) Service with CPQ,base service including CPQ for configurable products,795.00,17,17
4,eCat Online - B2B Cart,B2B Shopping Cart Service; unlimited users,295.00,32,31
5,eCat Online - Closed Site,Closed Site w/ User Enrollment Service,100.00,48,47
6,eCat Online - Portal,Sales Portal service with enhanced sales reporting,395.00,38,37
7,eCat Online Service,Public Catalog / Base Service; unlimited users,295.00,54,53
8,eCat (iPad) Library FlipBook,FlipBook & PDF hot-spotting,195.00,5,5
9,eCat (iPad) CPQ,Product Configuration & Pricing Features and support,195.00,3,3
10,eCat Online - Closed Site with Cart,Closed site with user enrollment & secure cart,495.00,1,1
11,eCat (iPad) Secure Credit Card,Secure Credit Card Capture Service,195.00,5,5
12,eCat (iPad) Product Configuration,Product Configuration & Pricing Features,195.00,1,1
13,eCat (iPad) Credit Card PCI,Credit Card PCI,195.00,1,1
14,Enhanced Support & Advisory,,850.00,1,1
15,Additional Users,,625.00,8,8
16,T1 - Catalog Essentials,Catalog & Field Sales; 10 users,749.00,2,2
17,T2 - Commerce Professional,Direct Commerce; 15 users; adds Online Ordering/Storefront/CPQ/PCI,1295.00,2,2
18,T3 - Commerce Enterprise,Intelligence + Premium Support; 40 users; Dashboards/CSM/Priority,2295.00,1,1
19,Managed Integration Hosting,Monitoring/alerting/break-fix for managed integration pipeline,300.00,3,3
