Code,Name,Options,PriceAddend,PriceFactor
FIN001,Finish - Copper Body,"COPPER,BLK,BRZ,GRAY,CLEAR",,
FIN002,Finish - Brass Body,"BRASS,CLEAR",,
ELE001,Electric 001,ADS,,
DEC001,Decorative 001,"LTS,LBS,SP,FDF,BBR,FT3,FT4",,
ELE002,Electric 002,"HSI1,HSI2,CSHI,TLA,ADS",,
ELE003,Electric 003,"TLA,ADS",,
GAS001,Gas 001,"SPTS,GPR,ELI,ASV,WGS",,
WM001,Wall Mount 001,"BMTS7,BMCM1",,
CM001,Ceiling Mount 001,"CHM,HSCM,BMY9,BMCHM,BMSM",,
PP001,Post & Pier Mount 001,"DBPA,CSP6,CSP8,CSP10,BMPF8,BMPM8,BMCPM9",,
ELE004,Electric 004,"HSI1,HSI2,CSHI",,
CM002,Ceiling Mount 002,"BMY9,BMCHM",,
WM002,Wall Mount 002,"BMTS2,BMCM2",,
CM003,Ceiling Mount 003,"CHM,HSCM,BMY3,BMCHM,BMSM",,
PP002,Post & Pier Mount 002,"DBPA,CSP6,CSP8,CSP10,BMPF3,BMPM3,BMCPM3",,
CM004,Ceiling Mount 004,"BMY3,BMCHM",,
GAS002,Gas 002,"SPTL,GPR,ELI,ASV,WGL",,
WM003,Wall Mount 003,"BMTS12,BMCM2",,
CM005,Ceiling Mount 005,"HCHM,CHM,HSCM,BMY15",,
PP003,Post & Pier Mount 003,"DBPA,CSP6,CSP8,CSP10,BMPF13,BMPM13,BMCPM15",,
CM006,Ceiling Mount 006,BMY15,,
WM004,Wall Mount 004,"BMTS6,BMCM1",,
CM007,Ceiling Mount 007,"CHM,HSCM,BMY7,BMCHM,BMSM",,
PP004,Post & Pier Mount 004,"DBPA,CSP6,CSP8,CSP10,BMPF7,BMPM7,BMCPM7",,
DEC002,Decorative 002,SPAM22,,
CM008,Ceiling Mount 008,"BMY7,BMCHM",,
WM005,Wall Mount 005,"BMTS1,BMCM2",,
CM009,Ceiling Mount 009,"CHM,HSCM,BMY1,BMCHM,BMSM",,
PP005,Post & Pier Mount 005,"DBPA,CSP6,CSP8,CSP10,BMPF1,BMPM1,BMCPM1",,
DEC003,Decorative 003,SPAM29,,
CM010,Ceiling Mount 010,"BMY1,BMCHM",,
WM006,Wall Mount 006,"BMTS11,BMCM2",,
CM011,Ceiling Mount 011,"HCHM,CHM,HSCM,BMY13",,
PP006,Post & Pier Mount 006,"DBPA,CSP6,CSP8,CSP10,BMPF2,BMPM2,BMCPM13",,
DEC004,Decorative 004,SPAM35,,
CM012,Ceiling Mount 012,BMY13,,
CM013,Ceiling Mount 013,COY10,,
PP007,Post & Pier Mount 007,"DBPA,PFPAU,CSP6,CSP8,CSP10,PMAO",,
CM014,Ceiling Mount 014,COY11,,
PP008,Post & Pier Mount 008,"DBPA,PFPAU,CSP10,PMAO",,
WM007,Wall Mount 007,"BMTS8,BMCM3",,
CM015,Ceiling Mount 015,"CHM,HSCM,BMY10,BMCHM,BMSM",,
PP009,Post & Pier Mount 009,"DBPA,CSP6,CSP8,CSP10,BMPF9,BMPM9,BMCPM10",,
CM016,Ceiling Mount 016,"BMY10,BMCHM",,
WM008,Wall Mount 008,"BMTS3,BMCM4",,
CM017,Ceiling Mount 017,"CHM,HSCM,BMY4,BMCHM,BMSM",,
PP010,Post & Pier Mount 010,"DBPA,CSP6,CSP8,CSP10,BMPF4,BMPM9,BMCPM4",,
CM018,Ceiling Mount 018,"BMY4,BMCHM",,
WM009,Wall Mount 009,"BMTS13,BMCM4",,
CM019,Ceiling Mount 019,"HCHM,CHM,HSCM,BMY16",,
PP011,Post & Pier Mount 011,"DBPA,CSP6,CSP8,CSP10,BMPF14,BMPM14,BMCPM16",,
CM020,Ceiling Mount 020,BMY16,,
CM021,Ceiling Mount 021,"CHM,HSCM,BMY8,BMCHM,BMSM",,
PP012,Post & Pier Mount 012,"DBPA,CSP6,CSP8,CSP10,BMPF1,BMPM1,BMCPM8",,
CM022,Ceiling Mount 022,"BMY8,BMCHM",,
CM023,Ceiling Mount 023,"CHM,HSCM,BMY2,BMCHM,BMSM",,
PP013,Post & Pier Mount 013,"DBPA,CSP6,CSP8,CSP10,BMPF2,BMPM2,BMCPM2",,
CM024,Ceiling Mount 024,"BMY2,BMCHM",,
CM025,Ceiling Mount 025,"HCHM,CHM,HSCM,BMY14",,
PP014,Post & Pier Mount 014,"DBPA,CSP6,CSP8,CSP10,BMPF12,BMPM12,BMCPM14",,
CM026,Ceiling Mount 026,BMY14,,
WM010,Wall Mount 010,"WY,GNP1,GNS1,GH1,GH2,EE1,CMS,DSMS,FMS",,
WA001,Wall Accessories 001,"TSW3,TS3,BSW1,BS1,RBS1,FH3,BFH2",,
CM027,Ceiling Mount 027,"CY05,PY12,LR,CHM,QCM,SM,HSCM",,
PP015,Post & Pier Mount 015,"DBPA,PF1,GPF1,CSP6,CSP8,CSP10,PMG,CPM1,PFPA,PLR",,
DEC005,Decorative 005,"LTS,LBS,FDF,BBR",,
CM028,Ceiling Mount 028,"CY05,PY12,LR",,
WM011,Wall Mount 011,"WY,GNP2,GNS2,GH1,GH2,EE1,CMS,DSMS,FMS",,
WA002,Wall Accessories 002,"TSW7,TS7,BSW2,BS2,RBS2,FH6,BFH5",,
CM029,Ceiling Mount 029,"CY11,PY6,LR,CHM,QCM,SM,HSCM",,
PP016,Post & Pier Mount 016,"DBPA,PF2,GPF2,CSP6,CSP8,CSP10,PMG,CPM2,PFPA,PLR",,
CM030,Ceiling Mount 030,"CY11,PY6,LR",,
WM012,Wall Mount 012,"WY,GH1,GH2,EE2,CML,DSML,FML",,
WA003,Wall Accessories 003,"TSW11,TS11,BSW6,BS6,RBS4,FH9",,
CM031,Ceiling Mount 031,"CY13,PY7,LR,CHM,QCM,SM,HSCM",,
DEC006,Decorative 006,"LTL,LBL,FDF,BBR",,
CM032,Ceiling Mount 032,"CY13,PY7,LR",,
WA004,Wall Accessories 004,"TSW15,TS15,BSW7,BS7,RBS5,FH10",,
CM033,Ceiling Mount 033,"CY16,PY5,LR,CHM,QCM,SM,HSCM",,
PP017,Post & Pier Mount 017,"DBPA,PF3,GPF3,CSP6,CSP8,CSP10,PMG,CPM3,PFPA,PLR",,
DEC007,Decorative 007,"LTL,LBL,FDF",,
CM034,Ceiling Mount 034,"CY16,PY5,LR",,
WM013,Wall Mount 013,"GH1,GH2",,
CM035,Ceiling Mount 035,COY6,,
PP018,Post & Pier Mount 018,"DBPA,PFPAU,CSP6,CSP8,CSP10,PMAU",,
CM036,Ceiling Mount 036,COY7,,
CM037,Ceiling Mount 037,COY9,,
WA005,Wall Accessories 005,"TSW5,TS5,BSW1,BS1,RBS2,BFH6",,
CM038,Ceiling Mount 038,"CY08,PY2,LR,CHM,SM,HSCM",,
DEC008,Decorative 008,"FDF,BBR",,
CM039,Ceiling Mount 039,"CY08,PY2,LR",,
WA006,Wall Accessories 006,"TSW10,TS10,BSW2,BS2,RBS2",,
CM040,Ceiling Mount 040,"CY12,PY8,LR,CHM,SM,HSCM",,
CM041,Ceiling Mount 041,"CY12,PY8,LR",,
WM014,Wall Mount 014,"WY,GNP6,GNS6,GH1,GH2,EE2,CML,DSML,FML",,
WA007,Wall Accessories 007,"TSW14,TS14,BSW6,BS6,RBS5",,
CM042,Ceiling Mount 042,"CY15,PY3,LR,CHM,SM,HSCM",,
CM043,Ceiling Mount 043,"CY15,PY3,LR",,
WM015,Wall Mount 015,"WY,GNP4,GNS4,GH1,GH2,EE1,CMS,DSMS,FMS",,
WA008,Wall Accessories 008,"TSW3,TS3,BSW1,BS1,RBS1,BFH3",,
CM044,Ceiling Mount 044,"CY04,PY9,LR,CHM,QCM,SM,HSCM",,
PP019,Post & Pier Mount 019,"DBPA,PF4,GPF4,CSP6,CSP8,CSP10,PMG,CPM4,PFPA,PLR",,
DEC009,Decorative 009,"LBS,FDF,BBR",,
CM045,Ceiling Mount 045,"CY04,PY9,LR",,
WA009,Wall Accessories 009,"TSW11,TS11,BSW6,BS6,RBS4,BFH7",,
CM046,Ceiling Mount 046,"CY14,PY9,LR,CHM,QCM,SM,HSCM",,
CM047,Ceiling Mount 047,"CY14,PY9,LR",,
WM016,Wall Mount 016,"WY,GNP5,GH1,GH2,EE2,CML,DSML,FML",,
WA010,Wall Accessories 010,"TSW15,TS15,BSW7,BS7,RBS4",,
CM048,Ceiling Mount 048,"CY17,PY10,LR,CHM,QCM,HSCM,SM",,
PP020,Post & Pier Mount 020,"DBPA,PF5,GPF5,CSP6,CSP8,CSP10,PMG,CPM5,PFPA,PLR",,
DEC010,Decorative 010,"LBL,FDF,BBR",,
CM049,Ceiling Mount 049,"CY17,PY10,LR",,
WA011,Wall Accessories 011,"TSW17,TS17,BSW8,BS8,RBS5",,
CM050,Ceiling Mount 050,"CY19,PY11,LR,CHM,QCM,HSCM,SM",,
CM051,Ceiling Mount 051,"CY19,PY11,LR",,
WM017,Wall Mount 017,"WY,GNP3,GNS3,GH1,GH2,EE1,CMS,DSMS,FMS",,
WA012,Wall Accessories 012,"TSW2,TS2,BSW3,BS3,RBS1,FH2,BFH4",,
CM052,Ceiling Mount 052,"CY03,LR,CHM,SM,HSCM",,
DEC011,Decorative 011,"CHBCH30,LTS,LBS,FT3,FDF,BBR",,
CM053,Ceiling Mount 053,"CY03,LR",,
WM018,Wall Mount 018,"WY,GNP3,GNS3,GH1,GH2,EE1,CML,DSML,FML",,
WA013,Wall Accessories 013,"TSW6,TS6,BSW4,BS4,RBS2,FH5,BFH6",,
CM054,Ceiling Mount 054,"CY09,LR,CHM,SM,HSCM",,
DEC012,Decorative 012,"CHBCH36,LTL,LBL,FT3,FDF,BBR",,
CM055,Ceiling Mount 055,"CY09,LR",,
WA014,Wall Accessories 014,"TSW6,TS6,BSW5,BS5,RBS3,FH1,FH2,FH3,FH4,FH5,FH6,FH7,FH8,FH9,FH10,FH11",,
DEC013,Decorative 013,"CHBCH38,LTL,LBL,FT3,FDF,BBR",,
WA015,Wall Accessories 015,BFH6,,
CM056,Ceiling Mount 056,"CY01,PY13,COY2,LR,HSCM",,
DEC014,Decorative 014,CHBCO18,,
CM057,Ceiling Mount 057,"CY01,PY13,COY2,LR",,
DEC015,Decorative 015,CHBCO24,,
WM019,Wall Mount 019,"WY,GH1,GH2,EE1,CML,DSML,FML",,
CM058,Ceiling Mount 058,"CY10,PY6,COY3,LR,HSCM",,
PP021,Post & Pier Mount 021,"DBPA,PF3,GPF3,CSP6,CSP8,CSP10,PMG,CPM6,PFPA,PLR",,
DEC016,Decorative 016,CHBSO32,,
CM059,Ceiling Mount 059,"CY10,PY6,COY3,LR",,
CM060,Ceiling Mount 060,"CY05,PY12,LR,CHM,QCM,HSCM,SM",,
CM061,Ceiling Mount 061,"CY11,PY6,LR,CHM,QCM,HSCM,SM",,
ELE005,Electric 005,"HSI1,HSI2,CSHI,ADS",,
WA016,Wall Accessories 016,"TSW11,TS11,BSW6,BS6,RBS4,FH1,FH2,FH3,FH4,FH5,FH6,FH7,FH8,FH9,FH10,FH11",,
CM062,Ceiling Mount 062,"CY13,PY7,LR,CHM,QCM,HSCM,SM",,
CM063,Ceiling Mount 063,"CY16,PY5,LR,CHM,QCM,HSCM,SM",,
DEC017,Decorative 017,CHB,,
GAS003,Gas 003,"GPR,ELI,ASV,WGS,WGL,SPTL,SPTS",,
WA017,Wall Accessories 017,"TSW19,TS19",,
CM064,Ceiling Mount 064,"CY01,PY13,LR,CHM,HSCM",,
CM065,Ceiling Mount 065,"CY01,PY13,LR,HSCM",,
WA018,Wall Accessories 018,"TSW7,TS7",,
CM066,Ceiling Mount 066,"CY11,PY6,LR,CHM,HSCM",,
CM067,Ceiling Mount 067,"CY11,PY6,LR,HSCM",,
WA019,Wall Accessories 019,"TSW11,TS11",,
CM068,Ceiling Mount 068,"CY13,PY7,LR,CHM,HSCM",,
CM069,Ceiling Mount 069,"CY13,PY7,LR,HSCM",,
WA020,Wall Accessories 020,"TSW4,TS4,BSW1,BS1,RBS1",,
CM070,Ceiling Mount 070,"CY04,PY8,LR,CHM,QCM,SM,HSCM",,
CM071,Ceiling Mount 071,"CY04,PY8,LR",,
WA021,Wall Accessories 021,"TSW12,TS12,BSW6,BS6,RBS4",,
WM020,Wall Mount 020,"WY,GNP5,GNS5,GH1,GH2,EE2,CML,DSML,FML",,
WA022,Wall Accessories 022,"TSW16,TS16,BSW7,BS7,RBS5",,
CM072,Ceiling Mount 072,"CY17,PY10,LR,CHM,QCM,SM,HSCM",,
WA023,Wall Accessories 023,"TSW18,TS18,BSW8,BS8,RBS5",,
CM073,Ceiling Mount 073,"CY19,PY11,LR,CHM,QCM,SM,HSCM",,
DEC018,Decorative 018,CHBCO30,,
DEC019,Decorative 019,CHBCH30,,
GAS004,Gas 004,"SPTS,GPR,ASV,WGS",,
DEC020,Decorative 020,CHBHL18,,
DEC021,Decorative 021,"CHBHL21,LTS,LBS,SP,FDF,BBR,FT3,FT4",,
DEC022,Decorative 022,CHBHL21,,
DEC049,Decorative 049,"CHBHL21,FT3,FT4",,
WM021,Wall Mount 021,"BMTS9,BMDSM1",,
CM074,Ceiling Mount 074,"CHM,HSCM,BMY11,BMCHM,BMSM",,
PP022,Post & Pier Mount 022,"DBPA,CSP6,CSP8,CSP10,BMPF10,BMPM10,BMCPM11",,
CM075,Ceiling Mount 075,"BMY11,BMCHM",,
WM022,Wall Mount 022,"BMDSM2,BMTS4",,
CM076,Ceiling Mount 076,"CHM,HSCM,BMY5,BMCHM",,
PP023,Post & Pier Mount 023,"DBPA,CSP6,CSP8,CSP10,BMPF5,BMPM5,BMCPM5",,
CM077,Ceiling Mount 077,"BMY5,BMCHM",,
GAS005,Gas 005,"SPTL,GPR,ASV,WGL",,
WM023,Wall Mount 023,"BMDSM2,BMTS14",,
CM078,Ceiling Mount 078,"HCHM,CHM,HSCM,BMY17",,
PP024,Post & Pier Mount 024,"DBPA,CSP6,CSP8,CSP10,BMPF15,BMPM15,BMCPM17",,
CM079,Ceiling Mount 079,BMY17,,
WM024,Wall Mount 024,"WY,GH1,GH2,EE1",,
WA024,Wall Accessories 024,TSG15,,
CM080,Ceiling Mount 080,"LR,CHM,SM,HSCM",,
PP025,Post & Pier Mount 025,"GPFG15,CSP6,CSP8,CSP10,PMG,PFPA,PLR",,
DEC023,Decorative 023,SP,,
CM081,Ceiling Mount 081,LR,,
WA025,Wall Accessories 025,"TSW3,TS3,BSW1,BS1,RBS1,FH3,BFH1",,
DEC024,Decorative 024,"LTS,LBS,FT2,SP,FDF,BBR",,
WA026,Wall Accessories 026,"TSW7,TS7,BSW1,BS1,RBS1,FH8,BFH2",,
CM082,Ceiling Mount 082,"CY10,PY6,LR,CHM,QCM,SM,HSCM",,
CM083,Ceiling Mount 083,"CY10,PY6,LR",,
WA027,Wall Accessories 027,"TSW8,TS8,BSW2,BS2,RBS1,FH6,BFH3",,
DEC025,Decorative 025,"LTS,LBS,FT3,SP,FDF,BBR",,
WA028,Wall Accessories 028,"TSW12,TS12,BSW6,BS6,RBS4,FH7,BFH6",,
CM084,Ceiling Mount 084,"CY13,PY3,LR,CHM,QCM,SM,HSCM",,
PP026,Post & Pier Mount 026,"DBPA,PF2,GPF2,CSP6,CSP8,CSP10,PMG,CPM2,PFPA,LR",,
DEC026,Decorative 026,"LTL,LBL,FT4,SP,FDF,BBR",,
CM085,Ceiling Mount 085,"CY13,PY3,LR",,
WM025,Wall Mount 025,"WY,GH2,CML",,
WA029,Wall Accessories 029,"TSW36,TS36,BSW36,BS36",,
CM086,Ceiling Mount 086,"CY36,LR,QCM,HSCM",,
PP027,Post & Pier Mount 027,"DBPA,CSP6,CSP8,CSP10,PFPA,PLR",,
CM087,Ceiling Mount 087,"CY36,LR",,
WM026,Wall Mount 026,"WY,GNP3,GNS3,GH1,GH2,EE1",,
WA030,Wall Accessories 030,"BS3,RBS1,BFH4",,
CM088,Ceiling Mount 088,COY1,,
PP028,Post & Pier Mount 028,"DBPA,PF3,GPF3,CSP6,CSP8,CSP10,PMG,CPM3,PFPA",,
GAS006,Gas 006,"SPTS,GPR,ASV",,
WM027,Wall Mount 027,"WY,GNP3,GNS3,GH1,GH2,EE1,CMS,FMS",,
WA031,Wall Accessories 031,"BS4,RBS2,BFH6",,
WM028,Wall Mount 028,"WY,GNP3,GNS3,GH1,GH2,EE2,CML,DSML,FML",,
WA032,Wall Accessories 032,"BS4,RBS3",,
CM089,Ceiling Mount 089,COY3,,
PP029,Post & Pier Mount 029,"DBPA,PF3,GPF3,CSP6,CSP8,CSP10,PMG,CPM6,PFPA",,
WA033,Wall Accessories 033,MOTS,,
PP030,Post & Pier Mount 030,"DBPA,PF6,GPF6,CSP6,CSP8,CSP10,PMG,PFPA,PLR",,
WA034,Wall Accessories 034,MOTL,,
CM090,Ceiling Mount 090,COY14,,
PP031,Post & Pier Mount 031,"DBPA,PF7,GPF7,CSP6,CSP8,CSP10,PMG,PFPA,PLR",,
WA035,Wall Accessories 035,"TSW19,TS19,BSW2,BS2,RBS1,BFH3",,
CM091,Ceiling Mount 091,"CY01,PY13,LR,CHM,SM,HSCM",,
DEC027,Decorative 027,"CHBSO20,BBR",,
CM092,Ceiling Mount 092,"CY01,PY13,LR",,
WA036,Wall Accessories 036,"TSW3,TS3,BSW3,BS3,RBS1,BFH4",,
CM093,Ceiling Mount 093,"CY05,PY12,LR,CHM,SM,HSCM",,
DEC028,Decorative 028,"CHBSO22,BBR",,
WA037,Wall Accessories 037,"TSW20,TS20,BSW4,BS4,RBS2,BFH7",,
CM094,Ceiling Mount 094,"CY10,PY6,LR,CHM,SM,HSCM",,
DEC029,Decorative 029,"CHBSO26,BBR",,
WA038,Wall Accessories 038,"TSW20,TS20,BSW5,BS5",,
DEC030,Decorative 030,"CHBMS30,BBR",,
WA039,Wall Accessories 039,"TSW4,TS4,BSW1,BS1,RBS1,FH6,BFH1",,
WA040,Wall Accessories 040,"TSW12,TS12,BSW2,BS2,RBS1,FH7",,
DEC031,Decorative 031,"LTS,LBS,FT4,SP,FDF,BBR",,
WA041,Wall Accessories 041,"TSW16,TS16,BSW6,BS6,RBS4,FH11",,
GAS007,Gas 007,GPR,,
WA042,Wall Accessories 042,"TSW1,TS1,BSW3,BS3,RBS1,FH1,BFH4",,
CM095,Ceiling Mount 095,"CY02,PY13,LR,CHM,QCM,SM,HSCM",,
DEC032,Decorative 032,"CHBCH30,LTS,LBS,FT2,SP,FDF,BBR",,
CM096,Ceiling Mount 096,"CY02,PY13,LR",,
WA043,Wall Accessories 043,"TSW4,TS4,BSW4,BS4,RBS2,FH3,BFH6",,
CM097,Ceiling Mount 097,"CY08,PY4,LR,CHM,QCM,SM,HSCM",,
DEC033,Decorative 033,"CHBCH36,LTL,LBL,FT3,SP,FDF,BBR",,
CM098,Ceiling Mount 098,"CY08,PY4,LR",,
WA044,Wall Accessories 044,"TSW8,TS8,BSW5,BS5,RBS3,FH8",,
CM099,Ceiling Mount 099,"CY10,PY8,LR,CHM,QCM,SM,HSCM",,
PP032,Post & Pier Mount 032,"DBPA,PF3,GPF3,CSP6,CSP8,CSP10,CPM3,PFPA,PLR",,
DEC034,Decorative 034,"CHBSO32,LTL,LBL,FT4,SP,FDF,BBR",,
CM100,Ceiling Mount 100,"CY10,PY8,LR",,
WM029,Wall Mount 029,BMTS7,,
CM101,Ceiling Mount 101,"CY21,CHM,SM,HSCM,BMCHM",,
PP033,Post & Pier Mount 033,"DBPA,CSP6,CSP8,CSP10,BMPF8,BMPM,BMCPM9",,
CM102,Ceiling Mount 102,"CY21,BMCHM",,
WM030,Wall Mount 030,BMTS2,,
CM103,Ceiling Mount 103,"CY22,CHM,HSCM,BMCHM",,
PP034,Post & Pier Mount 034,"DBPA,CSP6,CSP8,CSP10,BMPF3,BMPM,BMCPM3",,
CM104,Ceiling Mount 104,"CY22,BMCHM",,
WM031,Wall Mount 031,BMTS12,,
CM105,Ceiling Mount 105,"CY23,CHM,HSCM,BMCHM",,
PP035,Post & Pier Mount 035,"DBPA,CSP6,CSP8,CSP10,BMPF13,BMPM,BMCPM15",,
CM106,Ceiling Mount 106,"CY23,BMCHM",,
WA045,Wall Accessories 045,"TSW9,TS9,BSW1,BS1,RBS1,BFH2",,
CM107,Ceiling Mount 107,"CY12,PY1,LR,CHM,QCM,SM,HSCM",,
DEC035,Decorative 035,"LBS,SP,FDF,BBR",,
CM108,Ceiling Mount 108,"CY12,PY1,LR",,
WA046,Wall Accessories 046,"TSW9,TS9,BSW2,BS2,RBS1,BFH3",,
WA047,Wall Accessories 047,"TSW13,TS13,BSW6,BS6,RBS4",,
CM109,Ceiling Mount 109,"CY15,PY3,LR,CHM,QCM,SM,HSCM",,
DEC036,Decorative 036,"LBL,SP,FDF,BBR",,
WM032,Wall Mount 032,"WY,GH2,CMS,DSMS,FMS",,
CM110,Ceiling Mount 110,"CY01,PY13,LR,CHM,QCM,SM,HSCM",,
DEC037,Decorative 037,CHBPS19,,
WM033,Wall Mount 033,"WY,GH2,CML,DSML,FML",,
DEC038,Decorative 038,CHBPS24,,
CM111,Ceiling Mount 111,"CY10,LR,CHM,QCM,SM,HSCM",,
DEC039,Decorative 039,CHBPS29,,
CM112,Ceiling Mount 112,"CY10,LR",,
WA048,Wall Accessories 048,"TSW1,TS1,BSW2,BS2,RBS1,FH1,BFH3",,
CM113,Ceiling Mount 113,"CY02,LR,CHM,QCM,SM,HSCM",,
DEC040,Decorative 040,"CHBSO20,LTS,LBS,FT2,FDF,BBR",,
CM114,Ceiling Mount 114,"CY02,LR",,
WA049,Wall Accessories 049,"TSW4,TS4,BSW3,BS3,RBS1,FH4,BFH4",,
CM115,Ceiling Mount 115,"CY08,LR,CHM,QCM,SM,HSCM",,
DEC041,Decorative 041,"CHBSO22,LTS,LBS,FT2,FDF,BBR",,
CM116,Ceiling Mount 116,"CY08,LR",,
WA050,Wall Accessories 050,"TSW8,TS8,BSW4,BS4,RBS2,FH6,BFH7",,
DEC042,Decorative 042,"CHBSO26,LTL,LBL,FT4,FDF,BBR",,
WM034,Wall Mount 034,"WY,GH1,GH2,CML,DSML,FML",,
DEC043,Decorative 043,"CHBSO32,LTL,LBL,FT4",,
WM035,Wall Mount 035,"WY,GNP2,GNS2,GH2,EE1,CMS,DSMS,FMS",,
DEC044,Decorative 044,CHBTE20,,
DEC045,Decorative 045,"CHBTE20,LTS,LBS,FDF,BBR",,
DEC046,Decorative 046,CHBTE22,,
DEC047,Decorative 047,"CHBTE22,LTS,LBS,FDF,BBR",,
WM036,Wall Mount 036,"BMTS10,BMCM1",,
CM117,Ceiling Mount 117,"CHM,HSCM,BMY12,BMCHM",,
PP036,Post & Pier Mount 036,"DBPA,CSP6,CSP8,CSP10,BMPF11,BMPM11,BMCPM12",,
CM118,Ceiling Mount 118,"BMY12,BMCHM",,
WM037,Wall Mount 037,"BMTS5,BMCM2",,
CM119,Ceiling Mount 119,"CHM,HSCM,BMY6,BMCHM",,
PP037,Post & Pier Mount 037,"DBPA,CSP6,CSP8,CSP10,BMPF6,BMPM6,BMCPM6",,
CM120,Ceiling Mount 120,"BMY6,BMCHM",,
WM038,Wall Mount 038,"BMTS15,BMCM2",,
CM121,Ceiling Mount 121,"HCHM,CHM,HSCM,BMY18",,
PP038,Post & Pier Mount 038,"DBPA,CSP6,CSP8,CSP10,BMPF16,BMPM16,BMCPM18",,
CM122,Ceiling Mount 122,BMY18,,
CM123,Ceiling Mount 123,"CHM,HSCM,BMY7,BMCHM",,
CM124,Ceiling Mount 124,"CHM,HSCM,BMY1,BMCHM",,
DEC048,Decorative 048,CHBCH36,,
CM125,Ceiling Mount 125,"CHM,HSCM,BMY12,BMCHM,BMSM",,
CM126,Ceiling Mount 126,"CHM,HSCM,BMY6,BMCHM,BMSM",,
WA051,Wall Accessories 051,"BS1,BS2,BS3,BS4,BS5,BS6,BS7,BS8,BSW1,BSW2,BSW3,BSW4,BSW5,BSW6,BSW7,BSW8,RBS1,RBS2,RBS3,RBS4,RBS5",,
CM127,Ceiling Mount 127,COY12,,
CM128,Ceiling Mount 128,COY13,,
