Section,Metric,Definition,Insight Value,Primary Data Source,Secondary Data Source,Use-Case Applicability,EBR Section
Platform Adoption & Engagement,Active User Ratio,Active users / Billable users,License utilization; low ratios = training opportunity,PostgreSQL MCP,Admin Console,Universal,Platform Utilization Overview
Platform Adoption & Engagement,Login Frequency,Logins / Active user (monthly),Engagement depth; benchmarkable by segment,Mixpanel,Admin Console,Universal,Platform Utilization Overview
Platform Adoption & Engagement,Feature Adoption Rate,Features used / Features enabled,Unused capabilities = expansion conversation,Mixpanel,PostgreSQL MCP,Universal,Adoption Maturity / Platform Utilization Overview
Platform Adoption & Engagement,Mobile vs. Web Split,eCat orders / Total orders,Sales team mobility patterns,Mixpanel,,Ordering clients,Platform Utilization Overview
Platform Adoption & Engagement,User Growth Trend,MoM user count change,Leading indicator of account health,PostgreSQL MCP,Admin Console,Universal,Platform Utilization Overview
Platform Adoption & Engagement,Products with Images %,Products with images / Total products,Visual readiness; affects rep effectiveness,PostgreSQL MCP,,Universal,Platform & Data Health
Platform Adoption & Engagement,Monthly Active Users (MAU),Distinct users with any event in calendar month,Core engagement metric; trendable MoM,Mixpanel,,Universal,Platform Utilization Overview
Platform Adoption & Engagement,Daily Active Users (DAU),Distinct users with any event in calendar day,Granular engagement pulse,Mixpanel,,Universal,Platform Utilization Overview
Platform Adoption & Engagement,MAU Trend (6-month),MAU plotted month-over-month,Engagement trajectory for QBR slides,Mixpanel,,Universal,Platform Utilization Overview
Platform Adoption & Engagement,User Utilization Rate,Active users / Licensed users (per entity),More precise than Active User Ratio for multi-entity accounts,PostgreSQL MCP,Admin Console,Universal,Platform Utilization Overview
Sales Velocity & Order Performance,Average Order Value (AOV),Order total / Order count,Benchmarkable by industry segment,Admin Orders Report,,Ordering clients,Platform Utilization Overview
Sales Velocity & Order Performance,Orders per Active User,Order count / Active users,Rep productivity proxy,Mixpanel,Admin Console,Ordering clients,Sales Team in Action
Sales Velocity & Order Performance,Customer Activation Rate,Customers ordering / Total customers,Buyer engagement; expansion signal when low,Admin Console,PostgreSQL MCP,Universal,Customer Signals
Sales Velocity & Order Performance,Digital Self-Service Rate,eOL orders / Total orders,Channel maturity indicator,Mixpanel,Admin Console,Ordering clients,Customer Signals
Sales Velocity & Order Performance,Order Frequency,Orders / Ordering customers,Purchase velocity,Admin Orders Report,,Ordering clients,Customer Signals
Sales Velocity & Order Performance,Revenue per Active User,Order total / Active users,Productivity benchmark,Admin Orders Report,,Ordering clients,Sales Team in Action
Sales Velocity & Order Performance,Items per Order,Total items ordered / Total orders,Order complexity indicator,PostgreSQL (cart_items),,Ordering clients,Platform Utilization Overview
Sales Velocity & Order Performance,Daily Order Average,Orders / Business days in period,Smoothed velocity metric,Admin Orders Report,,Ordering clients,Platform Utilization Overview
Sales Velocity & Order Performance,Daily Revenue Average,Revenue / Business days in period,Run rate indicator,Admin Orders Report,,Ordering clients,Platform Utilization Overview
Sales Velocity & Order Performance,YTD Annualized Run Rate,(YTD Revenue / Days elapsed) x 365,Projection vs LTM; shows growth trajectory,Admin Orders Report,,Ordering clients,Platform Utilization Overview
Sales Velocity & Order Performance,Monthly Revenue Breakdown,Revenue by calendar month,Seasonality detection and month-over-month pacing,Admin Orders Report,,Ordering clients,Platform Utilization Overview
Sales Velocity & Order Performance,LTM Order Revenue,Trailing 12-month order total,Baseline for YoY comparison,Admin Orders Report,,Ordering clients,Platform Utilization Overview
Sales Velocity & Order Performance,Order Type Breakdown,"Orders by type: Confirmed, Quote, HFC",Order composition; Quote-to-Confirmed conversion and HFC resolution rates are process maturity indicators,Admin Orders Report,,Ordering clients,Platform Utilization Overview
Sales Velocity & Order Performance,Quote-to-Order Conversion Rate,Confirmed orders originating from Quotes / Total Quotes,Sales process efficiency; low conversion = pricing friction or buyer hesitation,Admin Orders Report,,Ordering clients,Opportunities
Sales Velocity & Order Performance,HFC Rate,HFC orders / Total orders,Fulfillment process indicator; high HFC rate may signal inventory or credit issues,Admin Orders Report,,Ordering clients,Platform Utilization Overview
Sales Velocity & Order Performance,Order Origin Mix,"Orders by origin (Regular, Market/Event name)",Trade show and market event attribution; measures order volume tied to specific events,Admin Orders Report,,Ordering clients,Platform Utilization Overview
Sales Velocity & Order Performance,Market-Attributed Revenue,Order value from event-originated orders,ROI indicator for trade show participation; trendable across events,Admin Orders Report,,Ordering clients,Platform Utilization Overview
Territory Performance,Territory Order Volume,Orders per territory,Territory-level sales activity; identifies active vs. dormant territories,Admin Orders Report,,Ordering clients,Sales Team in Action
Territory Performance,Territory Revenue,Total order value per territory,Revenue distribution across sales org; highlights concentration and gaps,Admin Orders Report,,Ordering clients,Sales Team in Action
Territory Performance,Territory AOV,Order total / Orders per territory,Territory-level pricing patterns; significant variance may indicate customer mix or discounting,Admin Orders Report,,Ordering clients,Sales Team in Action
Territory Performance,Territory Customer Count,Unique ordering customers per territory,Customer penetration by territory; low count relative to assigned accounts = activation opportunity,Admin Orders Report,,Ordering clients,Sales Team in Action / Customer Signals
Territory Performance,Territory Rep Activity,Rep engagement events by territory (CLM cross-referenced with territory assignment),Behavioral patterns by territory; identifies where reps are active but not converting or vice versa,Admin Console CLM,Admin Orders Report,Universal,Sales Team in Action
Territory Performance,Territory Customer Concentration,Top customer's % of territory revenue,Revenue risk by territory; single-customer dependency within a territory,Admin Orders Report,,Ordering clients,Sales Team in Action / Customer Signals
Channel Performance,Channel Revenue Share,iPad revenue / Total revenue,iPad dominance = eCat Online opportunity,Mixpanel (channel detection),,Ordering clients,Platform Utilization Overview
Channel Performance,Channel AOV Comparison,iPad AOV vs. Web AOV,Channel-specific pricing patterns,Mixpanel + Admin Orders Report,,Ordering clients,Platform Utilization Overview
Channel Performance,Channel Items per Order,Items/order by channel,Channel-specific ordering behavior,Mixpanel + PostgreSQL (cart_items),,Ordering clients,Platform Utilization Overview
Channel Performance,Channel Adoption Trend,MoM % of orders by channel,Is eCat Online growing or stagnant?,Mixpanel,,Ordering clients,Platform Utilization Overview
Channel Performance,Channel User Split,iPad users vs. Web-only users,Which reps are multi-channel?,Mixpanel,,Universal,Sales Team in Action
Channel Performance,eCat Online Activation,Customers with eOL logins / Total customers,Buyer self-service readiness,Admin Console,PostgreSQL MCP,Universal,Customer Signals
Feature Utilization,PDF Catalog Creation Rate,PDF catalogs created / Active users,Presentation-heavy sales culture,Mixpanel,,Universal,Sales Team in Action
Feature Utilization,SmartPicks Usage,SmartPicks views / Total searches,AI recommendation adoption,Mixpanel,,Universal,Sales Team in Action / Adoption Maturity
Feature Utilization,Kit/Configured Item Orders,Configured orders / Total orders,Product complexity utilization,Mixpanel,,Ordering clients,Platform Utilization Overview
Feature Utilization,Flipbook Engagement,Flipbook views + orders,Digital catalog adoption,Mixpanel,,Universal,Platform Utilization Overview
Feature Utilization,Resource Library Usage,Library views / Active users,Training material consumption,Mixpanel,,Universal,Sales Team in Action
Feature Utilization,Commitments/Interests Tracking,Feature usage count,Pipeline visibility adoption,Mixpanel,,Universal,Sales Team in Action
Feature Utilization,Customer List Creation,Lists created / Active users,Personalization feature adoption,Mixpanel,,Universal,Sales Team in Action
Feature Utilization,Scan Item Usage,Camera scans / Active users,Mobile feature utilization,Mixpanel,,Universal,Sales Team in Action
Feature Utilization,Email Item Info,Item emails drafted / Active users,Buyer enablement activity,Mixpanel,,Universal,Sales Team in Action
Feature Utilization,View Customer Favorites,Favorites views / Active users,Relationship-selling depth,Mixpanel,,Universal,Sales Team in Action
Feature Utilization,View Customer Backorders,Backorder views / Active users,Fulfillment awareness,Mixpanel,,Universal,Sales Team in Action
Feature Utilization,Filter & Sort Usage,Filter + sort events / Active users,Catalog navigation sophistication,Mixpanel,,Universal,Sales Team in Action
Feature Utilization,Order Review Rate,Order views / Orders submitted,QA behavior,Mixpanel,,Ordering clients,Sales Team in Action
Feature Utilization,Show Sales in Catalog,Sales-view events / Active users,Pricing transparency feature adoption,Mixpanel,,Universal,Sales Team in Action
Feature Utilization,View Placements,Placement views / Active users,Showroom/visual merchandising engagement,Mixpanel,,Universal,Sales Team in Action
Feature Utilization,Search Collections,Collection search events / Active users,Collection-based navigation; reps browsing by curated grouping rather than free search,Mixpanel,Admin Console CLM,Universal,Sales Team in Action
Feature Utilization,Customer Product List Creation,Customer product lists created / Active users,Buyer-specific curation — distinct from My List; reps building tailored selections for individual customers,Mixpanel,Admin Console CLM,Universal,Sales Team in Action
Feature Utilization,Customer Product List Views,Customer product list views / Active users,Follow-through on buyer-specific curation; high views relative to creates = reps revisiting tailored selections,Mixpanel,Admin Console CLM,Universal,Sales Team in Action
Feature Utilization,Maybe List Creation,Maybe lists created / Active users,Consideration-stage behavior; items parked for potential follow-up,Mixpanel,Admin Console CLM,Universal,Sales Team in Action
Feature Utilization,Maybe List Conversion Rate,Orders from Maybe List / Maybe lists created,Conversion funnel: consideration to order; measures how effectively parked items convert to transactions,Mixpanel,Admin Console CLM,Universal,Sales Team in Action / Opportunities
Feature Utilization,My List Edit Rate,My List edits / My Lists created,List refinement behavior; high ratio = reps actively curating vs. one-time creation,Mixpanel,Admin Console CLM,Universal,Sales Team in Action
Feature Utilization,Library Entry Sharing Rate,(Single + Multiple library emails) / Library views,Buyer enablement action — what share of library access results in content being shared externally,Mixpanel,Admin Console CLM,Universal,Sales Team in Action
Feature Utilization,Library Single Email,Single library entry emails / Active users,Targeted content sharing — rep sends specific collateral to a buyer,Mixpanel,Admin Console CLM,Universal,Sales Team in Action
Feature Utilization,Library Multi-Email,Multiple library entry emails / Active users,Bulk content sharing — rep sends multiple resources at once,Mixpanel,Admin Console CLM,Universal,Sales Team in Action
Feature Utilization,PDF Search Usage,PDF search events / Active users,In-document/catalog content search; distinct from product catalog search,Mixpanel,Admin Console CLM,Universal,Sales Team in Action
Feature Utilization,Cross-Product Access (Sales Portal from iPad),Sales Portal access events from iPad / Active users,Cross-product engagement — reps accessing Sales Portal dashboards from within iPad app,Mixpanel,Admin Console CLM,Universal,Sales Team in Action / Adoption Maturity
Rep-Level Performance,Orders per Rep,Individual rep order volume,Identifies power users and laggards,Mixpanel,Admin Console,Ordering clients,Sales Team in Action
Rep-Level Performance,Orders per Login,Orders / Logins (per rep),Efficiency ratio,Mixpanel,Admin Console,Ordering clients,Sales Team in Action
Rep-Level Performance,Product Searches per Order,Searches / Orders (per rep),Discovery efficiency,Mixpanel,,Ordering clients,Sales Team in Action
Rep-Level Performance,Customer Searches per Order,Cust. searches / Orders (per rep),Targeting efficiency,Mixpanel,,Ordering clients,Sales Team in Action
Rep-Level Performance,PDF Catalogs per Order,PDFs created / Orders (per rep),Presentation intensity,Mixpanel,,Ordering clients,Sales Team in Action
Rep-Level Performance,User Concentration Risk,Top rep's % of total orders,Bus factor risk,Mixpanel,Admin Console,Ordering clients,Sales Team in Action
Rep-Level Performance,Feature Breadth Score,Distinct features used per rep,Shallow vs. deep adopter identification,Mixpanel,,Universal,Sales Team in Action / Adoption Maturity
Rep-Level Performance,Rep Activity Ranking,Composite activity event count,Leaderboard for training prioritization,Mixpanel,,Universal,Sales Team in Action
Rep-Level Performance,Login-to-Order Ratio,Logins / Orders (per rep),Inverse of efficiency — high ratio = browsing without buying,Mixpanel,,Ordering clients,Sales Team in Action
Rep-Level Performance,Single-Day Activity Snapshot,Daily event breakdown per rep,Point-in-time coaching data,Mixpanel,,Universal,Sales Team in Action
Rep-Level Performance,Rep-to-Customer Mapping,Customers touched per rep (Select Customer / Search Customer cross-referenced with orders),Territory alignment validation; identifies reps whose activity doesn't match assigned customer base,Mixpanel,Admin Orders Report,Universal,Sales Team in Action
Rep-Level Performance,Customer Concentration (Order-Level),Unique customers per rep / Total assigned customers,Customer penetration by rep; low ratio = rep working a narrow slice of their book,Admin Orders Report,Admin Console,Ordering clients,Sales Team in Action
Time to First Value (TTFV),TTFV (days),Days from deal close date to first value event,Onboarding speed; target <14 days,Mixpanel,HubSpot,Universal,What's Changed / Adoption Maturity
Time to First Value (TTFV),TTFV by Event Type,First add-to-list vs. first email drafted,Which value path activates faster,Mixpanel,,Universal,What's Changed
Time to First Value (TTFV),Monthly TTFV Average,Avg TTFV for monthly cohort of new clients,Trending onboarding efficiency,Mixpanel,,Universal,What's Changed
Time to First Value (TTFV),Trailing 90-Day TTFV,Rolling 90-day average,Smoothed trend for QBR slides,Mixpanel,,Universal,What's Changed
Time to First Value (TTFV),TTFV by Org,Per-client TTFV,Identifies slow onboarders for intervention,Mixpanel,,Universal,What's Changed
Time to First Value (TTFV),% Users Reaching Value,Users with TTFV event / Total non-admin users,Rep activation rate — how many actually do real work,Mixpanel,,Universal,Sales Team in Action / Adoption Maturity
Multi-Entity Analysis,Entity Revenue Split,Revenue per entity / Total combined,Revenue distribution across entities,Admin Orders Report,,Ordering clients,Platform Utilization Overview
Multi-Entity Analysis,Cross-Entity Feature Gap,Features used by Entity A but not B,Identifies training opportunities for lagging entity,Mixpanel,Admin Console,Universal,Adoption Maturity / Opportunities
Multi-Entity Analysis,Entity AOV Comparison,AOV per entity,Identifies pricing/catalog differences between entities,Admin Orders Report,,Ordering clients,Platform Utilization Overview
Multi-Entity Analysis,Per-Entity User Utilization,Active / Licensed per entity,Entity-level license utilization,PostgreSQL MCP,Admin Console,Universal,Platform Utilization Overview
Multi-Entity Analysis,Subscription Gap Analysis,Products enabled per entity vs. full suite,Cross-sell opportunity within multi-entity accounts,Stripe,Admin Console,Universal,Opportunities
Multi-Entity Analysis,Combined MRR/ARR,Sum of all entities under parent,Total account value,Stripe,QuickBooks,Universal,Partnership Snapshot (internal only)
Multi-Entity Analysis,Entity Parity Score,Feature/usage overlap between entities,Low parity = training opportunity for lagging entity,Mixpanel,,Universal,Adoption Maturity / Opportunities
Data Health & Operational Efficiency,Catalog Size,Total products,Scale indicator,PostgreSQL MCP,,Universal,Platform & Data Health
Data Health & Operational Efficiency,Category/Collection Depth,Categories + Collections,Taxonomy organization maturity,PostgreSQL MCP,,Universal,Platform & Data Health
Data Health & Operational Efficiency,Price Level Count,Number of price tiers,Pricing sophistication,PostgreSQL MCP,,Universal,Platform & Data Health
Data Health & Operational Efficiency,Import Error Rate,Errors / Total imports (30 days),Integration health,PostgreSQL MCP,,Universal,Platform & Data Health
Data Health & Operational Efficiency,Data Freshness Score,Days since product/customer/inventory update,Sync health; stale data = risk,PostgreSQL MCP,,Universal,Platform & Data Health
Data Health & Operational Efficiency,Inventory Update Frequency,Updates per week,Real-time data health,PostgreSQL MCP,,Universal,Platform & Data Health
Data Health & Operational Efficiency,Options Configured,Option record count,Product configuration maturity,PostgreSQL MCP,,Universal,Platform & Data Health
Data Health & Operational Efficiency,Report Format Count,Configured report templates,Output flexibility,PostgreSQL MCP,,Universal,Platform & Data Health
Data Health & Operational Efficiency,FTP/Integration Status,Active / Inactive / Error state,Connectivity health,PostgreSQL MCP,,Universal,Platform & Data Health
Data Health & Operational Efficiency,Last Sync Timestamp,Most recent product/customer/inventory import,Stale data risk (>7 days = red flag),PostgreSQL MCP,,Universal,Platform & Data Health
Data Health & Operational Efficiency,Import Success Rate (30d),Successful imports / Total imports,Integration reliability,PostgreSQL MCP,,Universal,Platform & Data Health
Data Health & Operational Efficiency,Territory Configuration,Territories configured: count + coverage,Sales org structure completeness; 0 = consultation needed,PostgreSQL MCP,,Universal,Platform & Data Health
Data Health & Operational Efficiency,Mobile Site Configuration,eCat Online setup completeness,Channel readiness,PostgreSQL MCP,,Universal,Platform & Data Health
Data Health & Operational Efficiency,Custom Report Formats,Report templates configured,Output customization maturity,PostgreSQL MCP,,Universal,Platform & Data Health
Data Health & Operational Efficiency,eCat Version Currency,Count of reps on outdated app versions,Hygiene metric; only relevant if minimumEcatVersion enforcement is active or versions are substantially outdated,Admin Console CLM,,Universal,Platform & Data Health
Customer Support Health,Ticket Volume,Open + closed tickets (rolling 90 days),Customer friction indicator,HelpScout (BigQuery),,Universal,What's Changed / Platform & Data Health
Customer Support Health,Ticket Volume Trend,QoQ ticket change %,Improving or degrading experience,HelpScout (BigQuery),,Universal,What's Changed
Customer Support Health,Tickets by Product Area,Tag distribution,Pain point identification,HelpScout (BigQuery),,Universal,What's Changed
Customer Support Health,Time to Resolution,Avg days ticket open to closed,Support efficiency,HelpScout (BigQuery),,Universal,What's Changed
Customer Support Health,Repeat Issue Rate,Tickets on same topic / Total,Training opportunity signal,HelpScout (BigQuery),,Universal,Opportunities
Customer Support Health,Ticket Velocity,Tickets per month,Smoothed friction rate,HelpScout (BigQuery),,Universal,What's Changed
Customer Support Health,Tickets by Agent,Ticket distribution by support agent,Team workload balance,HelpScout (BigQuery),,Universal,Internal brief only
Customer Support Health,Feature Request Patterns,Recurring request themes,Product feedback loop,HelpScout (BigQuery),,Universal,Opportunities
Customer Support Health,Customer Wait Time,Avg time customer waiting for response,Responsiveness indicator,HelpScout (BigQuery),,Universal,Internal brief only
Sales Intelligence (Fathom),Meeting Volume,Calls with customer (rolling 90d),Engagement frequency,Fathom (BigQuery),,Universal,Internal brief only
Sales Intelligence (Fathom),Meeting Duration (avg),Avg call length in minutes,Depth of engagement,Fathom (BigQuery),,Universal,Internal brief only
Sales Intelligence (Fathom),Pain Themes,AI-extracted customer pain points,VoC for QBR narrative,Fathom (BigQuery),,Universal,Discovery / Internal brief
Sales Intelligence (Fathom),Objection Frequency,Distinct objections raised across calls,Risk signals,Fathom (BigQuery),,Universal,Internal brief only
Sales Intelligence (Fathom),Competitor Mentions,Competitors named in calls,Competitive pressure,Fathom (BigQuery),,Universal,Internal brief only
Sales Intelligence (Fathom),Next Steps Tracking,Action items extracted per meeting,Follow-through accountability,Fathom (BigQuery),,Universal,Internal brief only
Sales Intelligence (Fathom),MEDDIC Completeness,MEDDIC fields populated / Total fields,Sales process maturity,Fathom (BigQuery),,Universal,Internal brief only
Sales Intelligence (Fathom),Meeting-to-Deal Ratio,Meetings / Open deals,Engagement intensity per opportunity,Fathom (BigQuery),HubSpot,Universal,Internal brief only
Sales Intelligence (Fathom),External vs. Internal Calls,Calls with external attendees / Total,Customer-facing time allocation,Fathom (BigQuery),,Universal,Internal brief only
Pipeline & Deal Intelligence,Pipeline Value by Stage,Sum of deal amounts per stage,Expansion visibility,HubSpot (BigQuery),,Universal,Internal brief only
Pipeline & Deal Intelligence,Deal Velocity,Avg days from create to close,Sales cycle health,HubSpot (BigQuery),,Universal,Internal brief only
Pipeline & Deal Intelligence,Win Rate,Closed Won / (Won + Lost),Conversion effectiveness,HubSpot (BigQuery),,Universal,Internal brief only
Pipeline & Deal Intelligence,Stalled Deals,Deals unchanged >30 days,Pipeline hygiene,HubSpot (BigQuery),,Universal,Internal brief only
Pipeline & Deal Intelligence,Deal-to-Meeting Ratio,Open deals / Fathom meetings,Engagement-to-pipeline correlation,HubSpot (BigQuery),Fathom (BigQuery),Universal,Internal brief only
Pipeline & Deal Intelligence,Expansion Deal Count,Deals tagged as upsell/cross-sell,Growth from existing accounts,HubSpot (BigQuery),,Universal,Opportunities / Internal brief
Pipeline & Deal Intelligence,Average Deal Size,Total pipeline value / Deal count,Expansion sizing,HubSpot (BigQuery),,Universal,Internal brief only
Pipeline & Deal Intelligence,Closed Won Revenue (period),Revenue from won deals in period,New business contribution,HubSpot (BigQuery),,Universal,Internal brief only
Pipeline & Deal Intelligence,Owner Performance,Deals by rep/owner,Sales team productivity,HubSpot (BigQuery),,Universal,Internal brief only
Revenue & Account Health,MRR,Monthly recurring revenue,Account value,Stripe,QuickBooks,Universal,Partnership Snapshot (internal only)
Revenue & Account Health,ARR,Annual recurring revenue,Account value (annualized),Stripe,QuickBooks,Universal,Partnership Snapshot (internal only)
Revenue & Account Health,MRR by Product Line,"Breakdown: iPad, eCat Online, Sales Portal, Admin Console",Revenue composition,Stripe,,Universal,Adoption Maturity / Internal brief
Revenue & Account Health,Subscription Completeness,Products enabled / Total product suite,Whitespace for expansion,Stripe,Admin Console,Universal,Adoption Maturity / Opportunities
Revenue & Account Health,Payment Status,Current / Overdue,Collections health,Stripe,QuickBooks,Universal,Internal brief only
Revenue & Account Health,Payment Collection Rate,Amount paid / Amount due,AR health,Stripe,QuickBooks,Universal,Internal brief only
Revenue & Account Health,Invoice Aging,Days outstanding by bucket,Collections risk,QuickBooks,,Universal,Internal brief only
Revenue & Account Health,Revenue Trend,YoY order total change,Growth trajectory,Admin Orders Report,,Ordering clients,Platform Utilization Overview
Revenue & Account Health,Seat Utilization,Billable users / Licensed users,Expansion headroom,PostgreSQL MCP,,Universal,Adoption Maturity
Revenue & Account Health,Expansion Revenue Potential,Missing products x list price,Quantified upsell opportunity,Stripe,Product catalog,Universal,Opportunities
Revenue & Account Health,Net Revenue Retention,Current ARR / Prior period ARR (same accounts),Growth vs. churn,Stripe,QuickBooks,Universal,Internal brief only
Revenue & Account Health,Revenue per User,ARR / Active users,Per-seat value,Stripe,Mixpanel,Universal,Internal brief only
Expansion Signals,Underutilized Features,Enabled but <10% peer usage,Feature training/enablement,Mixpanel,PostgreSQL MCP,Universal,Opportunities
Expansion Signals,High AOV + Low Activation,"Above-median AOV, below-median customer ordering %",Buyer enablement program,Admin Console,,Ordering clients,Opportunities
Expansion Signals,Single Price Level,Price levels = 1,Tiered pricing strategy,PostgreSQL MCP,,Universal,Opportunities
Expansion Signals,No eOL Orders,eOL orders = 0 with eOL enabled,Self-service activation,Mixpanel,PostgreSQL MCP,Ordering clients,Opportunities
Expansion Signals,High PDF + No Flipbook,"PDF usage high, Flipbook = 0",Digital catalog upsell,Mixpanel,,Universal,Opportunities
Expansion Signals,Growing User Count,MoM users increasing,Seat expansion conversation,PostgreSQL MCP,,Universal,Opportunities
Expansion Signals,Stale Inventory Data,Last update >7 days,Integration enhancement,PostgreSQL MCP,,Universal,Platform & Data Health / Opportunities
Expansion Signals,No Portal Usage,"Sales Portal enabled, no logins",Dashboard training,PostgreSQL MCP,Mixpanel,Universal,Opportunities
Expansion Signals,High Support Volume,Tickets > 2x segment median,CSM intervention / training,HelpScout (BigQuery),,Universal,Opportunities
Expansion Signals,Territory Count = 0,No territories configured,Sales org structure consultation,PostgreSQL MCP,,Universal,Opportunities
Expansion Signals,Subscription Gaps,Entity missing products siblings have,Cross-sell within account,Stripe,,Universal,Opportunities
Expansion Signals,Cross-Entity Feature Gap,"One entity uses feature, sibling doesn't",Training for lagging entity,Mixpanel,,Universal,Opportunities
Expansion Signals,User Concentration Risk,Top rep >50% of orders,Training + adoption broadening,Mixpanel,,Ordering clients,Sales Team in Action / Opportunities
Expansion Signals,High TTFV,TTFV >30 days,Onboarding intervention,Mixpanel,,Universal,Opportunities
Expansion Signals,Low % Users Reaching Value,<50% of reps have TTFV event,Activation program,Mixpanel,,Universal,Opportunities
Expansion Signals,Fathom Pain Signals,Repeated pain themes across calls,Proactive outreach,Fathom (BigQuery),,Universal,Discovery / Opportunities
Expansion Signals,Stalled Pipeline Deals,Deals unchanged >30 days,Re-engagement campaign,HubSpot (BigQuery),,Universal,Internal brief only
Expansion Signals,iPad-Only + High Volume,"No eCat Online, >100 orders/mo",eCat Online pilot,Mixpanel,PostgreSQL MCP,Ordering clients,Opportunities
Expansion Signals,No SmartPicks Usage,"SmartPicks enabled, 0 events",AI feature training,Mixpanel,,Universal,Opportunities
Expansion Signals,Low Activity Ladder Score,Levels 3-6 unused,Feature adoption workshop,Mixpanel,,Universal,Opportunities
Expansion Signals,High Maybe List / Low Conversion,Maybe Lists created but Order From Maybe List near zero,Workflow training — converting consideration to action,Mixpanel,Admin Console CLM,Universal,Opportunities
Expansion Signals,Library Access Without Sharing,"High View Library Entry, low Email Library Entry",Content sharing enablement — reps consuming but not distributing collateral,Mixpanel,Admin Console CLM,Universal,Opportunities
Expansion Signals,Customer Product List Gap,Create Customer Product List = 0 while My List usage is active,Buyer-specific curation training — reps personalizing for themselves but not for customers,Mixpanel,Admin Console CLM,Universal,Opportunities
Expansion Signals,Territory Revenue Concentration,Top territory >40% of total revenue,Territory diversification / rep enablement in underperforming territories,Admin Orders Report,,Ordering clients,Sales Team in Action / Opportunities
Expansion Signals,High Quote / Low Conversion,Quote orders submitted but low Confirmed conversion,Pricing friction or buyer hesitation; may need pricing strategy review,Admin Orders Report,,Ordering clients,Opportunities
Expansion Signals,Dormant Territories,Territories with zero orders in rolling 30 days,Territory coverage gap; may indicate rep inactivity or customer churn,Admin Orders Report,,Ordering clients,Sales Team in Action / Opportunities
Expansion Readiness Score,Adoption Depth (30%),Activity Ladder aggregate + Feature Breadth Score + Subscription Completeness + Active User Ratio,Deeper adoption = more trust = more receptive to expansion. Low Subscription Completeness with high engagement = whitespace opportunity,Mixpanel,"Stripe, PostgreSQL",Universal,Adoption Maturity / Opportunities
Expansion Readiness Score,Business Impact — Ordering (25%),"Order volume trend (MoM), AOV trend, Customer Activation Rate, Digital Self-Service Rate",Is the platform driving measurable transactional value? High impact = easier expansion conversation,PostgreSQL (orders),"Mixpanel, Admin Orders Report",Ordering clients,Platform Utilization Overview / Opportunities
Expansion Readiness Score,Business Impact — Non-Ordering (25%),"Buyer-facing email events (Email Item Info, item_email_drafted, document_email_drafted), PDF Catalog creation, Library Entry sharing, Customer Product List creation, MoM trend on all buyer-facing actions","For non-ordering clients, buyer-facing actions are the value proxy. Trend direction indicates whether platform is becoming more or less central to selling workflow",Mixpanel,Admin Console CLM,Non-ordering clients,Sales Team in Action / Opportunities
Expansion Readiness Score,Growth Signals (25%),"User Growth Trend, growing MAU, new territories configured, Expansion Signals triggered (Section 14), Fathom pain themes mapping to unused features, HubSpot expansion deals",Active indicators that the account is growing or has expressed needs that map to unadopted capabilities,Mixpanel,"PostgreSQL, Fathom (BigQuery), HubSpot (BigQuery)",Universal,Discovery / Opportunities
Expansion Readiness Score,Relationship Strength (20%),"Fathom meeting cadence (90d), days since last interaction, stakeholder breadth (distinct contacts across Fathom + HelpScout), HelpScout ticket responsiveness and onboarding ticket activity",Strong relationship = trust to have the expansion conversation. If we cannot get a meeting we cannot expand regardless of the data,Fathom (BigQuery),HelpScout (BigQuery),Universal,Discovery / Internal brief
Retention Risk Score,Engagement Decline (30%),"MAU trend (3+ months declining), login frequency trend, Active User Ratio drop (MoM), user count decrease",Strongest churn predictor in monthly billing SaaS. If usage is declining everything else is secondary,Mixpanel,"PostgreSQL (login_events, org_users)",Universal,Internal brief / Intervention trigger
Retention Risk Score,Relationship Cooling (25%),"Fathom: days since last meeting (increasing), missed/cancelled meetings, competitor mentions, negative pain themes. HelpScout: ticket silence from previously active account, unresolved tickets with high wait time, rising ticket volume from mature account, billing/cancellation tags, thread depth",Relationship is fading or souring. Combines proactive signals (Fathom — are we talking to them) with reactive signals (HelpScout — are they reaching out to us),Fathom (BigQuery),HelpScout (BigQuery),Universal,Internal brief / Intervention trigger
Retention Risk Score,Financial Distress (25%),"Payment status (current/overdue), invoice aging (60+ days bucketed), MRR contraction (subscription downgrades), declining order revenue (ordering clients)",Money signals are binary and high-impact. An account that stops paying is leaving,Stripe,"QuickBooks, PostgreSQL (orders)",Universal,Internal brief only
Retention Risk Score,Operational Deterioration (20%),"Data freshness declining (days since last import), import error rate rising, repeated support issues (same-topic tickets), stale inventory (>7 days since update)",Platform becoming less reliable or less maintained for this client. Could be cause or symptom of disengagement,PostgreSQL (import_events),HelpScout (BigQuery),Universal,Platform & Data Health / Internal brief
Expansion Readiness Score,Business Impact — Non-Ordering + Pushed Data (25%),"All non-ordering inputs PLUS pushed order volume trend (MoM), pushed revenue trend (MoM), pushed AOV, and import cadence — pushed metrics weighted at 50% of ordering-client value","For clients that push order data via ERP but do not use Submit Order, the platform is central to order-to-cash. Ignoring pushed revenue massively underweights the platform business impact for these accounts","PostgreSQL (orders, import_events)",Mixpanel (buyer-facing actions),Non-ordering + Pushed Data clients,Platform Utilization Overview / Opportunities
