organization_id,ipad_orders_90d
1,166
2,526
3,0
4,0
5,1
6,0
8,291
9,0
11,0
12,6
13,0
14,10
16,0
17,0
18,568
19,121
20,0
21,0
22,1277
23,0
24,0
25,0
26,38
27,0
29,0
30,0
31,0
32,738
33,0
34,0
35,0
36,0
37,0
38,0
39,0
40,61
41,8
42,0
43,0
45,0
46,0
48,0
49,5
50,0
51,0
53,0
55,2449
57,0
58,0
59,242
60,0
61,0
62,1095
64,49
65,12
66,0
68,75
69,8046
70,0
71,0
72,0
73,0
74,0
76,1078
81,0
83,75
84,0
85,1
86,0
87,3081
88,2293
89,1226
90,97
92,0
93,0
94,634
95,0
97,0
98,0
99,0
100,0
102,0
103,0
104,0
105,0
106,0
107,473
108,182
109,0
110,0
111,498
112,0
113,0
114,25
115,0
116,0
118,0
120,457
121,86
122,0
124,183
125,0
126,1
127,0
129,0
131,0
132,110
133,0
134,0
135,0
136,148
137,8
138,0
139,251
140,140
141,63
142,0
143,30
144,0
145,0
146,39
147,35
148,0
149,25
152,63
153,0
155,3
159,0
160,915
161,1018
162,16
164,708
165,545
166,15
167,17
168,12
171,396
174,0
176,0
178,0
180,9
181,905
182,94
184,71
185,0
186,0
187,5
220,0
221,23
222,62
223,4
224,76
225,248
226,0
227,259
228,0
229,0
231,74
232,24
233,0
236,16
237,2
239,67
240,0
241,613
242,0
243,5
244,0
245,322
246,25
247,2
248,2322
249,1
250,3
251,0
252,26
254,0
255,856
266,0
268,21
269,118
272,110
273,0
275,0
280,5
286,3
287,46
