organization_id,logins_90d,logins_30d,logins_180d,active_users_90d,last_login_at,first_login_at,active_users_365d,enabled_users
1,4381,1348,8818,59,2025-11-30T23:32:15.476900,2024-11-13T00:44:55.074363,79,105
2,1913,513,3830,30,2025-11-30T17:46:45.205179,2024-11-13T01:02:30.588162,34,3396
3,0,0,9,0,2025-06-17T21:01:11.576859,2024-11-15T20:16:06.849235,2,474
4,0,0,0,0,,,0,1
5,13,8,15,2,2025-11-07T14:08:14.834933,2024-11-19T15:43:12.835939,3,8
6,18,3,68,4,2025-11-06T23:43:04.348061,2024-11-13T12:58:41.353355,10,143
7,0,0,0,0,,,0,0
8,3008,887,6273,59,2025-11-30T23:23:51.000664,2024-11-13T00:44:12.634835,69,20445
9,0,0,0,0,,,0,1
10,60,29,126,11,2025-11-28T00:19:20.944306,2024-11-13T16:26:59.412752,18,80
11,1647,237,3931,68,2025-11-29T13:52:27.778632,2024-11-13T00:40:04.360756,103,6384
12,369,118,942,17,2025-11-30T22:42:33.335768,2024-11-13T12:18:19.734979,33,45
13,0,0,0,0,,,0,1
14,328,84,564,10,2025-11-29T18:05:06.166583,2024-11-13T13:30:55.643548,14,19
15,0,0,0,0,,,0,0
16,0,0,0,0,,,0,0
17,0,0,0,0,,,0,21
18,7563,1964,12651,79,2025-11-30T23:54:32.275182,2024-11-13T00:40:28.715173,93,95
19,643,201,1272,26,2025-11-30T22:44:00.021743,2024-11-13T02:26:30.616753,35,46
20,159,49,390,19,2025-11-30T22:46:17.132548,2024-11-13T12:40:06.565510,27,46
21,0,0,0,0,,,0,2
22,1760,668,3618,33,2025-11-30T22:35:52.301257,2024-11-13T01:46:35.238082,41,275
23,343,107,681,15,2025-11-28T15:18:03.126059,2024-11-13T12:27:48.997381,21,1224
24,0,0,0,0,,,0,4
25,0,0,0,0,2025-03-31T13:49:23.327069,2025-02-13T11:53:46.277072,1,0
26,436,151,964,27,2025-11-30T23:02:25.742429,2024-11-13T01:28:11.442096,50,99
27,0,0,0,0,,,0,0
29,0,0,0,0,,,0,5
30,0,0,0,0,,,0,0
31,0,0,0,0,,,0,23
32,5626,1590,11001,115,2025-11-30T21:56:20.107548,2024-11-13T00:59:13.161520,140,184
33,2,0,3,1,2025-09-10T14:44:08.062347,2025-08-02T21:08:03.241546,1,29
34,0,0,0,0,,,0,0
35,0,0,0,0,,,0,0
36,0,0,0,0,,,0,0
37,0,0,0,0,2025-05-30T13:55:46.612627,2025-05-30T13:55:46.612627,1,17
38,0,0,0,0,,,0,0
39,0,0,0,0,,,0,1
40,1621,548,3486,59,2025-11-30T22:10:38.362836,2024-11-13T02:57:08.923199,87,1047
41,1439,375,3922,50,2025-11-30T02:10:34.833282,2024-11-13T10:36:01.508735,75,2106
42,0,0,0,0,,,0,0
43,0,0,0,0,,,0,1
44,0,0,0,0,,,0,1
45,0,0,0,0,,,0,15
46,1434,361,2601,38,2025-11-30T17:59:02.122286,2024-11-13T01:31:48.608374,51,43
47,0,0,0,0,,,0,7
48,116,41,212,8,2025-11-28T09:30:32.099437,2024-11-13T18:46:30.424905,16,561
49,290,96,748,21,2025-11-30T15:15:52.620397,2024-11-14T18:57:51.299533,57,117
50,0,0,0,0,,,0,0
51,115,30,285,18,2025-11-30T22:47:26.699326,2024-11-13T12:36:26.215426,29,45
52,0,0,0,0,,,0,2
53,0,0,1,0,2025-08-19T01:24:17.053730,2024-12-20T02:59:27.133322,3,16
54,0,0,0,0,,,0,2
55,5207,1504,10488,54,2025-11-30T18:38:18.254403,2024-11-13T00:58:00.699727,77,7919
56,3,0,7,3,2025-10-27T21:27:26.421890,2024-11-19T17:52:26.195468,6,238
57,1,0,2,1,2025-10-08T15:34:04.989428,2025-06-23T11:37:18.785987,2,57
58,277,89,539,12,2025-11-30T15:16:41.105441,2024-11-13T11:08:51.112507,17,28
59,1575,446,3492,33,2025-11-30T23:48:08.704621,2024-11-13T01:51:26.698967,39,46
60,0,0,0,0,,,0,0
61,6,3,19,3,2025-11-29T22:42:46.945822,2024-11-18T19:36:22.768259,5,16
62,1498,456,3052,27,2025-11-30T23:33:39.969922,2024-11-13T00:54:42.424063,39,40
63,0,0,0,0,,,0,1
64,1545,457,3460,63,2025-11-30T15:48:57.632553,2024-11-13T05:08:23.935133,89,746
65,387,102,608,13,2025-11-29T03:40:45.867242,2024-11-13T11:55:57.277600,20,47
66,4,1,5,1,2025-11-29T00:49:27.965412,2025-04-01T23:53:34.659415,1,96
67,0,0,0,0,,,0,0
68,2036,636,3981,54,2025-11-30T18:47:01.815404,2024-11-13T11:39:42.768070,75,1470
69,14155,5016,28785,136,2025-11-30T22:50:33.087610,2024-11-13T12:36:38.043667,171,145
70,248,66,527,33,2025-11-29T18:55:34.442013,2024-11-13T06:13:54.572012,71,164
71,413,111,953,43,2025-11-30T22:27:23.424555,2024-11-13T05:29:35.590641,84,175
72,203,60,439,36,2025-11-28T18:07:17.847451,2024-11-13T14:56:24.577184,65,203
73,0,0,0,0,,,0,14
74,0,0,19,0,2025-08-18T13:42:19.720072,2024-11-13T14:19:03.920387,3,7
75,0,0,0,0,,,0,0
76,2375,642,4855,62,2025-11-30T22:54:24.483901,2024-11-13T00:44:03.275721,79,15982
77,0,0,0,0,2025-05-22T20:09:38.574512,2025-05-22T20:09:38.574512,1,2
78,19,6,40,5,2025-11-28T00:15:08.791511,2024-11-13T16:28:37.315882,11,60
79,0,0,0,0,,,0,0
80,0,0,2,0,2025-07-23T18:20:54.572411,2025-07-23T18:17:47.023880,1,26
81,0,0,1,0,2025-06-26T18:14:48.714277,2025-04-29T16:25:27.284247,2,7
82,0,0,0,0,,,0,3
83,1085,328,1938,32,2025-11-30T14:52:00.992158,2024-11-13T03:26:45.816387,41,1478
84,0,0,0,0,,,0,11
85,2,0,9,1,2025-09-04T21:36:29.820451,2024-12-04T15:37:56.779406,3,3
86,43,14,112,5,2025-11-26T17:41:06.558268,2024-11-14T02:31:20.251614,10,20
87,5336,1478,11592,60,2025-11-30T21:01:20.709097,2024-11-13T02:20:05.639949,84,4489
88,1856,512,3786,32,2025-11-30T18:14:58.337743,2024-11-13T00:47:48.137192,43,1171
89,1972,661,3863,13,2025-11-30T22:22:53.921537,2024-11-13T01:14:34.096345,16,248
90,257,78,486,23,2025-11-27T00:33:12.952873,2024-11-13T04:48:35.385801,26,34
91,0,0,0,0,,,0,0
92,0,0,0,0,,,0,0
93,0,0,4,0,2025-06-17T21:51:41.727882,2025-06-12T13:34:04.452777,1,2
94,1009,333,2054,16,2025-11-30T23:01:18.375791,2024-11-13T02:38:53.651488,21,87
95,0,0,0,0,,,0,20
96,0,0,0,0,,,0,1
97,6,3,32,2,2025-11-20T13:52:26.179897,2024-11-14T20:21:42.057283,2,22
98,3,1,6,1,2025-11-23T21:33:55.486046,2024-11-14T01:02:52.968445,3,33
99,199,50,463,21,2025-11-26T20:07:45.712841,2024-11-13T16:52:21.481994,37,79
100,0,0,0,0,,,0,54
101,0,0,0,0,,,0,0
102,0,0,0,0,,,0,16
103,0,0,0,0,,,0,1
104,0,0,0,0,,,0,1
105,0,0,0,0,,,0,1
106,0,0,10,0,2025-08-28T18:14:17.668782,2024-12-02T15:22:36.150223,4,1
107,3012,897,5834,33,2025-11-30T22:20:53.495286,2024-11-13T02:15:58.073315,42,38
108,3744,1090,8020,82,2025-11-30T22:58:15.768730,2024-11-13T01:43:02.550117,128,193
109,0,0,30,0,2025-08-26T23:41:25.622259,2024-11-18T21:55:55.728548,14,43
110,0,0,0,0,,,0,0
111,2894,876,5257,46,2025-11-30T23:37:58.983696,2024-11-13T00:53:50.970215,64,478
112,0,0,0,0,,,0,4
113,0,0,0,0,,,0,1
114,2157,625,4555,71,2025-11-30T22:56:02.778422,2024-11-13T01:47:36.169135,126,187
115,0,0,0,0,,,0,0
116,0,0,0,0,2025-03-31T18:13:13.344396,2024-12-30T05:41:46.959302,2,1
117,0,0,0,0,,,0,0
118,0,0,0,0,,,0,3
119,0,0,0,0,,,0,6
120,1998,477,4089,37,2025-11-30T00:53:26.054189,2024-11-13T00:55:18.501264,46,9237
121,617,159,916,26,2025-11-30T12:32:48.660733,2024-11-13T13:50:08.867551,32,2511
122,0,0,0,0,,,0,0
123,0,0,0,0,,,0,2
124,1251,339,3058,36,2025-11-30T22:18:59.781597,2024-11-13T13:26:50.425517,48,1773
125,0,0,0,0,,,0,0
126,1642,487,3041,61,2025-11-30T06:54:33.473523,2024-11-13T00:45:55.416397,86,76
127,698,186,1513,38,2025-11-28T17:33:32.983547,2024-11-13T01:54:43.303860,56,236
129,0,0,0,0,,,0,4
130,0,0,0,0,,,0,3
131,180,56,321,16,2025-11-28T00:34:09.260631,2024-11-13T15:46:24.998993,27,118
132,245,82,448,6,2025-11-26T17:12:50.662219,2024-11-13T15:56:10.741572,9,13
133,2,2,3,1,2025-11-21T16:29:45.663588,2024-11-14T18:32:48.243914,7,3585
134,0,0,0,0,,,0,1
135,0,0,0,0,,,0,0
136,203,67,435,13,2025-11-28T15:55:50.876178,2024-11-13T02:03:06.695542,17,361
137,3543,1020,7342,58,2025-11-30T23:21:57.929197,2024-11-13T00:46:29.596807,74,81
138,52,16,211,1,2025-11-25T15:47:59.158558,2024-11-13T01:19:05.937910,63,86
139,3120,905,5765,48,2025-11-30T21:39:58.202233,2024-11-13T01:17:07.141373,62,2343
140,686,235,1485,14,2025-11-29T01:38:45.567866,2024-11-13T02:06:54.847529,17,16
141,3269,941,6383,69,2025-11-30T22:51:16.108539,2024-11-13T00:55:44.255498,102,146
142,0,0,0,0,,,0,29
143,225,91,556,9,2025-11-26T15:04:17.003348,2024-11-13T13:52:49.558136,15,22
144,0,0,3,0,2025-08-19T18:21:54.981505,2025-05-08T22:11:29.533862,2,1
145,0,0,1,0,2025-06-04T13:29:47.635972,2025-06-04T13:29:47.635972,1,5
146,1197,334,2597,49,2025-11-30T14:51:28.546844,2024-11-13T03:29:35.394780,74,1664
147,715,163,1265,40,2025-11-30T16:46:17.595951,2024-11-13T04:01:38.261879,62,90
148,2,1,19,2,2025-11-04T16:32:57.618417,2024-11-13T21:31:00.705485,13,49
149,2083,506,4696,57,2025-11-30T23:07:21.010423,2024-11-13T01:13:17.832207,81,1679
150,0,0,0,0,,,0,0
151,0,0,0,0,2025-02-19T19:12:37.998745,2024-12-10T15:02:56.300185,2,3
152,1742,525,3703,90,2025-11-29T20:40:21.630327,2024-11-13T01:59:03.114976,141,277
153,0,0,61,0,2025-07-16T18:39:36.505799,2024-11-13T13:39:53.415166,42,64
154,0,0,0,0,,,0,0
155,1174,356,2450,52,2025-11-30T21:53:30.919230,2024-11-13T13:00:13.281445,79,133
156,0,0,0,0,,,0,3
157,2,0,12,1,2025-09-18T15:59:18.737994,2025-06-26T15:57:49.027425,2,4
158,0,0,1,0,2025-06-26T15:57:20.990900,2025-06-26T15:57:20.990900,1,1
159,0,0,0,0,,,0,0
160,1561,451,2969,19,2025-11-30T23:26:26.569491,2024-11-13T01:14:43.921976,21,20
161,2530,747,4768,53,2025-11-30T18:04:47.196817,2024-11-13T02:50:00.463763,65,90
162,1564,418,2932,31,2025-11-30T21:36:49.707619,2024-11-13T03:19:45.765923,34,48
163,0,0,0,0,,,0,0
164,3598,1020,6876,32,2025-11-30T22:25:23.016535,2024-11-13T01:10:32.099857,44,36
165,3871,1122,7634,91,2025-11-30T23:18:52.659535,2024-11-13T00:56:36.349270,126,182
166,1458,353,3224,67,2025-11-30T16:12:01.163861,2024-11-13T01:44:51.417669,105,948
167,667,166,1351,17,2025-11-30T19:02:56.853723,2024-11-13T08:18:04.080453,25,23
168,437,112,971,27,2025-11-30T15:17:14.696624,2024-11-13T14:03:18.552746,61,48
169,0,0,0,0,,,0,0
170,0,0,0,0,,,0,0
171,3512,1101,6648,50,2025-11-30T23:02:59.539012,2024-11-13T00:47:03.631890,63,1432
172,0,0,0,0,2025-02-10T21:28:41.155795,2025-02-10T21:28:40.739533,1,1
173,0,0,0,0,,,0,0
174,2,0,9,1,2025-09-09T20:34:49.024036,2024-11-14T16:22:42.395204,5,8
175,0,0,0,0,,,0,0
176,316,103,718,18,2025-11-30T15:56:10.457791,2024-11-13T13:34:54.374621,29,327
177,0,0,0,0,,,0,1
178,10,0,14,2,2025-09-16T17:13:39.742133,2025-07-17T13:45:13.350518,2,0
179,0,0,2,0,2025-08-11T16:53:01.933928,2025-08-11T16:53:01.253513,1,6
180,0,0,8,0,2025-08-18T12:34:46.465438,2024-12-09T23:21:51.097247,1,3
181,2198,608,4042,96,2025-11-30T15:51:44.318161,2024-11-13T01:05:48.916735,124,160
182,849,215,1713,75,2025-11-28T12:58:10.232865,2024-11-13T05:46:34.494966,112,130
183,0,0,0,0,2025-04-15T18:57:38.072980,2024-12-05T19:45:09.447422,2,10
184,3447,900,5438,80,2025-11-30T21:16:31.126359,2024-11-13T00:50:28.138187,99,91
185,168,49,462,17,2025-11-30T21:44:14.325286,2024-11-13T01:14:39.604010,40,67
186,0,0,0,0,2025-05-19T17:45:48.971203,2024-12-31T19:18:39.704229,5,10
187,487,133,1002,30,2025-11-26T21:24:55.986054,2024-11-13T05:13:47.558611,46,561
220,209,82,517,15,2025-11-28T14:37:18.919949,2024-11-13T16:08:27.628369,33,60
221,549,147,1399,36,2025-11-30T23:17:14.403557,2024-11-13T13:35:23.534350,49,37
222,1066,311,1996,62,2025-11-30T21:13:46.495101,2024-11-13T12:56:13.530004,88,1309
223,498,132,1096,41,2025-11-30T15:57:17.344229,2024-11-13T04:03:14.487208,60,68
224,238,86,449,12,2025-11-30T23:58:27.759237,2024-11-13T15:28:32.512169,15,19
225,1402,434,2343,26,2025-11-30T21:19:12.845077,2024-11-13T12:03:33.110112,31,719
226,0,0,0,0,2025-02-09T16:51:15.136588,2024-11-13T14:33:10.149908,7,27
227,828,251,1646,14,2025-11-30T23:23:56.325557,2024-11-13T00:54:15.237654,16,326
228,3,0,18,2,2025-09-26T18:24:04.252808,2024-11-13T12:37:35.008698,18,23
229,4,3,15,4,2025-11-28T00:06:31.699318,2024-11-13T21:18:15.890489,12,13
230,149,36,339,4,2025-11-25T18:13:36.866701,2024-11-13T15:12:24.620499,6,4
231,279,79,572,22,2025-11-30T12:27:04.766852,2024-11-13T13:07:20.785141,47,35
232,359,125,645,16,2025-11-30T16:03:21.665861,2024-11-13T16:35:57.514778,21,19
233,0,0,0,0,2025-04-02T14:12:33.506583,2024-11-13T11:34:43.461102,38,0
234,1,1,114,1,2025-11-22T15:00:35.215217,2024-11-13T18:11:47.139464,10,12
235,72,33,509,6,2025-11-30T16:36:40.072572,2024-11-13T18:02:51.213190,15,21
236,577,192,960,22,2025-11-30T19:45:33.650305,2024-11-13T11:48:13.318264,29,21
237,382,115,736,27,2025-11-30T23:07:01.388929,2024-11-13T11:50:35.780817,39,43
238,0,0,0,0,,,0,1
239,493,171,921,12,2025-11-28T20:44:20.044591,2024-11-13T00:37:50.131941,15,104
240,0,0,579,0,2025-07-21T22:53:57.128693,2024-11-13T00:44:08.617201,113,0
241,1895,519,3707,47,2025-11-28T15:46:37.209400,2024-11-13T04:12:31.143400,53,46
242,0,0,0,0,2025-03-26T16:18:40.151810,2024-12-17T15:04:18.866305,3,2
243,822,217,1397,32,2025-11-30T23:37:36.841750,2024-11-13T01:00:42.968600,54,63
244,1,0,6,1,2025-10-30T15:17:40.616779,2024-11-22T19:49:32.011631,6,34
245,791,185,1633,44,2025-11-28T23:53:28.962423,2024-11-13T15:43:25.282663,65,271
246,520,106,1079,18,2025-11-26T21:05:08.923680,2024-12-11T16:12:05.166661,26,20
247,43,14,44,1,2025-11-26T15:03:45.429808,2025-02-03T16:15:23.173648,2,3
248,2723,827,5085,72,2025-11-30T23:37:35.762308,2024-11-25T22:52:01.244654,81,88
249,136,40,302,31,2025-11-30T05:03:35.833617,2024-11-22T16:21:54.840255,52,22
250,734,179,1327,46,2025-11-30T15:57:22.232364,2024-12-02T13:36:15.597653,65,90
251,0,0,1,0,2025-08-01T13:11:27.480238,2025-01-23T12:02:23.398049,4,1
252,1261,487,2715,65,2025-11-30T23:55:41.687629,2025-02-09T16:18:58.199849,77,101
254,82,3,82,4,2025-11-26T09:23:19.133672,2025-02-07T21:52:50.387183,9,7
255,1836,510,3763,57,2025-11-27T16:18:12.106293,2025-02-17T19:25:52.865210,88,92
262,8,1,13,2,2025-11-07T19:47:57.229336,2025-04-18T14:06:32.267587,3,15
263,9,1,10,2,2025-11-07T20:01:59.846060,2025-03-18T19:40:14.461913,3,15
265,5,0,16,4,2025-10-21T13:27:05.148589,2025-03-06T14:52:12.614317,8,19
266,31,5,133,9,2025-11-25T12:44:39.308267,2025-03-18T19:03:41.284547,19,21
267,0,0,3,0,2025-07-21T18:00:32.861459,2025-03-13T13:56:37.504581,2,0
268,83,9,188,9,2025-11-26T21:11:39.977411,2025-04-01T18:38:13.246388,21,13
269,469,128,1167,43,2025-11-30T15:17:38.296500,2025-04-15T17:40:54.505606,52,62
270,0,0,0,0,,,0,0
271,0,0,0,0,2025-04-15T19:05:29.032165,2025-04-15T19:05:29.032165,1,0
272,1256,320,1310,26,2025-11-30T19:27:33.114327,2025-05-27T13:32:35.949690,26,29
273,6,2,187,2,2025-11-13T14:42:22.164847,2025-06-10T20:22:20.306077,5,0
274,0,0,14,0,2025-08-08T16:32:41.461496,2025-08-07T16:00:05.491410,1,0
275,4,1,26,2,2025-11-04T14:29:04.216331,2025-08-01T19:11:34.861465,2,3
276,0,0,3,0,2025-08-11T19:01:11.133043,2025-08-11T18:58:59.263678,1,2
277,1,0,9,1,2025-09-03T18:02:42.562300,2025-08-01T19:08:39.861536,2,5
278,35,10,35,6,2025-11-24T16:07:50.876576,2025-10-03T13:37:07.752593,6,54
280,3,0,3,1,2025-09-16T16:54:43.776798,2025-09-16T16:48:27.351746,1,7
281,0,0,0,0,,,0,1
282,11,10,11,1,2025-11-25T19:35:25.838281,2025-10-27T19:09:56.375578,1,23
283,7,0,7,1,2025-10-17T14:13:59.571273,2025-10-16T15:09:22.553149,1,0
284,22,21,22,1,2025-11-12T16:55:00.358933,2025-10-30T17:57:48.587235,1,1
285,0,0,0,0,,,0,10
286,0,0,0,0,,,0,112
287,0,0,0,0,,,0,62
288,0,0,0,0,,,0,1
289,0,0,0,0,,,0,1
290,0,0,0,0,,,0,4
291,0,0,0,0,,,0,4
