Code,Name,Description,ImageName
MOCHA,Mocha,Mocha frame finish,mocha.jpg
CHARCOAL,Charcoal,Charcoal frame finish,charcoal.jpg
DARKBRN,Dark brown,Dark brown frame finish,darkbrn.jpg
DARKGRN,Dark green,Dark green frame finish,darkgrn.jpg
GREEN,Green,Green frame finish,green.jpg
TAUPE,Taupe,Taupe frame finish,taupe.jpg
OLIGREEN,Olive green,Olive green frame finish,oligreen.jpg
CHERRY,Cherry,Cherry frame finish,cherry.jpg
WHITE,White,White frame finish,white.jpg
BOBTERA,BOB terracotta,BOB terracotta frame finish,bobterra.jpg
BOBSAND,BOB sand,BOB sand frame finish,bobsand.jpg
TEAK,Teak,Teak frame finish,teak.jpg
GLAZ_DGREEN,Glazed Dark Green,Glazed Dark Green frame finish,dgreen_glazed_frame.jpg
GLAZ_WBROWN,Galzed Warm Brown,Galzed Warm Brown frame finish,warmbrown_glazed_frame.jpg
GLAZ_OCHRE,Glazed Ochre,Glazed Ochre frame finish,ochre_glazed_frame.jpg
LATTE_RO6,Latte RO6,Latte RO6 material,latte_ro6.jpg
BROWN_RO6,Brown RO6,Brown RO6 material,brown_ro6.jpg
SAND_RO6,Sand RO6,Sand RO6 material,sand_ro6.jpg
DKGREY_RO6,Dark Grey RO6,Dark Grey RO6 material,dkgrey_ro6.jpg
BLACK_RO6,Black RO6,Black RO6 material,black_ro6.jpg
OAT_RO6,Oat RO6,Oat RO6 material,oat_ro6.jpg
GREEN_RO6,Green RO6,Green RO6 material,green_ro6.jpg
TERRA_RO6,Terra Cotta RO6,Terra Cotta RO6 material,terra_ro6.jpg
BEIGE_RO6,Beige RO6,Beige RO6 material,beige_ro6.jpg
LITGREY_RO6,Light Grey RO6,Light Grey RO6 material,litgrey_ro6.jpg
STRIPE_BOBTERRA,Stripe rope BOB terracotta,Stripe rope BOB terracotta material,stripe_rope_bobterra.jpg
STRIPE_CHARCOAL,Stripe rope Charcoal,Stripe rope Charcoal material,stripe_rope_charcoal.jpg
STRIPE_DGREEN,Stripe rope Dark Green,Stripe rope Dark Green material,stripe_rope_dgreen.jpg
STRIPE_MOCHA,Stripe rope Mocha,Stripe rope Mocha material,stripe_rope_mocha.jpg
STRIPE_OGREEN,Stripe rope Olive Green,Stripe rope Olive Green material,stripe_rope_ogreen.jpg
GREY_CER,Grey ceramic,Grey ceramic material,grey_cer.jpg
SANDA_CER,Sand A ceramic,Sand A ceramic material,sanda_cer.jpg
SANDB_CER,Sand B ceramic,Sand B ceramic material,sandb_cer.jpg
GRAPH_CER,Graphite ceramic,Graphite ceramic material,graph_cer.jpg
ASHGREY_CER,Ash Grey ceramic,Ash Grey ceramic material,ashgrey_cer.jpg
BLACK_CER,Black ceramic,Black ceramic material,black_cer.jpg
OFFWHITE_CER,Offwhite ceramic,Offwhite ceramic material,offwhite_cer.jpg
WHITE_CER,White ceramic,White ceramic material,white_cer.jpg
DGREEN_GLAZ_CER,Dark Green glazed ceramic,Dark Green glazed ceramic material,dgreen_glazed_cer.jpg
WBROWN_GLAZ_CER,Warm Brown glazed ceramic,Warm Brown glazed ceramic material,warmbrown_glazed_cer.jpg
OCHRE_GLAZ_CER,Ochre glazed ceramic,Ochre glazed ceramic material,ochre_glazed_cer.jpg
ROMANSAND_CER,Roman Sand ceramic,Roman Sand ceramic material,romansand_cer.jpg
SPANNA_CER,Sabbia Panna ceramic,Sabbia Panna ceramic material,SabbiaPanna.jpg
TRAVERTINE,Travertine stone,Travertine stone material,travertine.jpg
SF163,Sunproof Fontelina 163,Sunproof Fontelina 163 cushion fabric,sf163.jpg
SF090,Sunproof Fontelina 090,Sunproof Fontelina 090 cushion fabric,sf090.jpg
SF140,Sunproof Fontelina 140,Sunproof Fontelina 140 cushion fabric,sf140.jpg
SF025,Sunproof Fontelina 025,Sunproof Fontelina 025 cushion fabric,sf025.jpg
SF164,Sunproof Fontelina 164,Sunproof Fontelina 164 cushion fabric,sf164.jpg
SF168,Sunproof Fontelina 168,Sunproof Fontelina 168 cushion fabric,sf168.jpg
SF180,Sunproof Fontelina 180,Sunproof Fontelina 180 cushion fabric,sf180.jpg
SF205,Sunproof Fontelina 205,Sunproof Fontelina 205 cushion fabric,sf205.jpg
SF225,Sunproof Fontelina 225,Sunproof Fontelina 225 cushion fabric,sf225.jpg
SV164,Sunproof Volga 164,Sunproof Volga 164 cushion fabric,sv164.jpg
SV165,Sunproof Volga 165,Sunproof Volga 165 cushion fabric,sv165.jpg
SV050,Sunproof Volga 050,Sunproof Volga 050 cushion fabric,sv050.jpg
SV100,Sunproof Volga 100,Sunproof Volga 100 cushion fabric,sv100.jpg
SV140,Sunproof Volga 140,Sunproof Volga 140 cushion fabric,sv140.jpg
SV205,Sunproof Volga 205,Sunproof Volga 205 cushion fabric,sv205.jpg
SV081,Sunproof Volga 081,Sunproof Volga 081 cushion fabric,sv081.jpg
SV091,Sunproof Volga 091,Sunproof Volga 091 cushion fabric,sv091.jpg
SJ131,Sunproof Jalousie 131,Sunproof Jalousie 131 cushion fabric,sj131.jpg
SJ140,Sunproof Jalousie 140,Sunproof Jalousie 140 cushion fabric,sj140.jpg
SJ160,Sunproof Jalousie 160,Sunproof Jalousie 160 cushion fabric,sj160.jpg
SJC200,Sunproof Jalousie C200,Sunproof Jalousie C200 cushion fabric,sjc200.jpg
SLA180,Sunproof Lajolla 180,Sunproof Lajolla 180 cushion fabric,sla180.jpg
SLA185,Sunproof Lajolla 185,Sunproof Lajolla 185 cushion fabric,sla185.jpg
SKA081,Sunproof Kapalua 081,Sunproof Kapalua 081 cushion fabric,ska081.jpg
SKA205,Sunproof Kapalua 205,Sunproof Kapalua 205 cushion fabric,ska205.jpg
914102,914102,914102 cushion fabric,914102.jpg
931604,931604,931604 cushion fabric,931604.jpg
931606,931606,931606 cushion fabric,931606.jpg
931609,931609,931609 cushion fabric,931609.jpg
932809,932809,932809 cushion fabric,932809.jpg
932813,932813,932813 cushion fabric,932813.jpg
932902,932902,932902 cushion fabric,932902.jpg
932907,932907,932907 cushion fabric,932907.jpg
934106,934106,934106 cushion fabric,934106.jpg
9344_04,9344_04,9344_04 cushion fabric,9344_04.jpg
9344_15,9344_15,9344_15 cushion fabric,9344_15.jpg
934609,934609,934609 cushion fabric,934609.jpg
935003,935003,935003 cushion fabric,935003.jpg
9433_01,9433_01,9433_01 cushion fabric,9433_01.jpg
1763,1763,1763 cushion fabric,1763.jpg
1764,1764,1764 cushion fabric,1764.jpg
1208,1208,1208 cushion fabric,1208.jpg
1220,1220,1220 cushion fabric,1220.jpg
1262,1262,1262 cushion fabric,1262.jpg
1302,1302,1302 cushion fabric,1302.jpg
1816,1816,1816 cushion fabric,1816.jpg
1899,1899,1899 cushion fabric,1899.jpg
D341,d341,d341 cushion fabric,d341.jpg
D343,d343,d343 cushion fabric,d343.jpg
D347,d347,d347 cushion fabric,d347.jpg
D348,d348,d348 cushion fabric,d348.jpg
S005_1,s005_1,s005_1 cushion fabric,s005_1.jpg
S005_5,s005_5,s005_5 cushion fabric,s005_5.jpg
S006_2,s006_2,s006_2 cushion fabric,s006_2.jpg
S036_7,s036_7,s036_7 cushion fabric,s036_7.jpg
CHA_SLING,Charcoal sling,Charcoal sling,Texilene_charcoal.jpg
FOGREEN_SLING,Forest Green sling,Forest Green sling,Textilene_ForestGreen.jpg
LGREY_SLING,Light Grey sling,Light Grey sling,Textilene_LightGrey.jpg
SAND_SLING,Sand sling,Sand sling,Textilene_Sand.jpg
TAUPE_SLING,Taupe sling,Taupe sling,Textilene_Taupe.jpg
TERRA_SLING,Terra Cotta sling,Terra Cotta sling,Textilene_TerraCotta.jpg
WHITE_SLING,White sling,White sling,Texilene_white.jpg
BLACK_UP_SLING,Black sling upholstery,Black sling upholstery,Textilene_upholstery_Black.jpg
LGREY_UP_SLING,Light Grey sling upholstery,Light Grey sling upholstery,Textilene_upholstery_LightGrey.jpg
1262_SF180,1262+piping Fon.180,1262+piping Fon.180 fabric,1262_SF180.jpg
914102_931606,914102+piping 931606,914102+piping 931606 fabric,914102_931606.jpg
914102_934405,914102+piping 934405,914102+piping 934405 fabric,914102_934405.jpg
ROPE_M1_BOBTE,BOB terracotta rope_M1,BOB terracotta rope_M1 material,rope_model_1_bobte.jpg
ROPE_M1_CHA,Charcoal rope_M1,Charcoal rope_M1 material,rope_model_1_cha.jpg
ROPE_M1_GRE,Green rope_M1,Green rope_M1 material,rope_model_1_gre.jpg
ROPE_M1_PINK,Pink rope_M1,Pink rope_M1 material,rope_model_1_pink.jpg
ROPE_M3_BOBTE,BOB terracotta rope_M3,BOB terracotta rope_M3 material,rope_model_3_bobte.jpg
ROPE_M3_CHA,Charcoal rope_M3,Charcoal rope_M3 material,rope_model_3_cha.jpg
ROPE_M3_GRE,Green rope_M3,Green rope_M3 material,rope_model_3_gre.jpg
ROPE_M3_PINK,Pink rope_M3,Pink rope_M3 material,rope_model_3_pink.jpg
BOWL_CHA,Rope bowl charcoal,Rope bowl charcoal material,bowl_charcoal.jpg
BOWL_GREEN,Rope bowl green,Rope bowl green material,bowl_green.jpg
BOWL_BOBTER,Rope bowl bob terracotta,Rope bowl bob terracotta material,bowl_bobterra.jpg
BOWL_PINK,Rope bowl pink,Rope bowl pink material,bowl_pink.jpg
LOOP_CHA,Loop charcoal,Loop charcoal,loop_charcoal.jpg
LOOP_GREEN,Loop green,Loop green,loop_green.jpg
LOOP_BOBTER,Loop bob terracotta,Loop bob terracotta,loop_bobterra.jpg
LOOP_PINK,Loop pink,Loop pink,loop_pink.jpg
SLA180_SLA180,SLA180+piping SLA180,SLA180+piping SLA180 fabric,SLA180_piping.jpg
SAND_THICK,Sand thick rope,Sand thick rope,Sand_thick.jpg
ILAN140,ILAN 140,ILAN 140 cushion fabric,ILAN140.jpg
ILAN163,ILAN 163,ILAN 163 cushion fabric,ILAN163.jpg
ILAN090,ILAN 090,ILAN 090 cushion fabric,ILAN090.jpg
SAND_RA6,SAND RA6,SAND RA6 material,sand_ra6.jpg
GREEN_RA6,GREEN RA6,GREEN RA6 material,green_ra6.jpg
ROPE_COMOAC,Mocha rope,COMO rope armchair - mocha,como_rope_mocha.jpg
