urgency,trigger_type,org_shortname,org_name,run_date,prior_date,arr,arr_tier,bundle,score_now,score_prior,band_now,band_prior,eng_now,ado_now,val_now,ops_now,top_dim_driver,detail,cs_action,composite_narrative
High,chronic_at_risk,tel,Tomlinson Companies,2026-05-13,2025-11-30,13440.0,Tier 2 ($10-25k),iPad+Catalog,14.6,,Critical,,13.3,25.0,0.0,20.0,,7 consecutive months in distress band (since 2025-11-30),"Formal save play — schedule intervention call, identify specific recovery actions.","Tomlinson Companies has essentially no active usage — 13 engagement and 0 value delivery mean the platform is running but not being used in any meaningful way. At $13,440 this is an urgent recovery situation."
Standard,chronic_at_risk,krb,Kaleen Rugs & Broadloom,2026-05-13,2025-11-30,8700.0,Tier 3 (<$10k),iPad-only,31.5,,At Risk,,46.7,50.0,0.0,29.3,,7 consecutive months in distress band (since 2025-11-30),Escalate from watch to active intervention. Assign dedicated save-play owner.,"Kaleen Rugs & Broadloom's rep activity (47 engagement) and platform outcomes (0 value delivery) are both too low to support a healthy relationship. Re-establishing contact to understand why reps have gone quiet is the first step — determine whether this is a coverage gap, a product fit issue, or something else."
Immediate,fire_duration,wwjc,Wildwood/Chelsea House,2026-05-13,2026-04-30,40340.04,Tier 1 (>=$25k),Full,96.5,96.7,Thriving,Thriving,86.7,100.0,100.0,99.2,,Support fire open 27 days (> 14),Support fire open past SLA at a top-ARR account. Escalate to support leadership today.,Wildwood/Chelsea House is performing well across the board — every dimension is at 87 or higher and the overall score of 96 reflects consistent strength rather than one area carrying the others. No action needed; monitor at standard cadence.
Immediate,fire_duration,shl,Savoy House Lighting,2026-04-30,2026-03-31,25700.04,Tier 1 (>=$25k),Full,86.3,92.0,Thriving,Thriving,81.0,100.0,83.3,80.9,,Support fire open 26 days (> 14),Support fire open past SLA at a top-ARR account. Escalate to support leadership today.,"Savoy House Lighting is performing well overall (86) — operational health (81) is the relative drag, but every dimension is in acceptable shape. Monitor at standard cadence."
Immediate,fire_duration,shl,Savoy House Lighting,2026-05-13,2026-04-30,25700.04,Tier 1 (>=$25k),Full,83.3,86.3,Thriving,Thriving,81.0,100.0,83.3,69.0,,Support fire open 39 days (> 14),Support fire open past SLA at a top-ARR account. Escalate to support leadership today.,Savoy House Lighting is in Thriving territory (83) with a mixed profile — adoption (100) is the strongest area and operational health (69) is the drag. Address the data infrastructure when the next review cycle allows — the rest of the picture is strong enough to support it.
High,fire_duration,vcg,Visual Comfort Signature,2026-05-13,2026-04-30,18455.4,Tier 2 ($10-25k),iPad-only,89.4,88.1,Thriving,Thriving,78.3,100.0,100.0,79.4,,Support fire open 18 days (> 14),Support fire has been open too long. Chase the ticket owner and give the client a status update.,"Visual Comfort Signature is performing well overall (89) — engagement (78) is the relative drag, but every dimension is in acceptable shape. Monitor at standard cadence."
Immediate,band_transition_down,asi,Abaline Supply Inc.,2026-05-13,2026-04-30,25684.56,Tier 1 (>=$25k),Full,78.9,84.4,Healthy,Thriving,66.0,85.7,80.0,83.9,Value Delivery,Band regressed: Thriving → Healthy | Driver: Value Delivery,Immediate outreach — band regression at high-ARR account. Escalate to CS leadership if entering At Risk or Critical.,Abaline Supply Inc. is in Healthy territory (79) with a mixed profile — adoption (86) is the strongest area and engagement (66) is the drag. Monitor engagement closely; a continued downward trend would push this into Watch territory.
Immediate,band_transition_down,prog,Coleto Brands | Progress Lighting,2026-04-30,2026-03-31,25200.0,Tier 1 (>=$25k),iPad-only,57.5,73.8,Watch,Healthy,55.0,66.7,50.0,58.3,Value Delivery,Band regressed: Healthy → Watch | Driver: Value Delivery | Also a score_drop trigger.,Immediate outreach — band regression at high-ARR account. Escalate to CS leadership if entering At Risk or Critical.,"Coleto Brands | Progress Lighting is in Watch (58) with a mixed performance profile — no single dimension dominates, but value delivery (50) is the largest gap. Focus the next conversation on what is blocking orders or portal adoption — converting activity into outcomes is the priority."
High,band_transition_down,jc,Jonathan Charles Fine Furniture Ltd.,2026-01-31,2025-12-31,24029.4,Tier 2 ($10-25k),iPad+Catalog+Portal,77.1,81.2,Healthy,Thriving,36.7,85.7,100.0,86.0,Engagement,Band regressed: Thriving → Healthy | Driver: Engagement,Proactive outreach within 5 business days. Note which dimension(s) drove the transition.,"The platform is producing some outcomes for Jonathan Charles Fine Furniture Ltd. (value delivery 100), but rep engagement is thin (engagement 37) — a small slice of the team is doing most of the work. Re-engaging the broader team is the most important next step: identify which reps have gone quiet and whether coverage or enablement gaps are driving it."
High,band_transition_down,gc,Groupe Courchesne,2025-12-31,2025-11-30,16980.0,Tier 2 ($10-25k),iPad+Catalog+Cart,59.1,64.6,Watch,Healthy,51.7,57.1,60.0,67.7,Ops,Band regressed: Healthy → Watch | Driver: Ops,Proactive outreach within 5 business days. Note which dimension(s) drove the transition.,"The platform is producing some outcomes for Groupe Courchesne (value delivery 60), but rep engagement is thin (engagement 52) — a small slice of the team is doing most of the work. Re-engaging the broader team is the most important next step: identify which reps have gone quiet and whether coverage or enablement gaps are driving it."
High,band_transition_down,mah,Moda at Home Enterprises Ltd,2026-04-30,2026-03-31,16642.44,Tier 2 ($10-25k),iPad+Catalog+Cart,58.3,64.7,Watch,Healthy,46.7,71.4,40.0,75.2,Value Delivery,Band regressed: Healthy → Watch | Driver: Value Delivery,Proactive outreach within 5 business days. Note which dimension(s) drove the transition.,"Moda at Home Enterprises Ltd is showing minimal activity on both sides — engagement (47) and value delivery (40) are both below where they need to be, and the platform is producing little observable value. Operational health (75) is clean, but well-maintained data is only useful when reps are logging in. Re-establishing contact and determining whether this relationship is recoverable is the urgent next step."
High,band_transition_down,bp,Buster & Punch ,2026-01-31,2025-12-31,15279.96,Tier 2 ($10-25k),iPad-only,56.9,62.5,Watch,Healthy,76.7,57.1,40.0,53.6,Ops,Band regressed: Healthy → Watch | Driver: Ops,Proactive outreach within 5 business days. Note which dimension(s) drove the transition.,"Buster & Punch 's reps are logging in consistently (engagement 77), but they are using only a portion of the platform — adoption (57) and value delivery (40) reflect a feature-coverage gap, not an activity problem. Run a targeted coaching session on the highest-ROI unused features to convert this activity into stronger outcomes."
High,band_transition_down,tel,Tomlinson Companies,2026-03-31,2026-02-28,13440.0,Tier 2 ($10-25k),iPad+Catalog,17.1,22.1,Critical,At Risk,23.3,25.0,0.0,20.0,Engagement,Band regressed: At Risk → Critical | Driver: Engagement,Proactive outreach within 5 business days. Note which dimension(s) drove the transition.,"Tomlinson Companies has essentially no active usage — 23 engagement and 0 value delivery mean the platform is running but not being used in any meaningful way. At $13,440 this is an urgent recovery situation."
High,band_transition_down,ol,Oly Studio,2026-01-31,2025-12-31,13380.0,Tier 2 ($10-25k),iPad-only,40.0,71.2,Watch,Healthy,25.0,40.0,0.0,100.0,Value Delivery,Band regressed: Healthy → Watch | Driver: Value Delivery | Also a score_drop trigger.,Proactive outreach within 5 business days. Note which dimension(s) drove the transition.,"Oly Studio's data infrastructure is healthy, but reps aren't using the platform — engagement is at 25 and no business outcomes are being generated. The infrastructure isn't the problem; this is a rep adoption and activation conversation."
High,band_transition_down,yw,Yutzy Woodworking,2026-02-28,2026-01-31,11385.0,Tier 2 ($10-25k),iPad-only,59.0,76.8,Watch,Healthy,77.3,50.0,50.0,58.5,Value Delivery,Band regressed: Healthy → Watch | Driver: Value Delivery | Also a score_drop trigger.,Proactive outreach within 5 business days. Note which dimension(s) drove the transition.,"Yutzy Woodworking's reps are logging in consistently (engagement 77), but they are using only a portion of the platform — adoption (50) and value delivery (50) reflect a feature-coverage gap, not an activity problem. Run a targeted coaching session on the highest-ROI unused features to convert this activity into stronger outcomes."
High,band_transition_down,ap,Alden Home,2026-05-13,2026-04-30,11040.0,Tier 2 ($10-25k),iPad+Catalog+Cart,59.4,64.0,Watch,Healthy,75.0,66.7,40.0,56.0,Ops,Band regressed: Healthy → Watch | Driver: Ops,Proactive outreach within 5 business days. Note which dimension(s) drove the transition.,"Alden Home is in Watch (59) with a mixed performance profile — no single dimension dominates, but value delivery (40) is the largest gap. Focus the next conversation on what is blocking orders or portal adoption — converting activity into outcomes is the priority."
High,band_transition_down,hf,Hooker Furnishings,2026-04-30,2026-03-31,10365.0,Tier 2 ($10-25k),iPad-only,71.5,81.3,Healthy,Thriving,70.0,80.0,66.7,69.4,Value Delivery,Band regressed: Thriving → Healthy | Driver: Value Delivery,Proactive outreach within 5 business days. Note which dimension(s) drove the transition.,Hooker Furnishings is in Healthy territory (72) with a mixed profile — adoption (80) is the strongest area and value delivery (67) is the drag. Focus the next conversation on converting activity into outcomes; portal activation or an order-workflow review is the starting point.
Standard,band_transition_down,kkc,Kindel Karges Furniture,2025-12-31,2025-11-30,9540.0,Tier 3 (<$10k),iPad-only,40.0,62.5,Watch,Healthy,40.0,75.0,0.0,70.7,Value Delivery,Band regressed: Healthy → Watch | Driver: Value Delivery | Also a score_drop trigger.,Log in CRM. Review on next scheduled call.,"Kindel Karges Furniture's rep activity (40 engagement) and platform outcomes (0 value delivery) are both too low to support a healthy relationship. Re-establishing contact to understand why reps have gone quiet is the first step — determine whether this is a coverage gap, a product fit issue, or something else."
Standard,band_transition_down,kl,Coleto Brands | Kichler,2026-04-30,2026-03-31,9360.0,Tier 3 (<$10k),iPad-only,55.4,70.8,Watch,Healthy,55.0,100.0,0.0,66.7,Value Delivery,Band regressed: Healthy → Watch | Driver: Value Delivery | Also a score_drop trigger.,Log in CRM. Review on next scheduled call.,"The platform isn't generating any measurable business outcomes for Coleto Brands | Kichler — no channel (orders, quotes, portal activity, or data flow) is currently producing results. Focus the next conversation on which channel was expected to convert activity into orders, and what is blocking it."
Standard,band_transition_down,afx,"AFX, Inc.",2026-04-30,2026-03-31,9150.0,Tier 3 (<$10k),iPad-only,40.0,81.8,Watch,Thriving,45.0,80.0,33.3,86.0,Value Delivery,Band regressed: Thriving → Watch | Driver: Value Delivery | Also a score_drop trigger.,Log in CRM. Review on next scheduled call.,"AFX, Inc. has the full platform configured and adopted, but rep logins have dropped off sharply — engagement is at 45 and the platform isn't generating observable outcomes. Outreach is needed to understand whether reps have gone dark on a coverage issue or whether a more fundamental re-engagement effort is required."
Standard,band_transition_down,gsa,Godinger Silver Art Co.,2026-04-30,2026-03-31,8799.96,Tier 3 (<$10k),iPad-only,77.8,81.9,Healthy,Thriving,65.0,100.0,66.7,79.3,Engagement,Band regressed: Thriving → Healthy | Driver: Engagement,Log in CRM. Review on next scheduled call.,Godinger Silver Art Co. is in Healthy territory (78) with a mixed profile — adoption (100) is the strongest area and engagement (65) is the drag. Monitor engagement closely; a continued downward trend would push this into Watch territory.
Standard,band_transition_down,abol,America's Backyards,2026-04-30,2026-03-31,8700.0,Tier 3 (<$10k),iPad-only,58.2,65.9,Watch,Healthy,58.3,66.7,50.0,57.7,Ops,Band regressed: Healthy → Watch | Driver: Ops,Log in CRM. Review on next scheduled call.,"America's Backyards is in Watch (58) with a mixed performance profile — no single dimension dominates, but value delivery (50) is the largest gap. Focus the next conversation on what is blocking orders or portal adoption — converting activity into outcomes is the priority."
Standard,band_transition_down,dals,DALS Lighting,2026-01-31,2025-12-31,8700.0,Tier 3 (<$10k),iPad-only,49.6,62.9,Watch,Healthy,65.0,60.0,33.3,40.0,Value Delivery,Band regressed: Healthy → Watch | Driver: Value Delivery | Also a score_drop trigger.,Log in CRM. Review on next scheduled call.,"DALS Lighting is in Watch (50) with a mixed performance profile — no single dimension dominates, but value delivery (33) is the largest gap. Focus the next conversation on what is blocking orders or portal adoption — converting activity into outcomes is the priority."
Standard,band_transition_down,sca,Shadow Catchers,2026-05-13,2026-04-30,8700.0,Tier 3 (<$10k),iPad-only,79.8,83.4,Healthy,Thriving,71.7,75.0,100.0,72.4,Ops,Band regressed: Thriving → Healthy | Driver: Ops,Log in CRM. Review on next scheduled call.,Shadow Catchers is in solid shape — every dimension is at 70 or above and the overall score of 80 sits in Healthy range. Engagement (72) is the area worth a coaching conversation; addressing it is the most direct path back toward Thriving.
Standard,band_transition_down,ihm,International Home Miami,2025-12-31,2025-11-30,8403.84,Tier 3 (<$10k),iPad-only,58.0,69.0,Watch,Healthy,66.7,60.0,33.3,72.1,Value Delivery,Band regressed: Healthy → Watch | Driver: Value Delivery | Also a score_drop trigger.,Log in CRM. Review on next scheduled call.,"International Home Miami is in Watch (58) with a mixed performance profile — no single dimension dominates, but value delivery (33) is the largest gap. Focus the next conversation on what is blocking orders or portal adoption — converting activity into outcomes is the priority."
Standard,band_transition_down,ihm,International Home Miami,2026-04-30,2026-03-31,8403.84,Tier 3 (<$10k),iPad-only,58.0,68.7,Watch,Healthy,76.7,40.0,33.3,81.8,Value Delivery,Band regressed: Healthy → Watch | Driver: Value Delivery | Also a score_drop trigger.,Log in CRM. Review on next scheduled call.,"International Home Miami's reps are logging in consistently (engagement 77), but the platform is producing minimal outcomes (value delivery 33) and feature coverage is thin (adoption 40). For a 2024 cohort, this is proactive-outreach territory — identify the one or two highest-ROI unused features and anchor the next conversation around them."
Standard,band_transition_down,hmjc,Hancock & Moore / Jessica Charles,2026-02-28,2026-01-31,7908.84,Tier 3 (<$10k),iPad-only,57.5,70.6,Watch,Healthy,30.0,80.0,66.7,53.3,Ops,Band regressed: Healthy → Watch | Driver: Ops | Also a score_drop trigger.,Log in CRM. Review on next scheduled call.,"The platform is producing some outcomes for Hancock & Moore / Jessica Charles (value delivery 67), but rep engagement is thin (engagement 30) — a small slice of the team is doing most of the work. Re-engaging the broader team is the most important next step: identify which reps have gone quiet and whether coverage or enablement gaps are driving it."
Standard,band_transition_down,arl,Arabela Lighting,2026-02-28,2026-01-31,7830.0,Tier 3 (<$10k),iPad-only,78.8,81.8,Healthy,Thriving,88.3,60.0,100.0,66.7,Ops,Band regressed: Thriving → Healthy | Driver: Ops,Log in CRM. Review on next scheduled call.,Arabela Lighting is in Healthy territory (79) with a mixed profile — value delivery (100) is the strongest area and adoption (60) is the drag. A focused coaching session would help this team use more of the platform; rep activity is already there to support it.
Standard,band_transition_down,cf,Century Furniture,2026-03-31,2026-02-28,7830.0,Tier 3 (<$10k),iPad-only,40.0,68.3,Watch,Healthy,40.0,100.0,33.3,66.7,Value Delivery,Band regressed: Healthy → Watch | Driver: Value Delivery | Also a score_drop trigger.,Log in CRM. Review on next scheduled call.,"Century Furniture has the full platform configured and adopted, but rep logins have dropped off sharply — engagement is at 40 and the platform isn't generating observable outcomes. Outreach is needed to understand whether reps have gone dark on a coverage issue or whether a more fundamental re-engagement effort is required."
Standard,band_transition_down,eglo_can,EGLO Canada,2026-04-30,2026-03-31,7830.0,Tier 3 (<$10k),iPad-only,77.9,82.9,Healthy,Thriving,67.3,100.0,66.7,77.6,Engagement,Band regressed: Thriving → Healthy | Driver: Engagement,Log in CRM. Review on next scheduled call.,EGLO Canada is in Healthy territory (78) with a mixed profile — adoption (100) is the strongest area and value delivery (67) is the drag. Focus the next conversation on converting activity into outcomes; portal activation or an order-workflow review is the starting point.
Standard,band_transition_down,luc,Lucas McKearn,2026-04-30,2026-03-31,7830.0,Tier 3 (<$10k),iPad-only,53.5,65.1,Watch,Healthy,65.0,60.0,33.3,55.6,Value Delivery,Band regressed: Healthy → Watch | Driver: Value Delivery | Also a score_drop trigger.,Log in CRM. Review on next scheduled call.,"Lucas McKearn is in Watch (54) with a mixed performance profile — no single dimension dominates, but value delivery (33) is the largest gap. Focus the next conversation on what is blocking orders or portal adoption — converting activity into outcomes is the priority."
Standard,band_transition_down,bsc,Butler Specialty Company,2026-01-31,2025-12-31,6960.0,Tier 3 (<$10k),iPad-only,67.5,84.4,Healthy,Thriving,71.7,100.0,33.3,64.8,Value Delivery,Band regressed: Thriving → Healthy | Driver: Value Delivery | Also a score_drop trigger.,Log in CRM. Review on next scheduled call.,Butler Specialty Company is in Healthy territory (68) with a mixed profile — adoption (100) is the strongest area and value delivery (33) is the drag. Focus the next conversation on converting activity into outcomes; portal activation or an order-workflow review is the starting point.
Standard,band_transition_down,bsc,Butler Specialty Company,2026-03-31,2026-02-28,6960.0,Tier 3 (<$10k),iPad-only,54.6,60.7,Watch,Healthy,71.7,80.0,0.0,66.6,Value Delivery,Band regressed: Healthy → Watch | Driver: Value Delivery,Log in CRM. Review on next scheduled call.,"The platform isn't generating any measurable business outcomes for Butler Specialty Company — no channel (orders, quotes, portal activity, or data flow) is currently producing results. Focus the next conversation on which channel was expected to convert activity into orders, and what is blocking it."
Standard,band_transition_down,bsc,Butler Specialty Company,2026-05-13,2026-04-30,6960.0,Tier 3 (<$10k),iPad-only,77.1,85.5,Healthy,Thriving,71.7,100.0,66.7,70.2,Value Delivery,Band regressed: Thriving → Healthy | Driver: Value Delivery,Log in CRM. Review on next scheduled call.,Butler Specialty Company is in Healthy territory (77) with a mixed profile — adoption (100) is the strongest area and value delivery (67) is the drag. Focus the next conversation on converting activity into outcomes; portal activation or an order-workflow review is the starting point.
Standard,band_transition_down,sp,"Sabine Pools, Spas, & Furnitur",2026-05-13,2026-04-30,6960.0,Tier 3 (<$10k),iPad-only,52.9,61.4,Watch,Healthy,65.0,33.3,50.0,63.4,Adoption,Band regressed: Healthy → Watch | Driver: Adoption,Log in CRM. Review on next scheduled call.,"Sabine Pools, Spas, & Furnitur's reps are logging in at a limited rate (engagement 65), but they are using only a portion of the platform — adoption (33) and value delivery (50) reflect a feature-coverage gap, not an activity problem. Run a targeted coaching session on the highest-ROI unused features to convert this activity into stronger outcomes."
Standard,band_transition_down,hvl,Hudson Valley Lighting,2026-04-30,2026-03-31,5405.04,Tier 3 (<$10k),iPad-only,40.0,65.4,Watch,Healthy,46.7,75.0,0.0,66.7,Value Delivery,Band regressed: Healthy → Watch | Driver: Value Delivery | Also a score_drop trigger.,Log in CRM. Review on next scheduled call.,"Hudson Valley Lighting's rep activity (47 engagement) and platform outcomes (0 value delivery) are both too low to support a healthy relationship. Re-establishing contact to understand why reps have gone quiet is the first step — determine whether this is a coverage gap, a product fit issue, or something else."
Standard,band_transition_down,pw,Philip Whitney,2026-02-28,2026-01-31,4500.0,Tier 3 (<$10k),iPad-only,40.0,62.2,Watch,Healthy,48.3,75.0,33.3,82.1,Engagement,Band regressed: Healthy → Watch | Driver: Engagement | Also a score_drop trigger.,Log in CRM. Review on next scheduled call.,"Philip Whitney's data infrastructure is healthy, but reps aren't using the platform — engagement is at 48 and no business outcomes are being generated. The infrastructure isn't the problem; this is a rep adoption and activation conversation."
Standard,band_transition_down,tl,Troy Lighting,2025-12-31,2025-11-30,4392.0,Tier 3 (<$10k),iPad-only,55.4,60.7,Watch,Healthy,56.7,75.0,50.0,40.0,Ops,Band regressed: Healthy → Watch | Driver: Ops,Log in CRM. Review on next scheduled call.,"Troy Lighting is in Watch (55) with a mixed performance profile — no single dimension dominates, but operational health (40) is the largest gap. Escalate the data infrastructure issues to the ops team before they degrade the rep experience further."
Standard,band_transition_down,tl,Troy Lighting,2026-02-28,2026-01-31,4392.0,Tier 3 (<$10k),iPad-only,47.8,64.6,Watch,Healthy,65.0,75.0,0.0,51.2,Value Delivery,Band regressed: Healthy → Watch | Driver: Value Delivery | Also a score_drop trigger.,Log in CRM. Review on next scheduled call.,"The platform isn't generating any measurable business outcomes for Troy Lighting — no channel (orders, quotes, portal activity, or data flow) is currently producing results. Focus the next conversation on which channel was expected to convert activity into orders, and what is blocking it."
High,score_drop,big,Baker-McGuire,2026-03-31,2026-02-28,18729.96,Tier 2 ($10-25k),iPad-only,65.5,78.3,Healthy,Healthy,86.7,60.0,33.3,81.9,Value Delivery,Composite dropped 12.8 pts (78.3 → 65.5) | Driver: Value Delivery,CS-led root cause review within 1 week. Flag in weekly CS meeting.,Baker-McGuire is in Healthy territory (66) with a mixed profile — engagement (87) is the strongest area and value delivery (33) is the drag. Focus the next conversation on converting activity into outcomes; portal activation or an order-workflow review is the starting point.
High,score_drop,tel,Tomlinson Companies,2026-02-28,2026-01-31,13440.0,Tier 2 ($10-25k),iPad+Catalog,22.1,34.1,At Risk,At Risk,43.3,25.0,0.0,20.0,Value Delivery,Composite dropped 12.0 pts (34.1 → 22.1) | Driver: Value Delivery,CS-led root cause review within 1 week. Flag in weekly CS meeting.,"Tomlinson Companies's rep activity (43 engagement) and platform outcomes (0 value delivery) are both too low to support a healthy relationship. Re-establishing contact to understand why reps have gone quiet is the first step — determine whether this is a coverage gap, a product fit issue, or something else."
High,score_drop,all,Accord Lighting,2026-04-30,2026-03-31,12920.04,Tier 2 ($10-25k),iPad-only,62.3,75.9,Healthy,Healthy,76.7,75.0,50.0,47.4,Value Delivery,Composite dropped 13.6 pts (75.9 → 62.3) | Driver: Value Delivery,CS-led root cause review within 1 week. Flag in weekly CS meeting.,Accord Lighting is in Healthy territory (62) with a mixed profile — engagement (77) is the strongest area and operational health (47) is the drag. Addressing catalog and import health in the next review cycle is the cleanest path back toward Thriving.
Standard,score_drop,kl,Coleto Brands | Kichler,2025-12-31,2025-11-30,9360.0,Tier 3 (<$10k),iPad-only,62.2,76.7,Healthy,Healthy,68.3,100.0,0.0,80.4,Value Delivery,Composite dropped 14.5 pts (76.7 → 62.2) | Driver: Value Delivery,Add to watch list. Review on next scheduled call.,"The platform isn't generating any measurable business outcomes for Coleto Brands | Kichler — no channel (orders, quotes, portal activity, or data flow) is currently producing results. Investigate which channel was expected to fire and why it isn't — a single fix may move the score materially."
Standard,score_drop,hmjc,Hancock & Moore / Jessica Charles,2026-03-31,2026-02-28,7908.84,Tier 3 (<$10k),iPad-only,40.0,57.5,Watch,Watch,23.3,80.0,33.3,53.3,Value Delivery,Composite dropped 17.5 pts (57.5 → 40.0) | Driver: Value Delivery,Add to watch list. Review on next scheduled call.,"Hancock & Moore / Jessica Charles has the full platform configured and adopted, but rep logins have dropped off sharply — engagement is at 23 and the platform isn't generating observable outcomes. Outreach is needed to understand whether reps have gone dark on a coverage issue or whether a more fundamental re-engagement effort is required."
Standard,score_drop,arl,Arabela Lighting,2026-03-31,2026-02-28,7830.0,Tier 3 (<$10k),iPad-only,66.5,78.8,Healthy,Healthy,92.7,40.0,66.7,66.7,Value Delivery,Composite dropped 12.3 pts (78.8 → 66.5) | Driver: Value Delivery,Add to watch list. Review on next scheduled call.,"Arabela Lighting's reps are logging in consistently (engagement 93), but they are using only a portion of the platform — adoption (40) reflects a feature-coverage gap, not an activity problem. Run a targeted coaching session on the highest-ROI unused features to convert this activity into stronger outcomes."
Standard,score_drop,cf,Century Furniture,2026-02-28,2026-01-31,7830.0,Tier 3 (<$10k),iPad-only,68.3,78.9,Healthy,Healthy,40.0,100.0,66.7,66.7,Ops,Composite dropped 10.6 pts (78.9 → 68.3) | Driver: Ops,Add to watch list. Review on next scheduled call.,"The platform is producing some outcomes for Century Furniture (value delivery 67), but rep engagement is thin (engagement 40) — a small slice of the team is doing most of the work. Re-engaging the broader team is the most important next step: identify which reps have gone quiet and whether coverage or enablement gaps are driving it."
Standard,score_drop,vce,Visual Comfort Europe,2025-12-31,2025-11-30,7830.0,Tier 3 (<$10k),iPad-only,67.4,77.5,Healthy,Healthy,61.7,80.0,66.7,61.1,Value Delivery,Composite dropped 10.1 pts (77.5 → 67.4) | Driver: Value Delivery,Add to watch list. Review on next scheduled call.,Visual Comfort Europe is in Healthy territory (67) with a mixed profile — adoption (80) is the strongest area and operational health (61) is the drag. Addressing catalog and import health in the next review cycle is the cleanest path back toward Thriving.
High,band_transition_up,jc,Jonathan Charles Fine Furniture Ltd.,2026-04-30,2026-03-31,24029.4,Tier 2 ($10-25k),iPad+Catalog+Portal,90.0,72.4,Thriving,Healthy,60.0,100.0,100.0,99.9,Ops,Band improved: Healthy → Thriving | Driver: Ops,Acknowledge improvement on next call. Document what changed.,Jonathan Charles Fine Furniture Ltd. is in Thriving territory (90) with a mixed profile — adoption (100) is the strongest area and engagement (60) is the drag. Monitor closely — an engagement dip in an otherwise Thriving account is an early warning worth tracking.
High,band_transition_up,gc,Groupe Courchesne,2026-01-31,2025-12-31,16980.0,Tier 2 ($10-25k),iPad+Catalog+Cart,62.8,59.1,Healthy,Watch,61.7,57.1,60.0,72.5,Engagement,Band improved: Watch → Healthy | Driver: Engagement,Acknowledge improvement on next call. Document what changed.,"Groupe Courchesne's reps are logging in at a limited rate (engagement 62), but they are using only a portion of the platform — adoption (57) reflects a feature-coverage gap, not an activity problem. Run a targeted coaching session on the highest-ROI unused features to convert this activity into stronger outcomes."
High,band_transition_up,mah,Moda at Home Enterprises Ltd,2026-01-31,2025-12-31,16642.44,Tier 2 ($10-25k),iPad+Catalog+Cart,62.5,57.0,Healthy,Watch,56.7,57.1,60.0,76.1,Value Delivery,Band improved: Watch → Healthy | Driver: Value Delivery,Acknowledge improvement on next call. Document what changed.,Moda at Home Enterprises Ltd is in Healthy territory (62) with a mixed profile — operational health (76) is the strongest area and engagement (57) is the drag. Monitor engagement closely; a continued downward trend would push this into Watch territory.
High,band_transition_up,bp,Buster & Punch ,2026-02-28,2026-01-31,15279.96,Tier 2 ($10-25k),iPad-only,61.3,56.9,Healthy,Watch,76.7,57.1,40.0,71.3,Ops,Band improved: Watch → Healthy | Driver: Ops,Acknowledge improvement on next call. Document what changed.,"Buster & Punch 's reps are logging in consistently (engagement 77), but they are using only a portion of the platform — adoption (57) and value delivery (40) reflect a feature-coverage gap, not an activity problem. Run a targeted coaching session on the highest-ROI unused features to convert this activity into stronger outcomes."
High,band_transition_up,ol,Oly Studio,2026-04-30,2026-03-31,13380.0,Tier 2 ($10-25k),iPad-only,63.8,38.3,Healthy,At Risk,55.0,50.0,50.0,100.0,Value Delivery,Band improved: At Risk → Healthy | Driver: Value Delivery,Acknowledge improvement on next call. Document what changed.,Oly Studio is in Healthy territory (64) with a mixed profile — operational health (100) is the strongest area and value delivery (50) is the drag. Focus the next conversation on converting activity into outcomes; portal activation or an order-workflow review is the starting point.
High,band_transition_up,all,Accord Lighting,2025-12-31,2025-11-30,12920.04,Tier 2 ($10-25k),iPad-only,62.4,54.3,Healthy,Watch,76.7,75.0,50.0,47.9,Ops,Band improved: Watch → Healthy | Driver: Ops,Acknowledge improvement on next call. Document what changed.,Accord Lighting is in Healthy territory (62) with a mixed profile — engagement (77) is the strongest area and operational health (48) is the drag. Addressing catalog and import health in the next review cycle is the cleanest path back toward Thriving.
High,band_transition_up,vl,Ciana Varaluz LLC,2026-01-31,2025-12-31,11420.04,Tier 2 ($10-25k),iPad+Catalog+Portal,92.2,79.6,Thriving,Healthy,84.3,100.0,100.0,84.7,Value Delivery,Band improved: Healthy → Thriving | Driver: Value Delivery,Acknowledge improvement on next call. Document what changed.,Ciana Varaluz LLC is performing well across the board — every dimension is at 84 or higher and the overall score of 92 reflects consistent strength rather than one area carrying the others. No action needed; monitor at standard cadence.
High,band_transition_up,yw,Yutzy Woodworking,2026-04-30,2026-03-31,11385.0,Tier 2 ($10-25k),iPad-only,78.3,58.8,Healthy,Watch,82.3,50.0,100.0,81.1,Value Delivery,Band improved: Watch → Healthy | Driver: Value Delivery,Acknowledge improvement on next call. Document what changed.,"Yutzy Woodworking's reps are logging in consistently (engagement 82), but they are using only a portion of the platform — adoption (50) reflects a feature-coverage gap, not an activity problem. Run a targeted coaching session on the highest-ROI unused features to convert this activity into stronger outcomes."
Standard,band_transition_up,kkc,Kindel Karges Furniture,2026-01-31,2025-12-31,9540.0,Tier 3 (<$10k),iPad-only,60.4,40.0,Healthy,Watch,50.0,75.0,50.0,66.7,Value Delivery,Band improved: Watch → Healthy | Driver: Value Delivery,Positive signal — note in CRM.,"The platform is producing some outcomes for Kindel Karges Furniture (value delivery 50), but rep engagement is thin (engagement 50) — a small slice of the team is doing most of the work. Re-engaging the broader team is the most important next step: identify which reps have gone quiet and whether coverage or enablement gaps are driving it."
Standard,band_transition_up,afx,"AFX, Inc.",2026-01-31,2025-12-31,9150.0,Tier 3 (<$10k),iPad-only,65.0,42.4,Healthy,Watch,75.0,60.0,66.7,58.3,Value Delivery,Band improved: Watch → Healthy | Driver: Value Delivery,Positive signal — note in CRM.,"AFX, Inc. is in Healthy territory (65) with a mixed profile — engagement (75) is the strongest area and operational health (58) is the drag. Addressing catalog and import health in the next review cycle is the cleanest path back toward Thriving."
Standard,band_transition_up,afx,"AFX, Inc.",2026-03-31,2026-02-28,9150.0,Tier 3 (<$10k),iPad-only,81.8,66.1,Thriving,Healthy,66.7,80.0,100.0,80.6,Value Delivery,Band improved: Healthy → Thriving | Driver: Value Delivery,Positive signal — note in CRM.,"AFX, Inc. is in Thriving territory (82) with a mixed profile — value delivery (100) is the strongest area and engagement (67) is the drag. Monitor closely — an engagement dip in an otherwise Thriving account is an early warning worth tracking."
Standard,band_transition_up,afx,"AFX, Inc.",2026-05-13,2026-04-30,9150.0,Tier 3 (<$10k),iPad-only,63.7,40.0,Healthy,Watch,55.0,80.0,33.3,86.4,Engagement,Band improved: Watch → Healthy | Driver: Engagement,Positive signal — note in CRM.,"AFX, Inc. is in Healthy territory (64) with a mixed profile — operational health (86) is the strongest area and value delivery (33) is the drag. Focus the next conversation on converting activity into outcomes; portal activation or an order-workflow review is the starting point."
Standard,band_transition_up,gsa,Godinger Silver Art Co.,2026-01-31,2025-12-31,8799.96,Tier 3 (<$10k),iPad-only,84.7,78.9,Thriving,Healthy,65.0,100.0,100.0,73.6,Value Delivery,Band improved: Healthy → Thriving | Driver: Value Delivery,Positive signal — note in CRM.,Godinger Silver Art Co. is in Thriving territory (85) with a mixed profile — adoption (100) is the strongest area and engagement (65) is the drag. Monitor closely — an engagement dip in an otherwise Thriving account is an early warning worth tracking.
Standard,band_transition_up,uhc,Uniware Housewares Corp.,2026-01-31,2025-12-31,8739.96,Tier 3 (<$10k),iPad-only,84.8,79.8,Thriving,Healthy,92.7,80.0,66.7,100.0,Adoption,Band improved: Healthy → Thriving | Driver: Adoption,Positive signal — note in CRM.,Uniware Housewares Corp. is in Thriving territory (85) with a mixed profile — operational health (100) is the strongest area and value delivery (67) is the drag. Investigate why activity is not converting into outcomes — an order pipeline review or portal activation check is the starting point.
Standard,band_transition_up,abol,America's Backyards,2026-01-31,2025-12-31,8700.0,Tier 3 (<$10k),iPad-only,67.0,55.4,Healthy,Watch,58.3,66.7,50.0,92.9,Ops,Band improved: Watch → Healthy | Driver: Ops,Positive signal — note in CRM.,America's Backyards is in Healthy territory (67) with a mixed profile — operational health (93) is the strongest area and value delivery (50) is the drag. Focus the next conversation on converting activity into outcomes; portal activation or an order-workflow review is the starting point.
Standard,band_transition_up,lss,Lifestyle Solutions,2026-01-31,2025-12-31,8700.0,Tier 3 (<$10k),iPad-only,85.0,75.7,Thriving,Healthy,75.0,80.0,100.0,84.9,Value Delivery,Band improved: Healthy → Thriving | Driver: Value Delivery,Positive signal — note in CRM.,"Lifestyle Solutions is performing well overall (85) — engagement (75) is the relative drag, but every dimension is in acceptable shape. Monitor at standard cadence."
Standard,band_transition_up,sca,Shadow Catchers,2025-12-31,2025-11-30,8700.0,Tier 3 (<$10k),iPad-only,83.6,74.6,Thriving,Healthy,71.7,75.0,100.0,87.6,Ops,Band improved: Healthy → Thriving | Driver: Ops,Positive signal — note in CRM.,"Shadow Catchers is in Thriving territory (84), but the score sits just above the Healthy cutoff — engagement (72) is the relative weakness while value delivery (100) is doing the lifting. A focused check-in on engagement would solidify the Thriving position before any drift sets in."
Standard,band_transition_up,soi,Silver One,2026-03-31,2026-02-28,8700.0,Tier 3 (<$10k),iPad-only,67.3,46.2,Healthy,Watch,80.0,50.0,50.0,89.2,Value Delivery,Band improved: Watch → Healthy | Driver: Value Delivery,Positive signal — note in CRM.,"Silver One's reps are logging in consistently (engagement 80), but they are using only a portion of the platform — adoption (50) and value delivery (50) reflect a feature-coverage gap, not an activity problem. Run a targeted coaching session on the highest-ROI unused features to convert this activity into stronger outcomes."
Standard,band_transition_up,swc,Sauder Woodworking,2026-04-30,2026-03-31,8700.0,Tier 3 (<$10k),iPad-only,81.2,74.6,Thriving,Healthy,58.3,100.0,66.7,100.0,Value Delivery,Band improved: Healthy → Thriving | Driver: Value Delivery,Positive signal — note in CRM.,Sauder Woodworking is in Thriving territory (81) with a mixed profile — adoption (100) is the strongest area and engagement (58) is the drag. Monitor closely — an engagement dip in an otherwise Thriving account is an early warning worth tracking.
Standard,band_transition_up,ihm,International Home Miami,2026-02-28,2026-01-31,8403.84,Tier 3 (<$10k),iPad-only,73.3,55.4,Healthy,Watch,66.7,60.0,66.7,100.0,Value Delivery,Band improved: Watch → Healthy | Driver: Value Delivery,Positive signal — note in CRM.,International Home Miami is in Healthy territory (73) with a mixed profile — operational health (100) is the strongest area and adoption (60) is the drag. A focused coaching session would help this team use more of the platform; rep activity is already there to support it.
Standard,band_transition_up,hmjc,Hancock & Moore / Jessica Charles,2025-12-31,2025-11-30,7908.84,Tier 3 (<$10k),iPad-only,70.7,40.0,Healthy,Watch,50.0,80.0,66.7,86.1,Value Delivery,Band improved: Watch → Healthy | Driver: Value Delivery,Positive signal — note in CRM.,"The platform is producing some outcomes for Hancock & Moore / Jessica Charles (value delivery 67), but rep engagement is thin (engagement 50) — a small slice of the team is doing most of the work. Re-engaging the broader team is the most important next step: identify which reps have gone quiet and whether coverage or enablement gaps are driving it."
Standard,band_transition_up,arl,Arabela Lighting,2025-12-31,2025-11-30,7830.0,Tier 3 (<$10k),iPad-only,83.4,73.4,Thriving,Healthy,77.3,60.0,100.0,96.2,Ops,Band improved: Healthy → Thriving | Driver: Ops,Positive signal — note in CRM.,Arabela Lighting is in Thriving territory (83) with a mixed profile — value delivery (100) is the strongest area and adoption (60) is the drag. A feature coaching session targeting the unused capabilities is the highest-leverage next step.
Standard,band_transition_up,eglo_can,EGLO Canada,2026-05-13,2026-04-30,7830.0,Tier 3 (<$10k),iPad-only,89.0,77.9,Thriving,Healthy,77.3,100.0,100.0,78.5,Value Delivery,Band improved: Healthy → Thriving | Driver: Value Delivery,Positive signal — note in CRM.,"EGLO Canada is performing well overall (89) — engagement (77) is the relative drag, but every dimension is in acceptable shape. Monitor at standard cadence."
Standard,band_transition_up,luc,Lucas McKearn,2026-01-31,2025-12-31,7830.0,Tier 3 (<$10k),iPad-only,63.3,40.0,Healthy,Watch,61.7,80.0,33.3,78.2,Engagement,Band improved: Watch → Healthy | Driver: Engagement,Positive signal — note in CRM.,Lucas McKearn is in Healthy territory (63) with a mixed profile — adoption (80) is the strongest area and value delivery (33) is the drag. Focus the next conversation on converting activity into outcomes; portal activation or an order-workflow review is the starting point.
Standard,band_transition_up,vce,Visual Comfort Europe,2026-03-31,2026-02-28,7830.0,Tier 3 (<$10k),iPad-only,90.7,71.7,Thriving,Healthy,76.7,100.0,100.0,86.2,Value Delivery,Band improved: Healthy → Thriving | Driver: Value Delivery,Positive signal — note in CRM.,"Visual Comfort Europe is performing well overall (91) — engagement (77) is the relative drag, but every dimension is in acceptable shape. Monitor at standard cadence."
Standard,band_transition_up,bsc,Butler Specialty Company,2026-04-30,2026-03-31,6960.0,Tier 3 (<$10k),iPad-only,85.5,54.6,Thriving,Watch,71.7,100.0,100.0,70.5,Value Delivery,Band improved: Watch → Thriving | Driver: Value Delivery,Positive signal — note in CRM.,"Butler Specialty Company is performing well overall (86) — operational health (70) is the relative drag, but every dimension is in acceptable shape. Monitor at standard cadence."
Standard,band_transition_up,sp,"Sabine Pools, Spas, & Furnitur",2026-03-31,2026-02-28,6960.0,Tier 3 (<$10k),iPad-only,64.0,59.1,Healthy,Watch,68.3,66.7,50.0,71.2,Engagement,Band improved: Watch → Healthy | Driver: Engagement,Positive signal — note in CRM.,"Sabine Pools, Spas, & Furnitur is in Healthy territory (64) with a mixed profile — operational health (71) is the strongest area and value delivery (50) is the drag. Focus the next conversation on converting activity into outcomes; portal activation or an order-workflow review is the starting point."
Standard,band_transition_up,pw,Philip Whitney,2026-01-31,2025-12-31,4500.0,Tier 3 (<$10k),iPad-only,62.2,40.0,Healthy,Watch,58.3,75.0,33.3,82.1,Engagement,Band improved: Watch → Healthy | Driver: Engagement,Positive signal — note in CRM.,Philip Whitney is in Healthy territory (62) with a mixed profile — operational health (82) is the strongest area and value delivery (33) is the drag. Focus the next conversation on converting activity into outcomes; portal activation or an order-workflow review is the starting point.
Standard,band_transition_up,pw,Philip Whitney,2026-03-31,2026-02-28,4500.0,Tier 3 (<$10k),iPad-only,62.2,40.0,Healthy,Watch,58.3,75.0,33.3,82.1,Engagement,Band improved: Watch → Healthy | Driver: Engagement,Positive signal — note in CRM.,Philip Whitney is in Healthy territory (62) with a mixed profile — operational health (82) is the strongest area and value delivery (33) is the drag. Focus the next conversation on converting activity into outcomes; portal activation or an order-workflow review is the starting point.
Standard,band_transition_up,tl,Troy Lighting,2026-01-31,2025-12-31,4392.0,Tier 3 (<$10k),iPad-only,64.6,55.4,Healthy,Watch,60.0,75.0,50.0,73.3,Ops,Band improved: Watch → Healthy | Driver: Ops,Positive signal — note in CRM.,Troy Lighting is in Healthy territory (65) with a mixed profile — adoption (75) is the strongest area and value delivery (50) is the drag. Focus the next conversation on converting activity into outcomes; portal activation or an order-workflow review is the starting point.
