org_shortname,days_since_critical_update
aa,242
abol,4
acsd,242
afx,0
ah,0
ahc,242
ahtest,161
al,242
ali,0
all,21
am,11
ap,7
arl,13
art,0
asi,0
ati,242
bc,242
bc2,242
bcf,0
bde,242
bei,242
bi,242
big,0
blh,118
bmc,126
bmc2,229
bmc3,242
bobo,242
bp,4
bpstaging,174
bri,0
bri_test,20550
bsc,0
bscc,242
bss,242
bts,0
cbi,242
cc,229
cci,0
cf,42
cfc,242
cfd,242
cff,242
cfg,1
cfsd,242
cl,167
clc,0
clctest,133
clli,0
clm,0
cmi,242
csi,242
cst,0
ctest,88
da,0
dals,39
dccl,0
demo,18
demo1,214
demo2,25
demo3,9
demolighting,11
df,0
dh,242
di,242
dpl,242
dri,242
dws,242
ebc,242
eglo,0
eglo_can,0
ei,242
eig,242
ekc,242
el,0
eli,0
elk,199
emerydemo,242
erf,242
et2,81
etl,0
fal,0
fc,0
fcc,242
fccstaging,242
fcj,242
ffdm,229
fms,0
fmsstaging,91
frh,242
fsf,0
gb,242
gblx,0
gc,4
gcl,0
gf,242
gg,0
gh,0
gl,0
gsa,0
gww,242
hatl,242
hcan,242
hchi,242
hds,242
heb,0
hf,0
hfg,0
hh,42
hl,242
hla,242
hmi,242
hmjc,53
horl,242
hsi,242
hvint,242
hvl,82
hvusa,35
ias,242
if,242
ih,0
ihm,52
ihw,0
ilc,242
jbl,242
jc,14
jcsa,242
jcusa,0
jgw,242
jyc,0
kal,0
khi,242
khl,229
ki,242
kii,0
kkc,6
kl,39
kll,0
krb,124
kylademo,242
lcf,242
leg,115
libco,0
llb,242
lna,242
lpf,0
lss,0
luc,71
mah,0
mali,11
mcf,242
mdff,242
mfc,20
mfl,242
mg,242
mh,0
mhc,105
mhstage,242
ml,0
mlc,0
mlg,0
mli,0
mpc,0
mt,242
ol,165
omc,242
opame,29
pbp,242
pcl,242
pebl,5
pef,242
pf,0
pf_test,0
pfi,242
pfu,242
pol,242
prog,54
pts,242
pw,0
pwg,242
rac,0
rf,0
ril,0
rw,0
sa,242
sarreid,0
sbl,0
sbmh,2
sc,0
sc_test,229
sca,12
scc,242
sccon,0
sci,0
scw,0
sf,242
sgl,242
shf,242
shl,0
sic,242
sl,242
slusa,242
soi,17
sp,0
ssi,0
st,0
sw,242
swc,0
ta,0
tam,0
tam-staging,109
tcd,1
tech,242
tel,242
temp,242
test1,201
tft,242
tl,82
tla,0
tlastaging,91
tle,242
tll,242
tmpl,242
tmpo,242
ttf,242
ufi,0
ufistaging,2
ufitest,12
uhc,0
uu,242
vc,242
vce,0
vcg,0
vcgcon,242
vcgstaging,0
vic,0
vl,0
wa,242
wac,0
wag,5
waledemo,242
wdd,145
wmo,242
wwjc,0
wwtest,229
yw,74
