BaseItemCode,QtyAvailable,GA_qtyonporder,GA_qtyonhand,GA_qtyreserved,GA_qtyavailable,GA_qtybackordered,NSL_qtyonporder,NSL_qtyonhand,NSL_qtyreserved,NSL_qtyavailable,NSL_qtybackordered,ML_qtyonporder,ML_qtyonhand,ML_qtyreserved,ML_qtyavailable,ML_qtybackordered
SL-ID-30K-LP-20-A8,404,0,30,0,30,0,0,379,4,375,0,150,3,4,-1,8
SL-ID-30K-LP-100-A8,67,0,0,0,0,0,0,19,2,17,0,50,50,0,50,0
SL-ID-30K-HP-20-A8,899,0,15,0,15,0,0,467,3,464,0,0,420,0,420,0
SL-ID-30K-HP-100-A8,13,0,0,0,0,0,0,8,0,8,0,0,9,4,5,0
SL-ID-CCT-HP-20-A8,462,0,0,0,0,0,0,323,0,323,0,0,139,0,139,0
SL-ID-CCT-HP-100-A8,33,0,0,0,0,0,0,10,0,10,0,0,23,0,23,0
SL-ID-CCT-LP-20-A8,151,0,0,0,0,0,0,13,0,13,0,0,138,0,138,0
SL-ID-CCT-LP-100-A8,4,0,0,0,0,0,0,0,0,0,0,4,4,0,4,0
SL-ID-W2BC-72,1276,0,0,0,0,0,0,377,40,337,0,400,980,41,939,0
SL-ID-BWBC-6,259,0,0,0,0,0,0,159,7,152,0,500,127,20,107,0
SL-ID-B2BC,293,0,0,0,0,0,0,93,0,93,0,0,200,0,200,0
SL-ID-LC,561,0,5,0,5,0,0,94,0,94,0,0,462,0,462,0
SL-ID-TC,150,0,0,0,0,0,0,101,0,101,0,0,49,0,49,0
SL-OD-RGB30K-20-BA8,134,0,0,0,0,0,0,80,6,74,0,0,68,8,60,0
SL-OD-MC,242,0,0,0,0,0,0,87,0,87,0,0,155,0,155,0
SL-OD-EX-39,528,0,0,0,0,0,0,201,0,201,0,0,327,0,327,0
SL-OD-CCT-HP-20-B8,34,0,0,0,0,0,0,23,0,23,0,0,11,0,11,0
SL-OD-CCT-LP-20-B8,38,0,0,0,0,0,0,17,0,17,0,0,21,0,21,0
SL-OD-BWBC-6,64,0,5,0,5,0,0,36,0,36,0,0,23,0,23,0
SL-OD-B2BC,81,0,0,0,0,0,0,50,0,50,0,0,31,0,31,0
SL-OD-W2BC-72,115,0,0,0,0,0,0,89,0,89,0,0,26,0,26,0
MLDRE-40-24-DM,68,0,0,0,0,0,0,0,0,0,0,100,80,12,68,2
MLDRE-96-24-DM,257,0,0,0,0,0,0,0,0,0,0,150,285,28,257,4
MLDR-120-24,144,0,0,0,0,0,0,0,0,0,0,0,144,0,144,7
PGID2448,32,0,0,0,0,0,50,0,0,0,0,50,33,1,32,0
PGID2496,44,0,0,0,0,0,50,0,0,0,4,50,44,0,44,1
CNTRL-4Z-CCT-RWP-BK,61,0,0,0,0,0,0,3,0,3,0,0,58,0,58,0
CNTRL-4Z-CCT-RWP-WH,41,0,0,0,0,0,0,10,0,10,0,0,32,1,31,0
CNTRL-0-10V-DIM,44,0,0,0,0,0,1,0,0,0,1,0,45,1,44,0
CNTRL-4Z-CCT-RM,33,0,0,0,0,0,0,6,0,6,0,0,27,0,27,0