ITEM_NUMBER,DESCRIPTION,Price_ml_list,Price_ml_dn,Price_nsl_list,Price_nsl_dn,ML_UPC,NSL_UPC
CLD-1625-30K-BN,"LED Drum Ceiling light, 25W, 3000K, brushed nickel trim",96.3,48.15,84.60000000000001,42.300000000000004,779261050290,759929401220
DL-5CCT-4-WH,"4"" LED Downlight 5CCT, CRI 90, white finish, remote driver",20,10,17.5,8.75,779261082956,759929384233
DL-5CCT-6-WH,"6"" LED Downlight 5CCT, CRI 90, white finish, remote driver",23.4,11.7,20.6,10.3,779261082963,759929386237
EPL-SR-WW-BK,"LED Edgelit Puck Light, 24v, round, 3000K LED, black trim",18,9,14.5,7.25,779261003722,759929192227
EPL-SR-WW-BZ,"LED Edgelit Puck Light, 24v, round, 3000K LED, bronze trim",18,9,14.5,7.25,779261003739,759929192234
EPL-SR-WW-WH,"LED Edgelit Puck Light, 24v, round, 3000K LED, white trim",18,9,14.5,7.25,779261003715,759929192210
EPL-SS-WW-BK,"LED Edgelit Puck Light, 24v, square, 3000K LED, black trim",23.5,11.75,15.5,7.75,779261003692,759929191121
EPL-SS-WW-BZ,"LED Edgelit Puck Light, 24v, square, 3000K LED, bronze trim",23.5,11.75,15.5,7.75,779261003708,759929191138
EPL-SS-WW-WH,"LED Edgelit Puck Light, 24V, square, 3000K LED, white trim",19.2,9.6,15.5,7.75,779261003682,759929191114
LED-SW-L-BWG,"LED Switch Star, 2700K,  louvre cover, brown wood grain",67.1,33.55,64.8,32.4,779261004675,759929152634
LED-SW-L-BWG-AM,"LED Switch Star, Louvre cover, Brown Wood Grain, amber LED",79.6,39.8,78.60000000000001,39.300000000000004,779261004897,759929154638
LED-SW-L-BWG-COV,"LED Switch Star, Louvre cover, brown wood grain coverplates",5.1,2.55,4.6000000000000005,2.3000000000000003,779261004767,759929152665
LED-SW-L-LA,"LED Switch Star, 2700K, louvre cover, light almond",67.1,33.55,64.8,32.4,779261004651,759929152610
LED-SW-L-LA-AM,"LED Switch Star, Louvre cover, Light Almond, amber LED",79.6,39.8,78.60000000000001,39.300000000000004,779261004873,759929154614
LED-SW-L-LA-COV,"LED Switch Star, Louvre cover, light almond coverplates",5.1,2.55,4.6000000000000005,2.3000000000000003,779261004743,759929152641
LED-SW-L-WH,"LED Switch Star, 2700K, louvre cover, white",67.1,33.55,64.8,32.4,779261004668,759929152627
LED-SW-L-WH-AM,"LED Switch Star, Louvre cover, White, amber LED",79.6,39.8,78.60000000000001,39.300000000000004,779261004880,759929154621
LED-SW-L-WH-COV,"LED Switch Star, Louvre cover, white coverplates",5.1,2.55,4.6000000000000005,2.3000000000000003,779261004750,759929152658
LED-SW-MOD,LED Switch Star replacement module,86.5,43.25,81,40.5,779261004835,759929150005
LED-SW-P-BWG,"LED Switch Star,  2700K, prism cover, brown wood grain",67.1,33.55,64.8,32.4,779261004705,759929152733
LED-SW-P-BWG-AM,"LED Switch Star, Prism cover, Brown Wood Grain, amber LED",79.6,39.8,78.60000000000001,39.300000000000004,779261004866,759929154737
LED-SW-P-BWG-COV,"LED Switch Star, Prism cover, brown wood grain coverplates",2.7,1.35,2.6000000000000005,1.3000000000000003,779261004798,759929152764
LED-SW-P-LA,"LED Switch Star, 2700K,  prism cover, light almond",67.1,33.55,64.8,32.4,779261004682,759929152719
LED-SW-P-LA-AM,"LED Switch Star, Prism cover, Light Almond, amber LED",79.6,39.8,78.60000000000001,39.300000000000004,779261004842,759929154713
LED-SW-P-LA-COV,"LED Switch Star, Prism cover, light almond coverplates",2.7,1.35,2.6000000000000005,1.3000000000000003,779261004774,759929152740
LED-SW-P-WH,"LED Switch Star, 2700K, prism cover, white",67.1,33.55,64.8,32.4,779261004699,759929152726
LED-SW-P-WH-AM,"LED Switch Star, Prism cover, White, amber LED",79.6,39.8,78.60000000000001,39.300000000000004,779261004859,759929154720
LED-SW-P-WH-COV,"LED Switch Star, Prism cover, white coverplates",2.7,1.35,2.6000000000000005,1.3000000000000003,779261004781,759929152757
LED-SW-S-BWG,"LED Switch Star, 2700K, scoop cover, brown wood grain",67.1,33.55,64.8,32.4,779261004736,759929152832
LED-SW-S-BWG-AM,"LED Switch Star, Scoop cover, Brown Wood Grain, amber LED",79.6,39.8,78.60000000000001,39.300000000000004,779261004927,759929154836
LED-SW-S-BWG-COV,"LED Switch Star, scoop cover, brown wood grain coverplates",5.1,2.55,4.6000000000000005,2.3000000000000003,779261004828,759929152863
LED-SW-S-LA,"LED Switch Star, 2700K, scoop cover, light almond",67.1,33.55,64.8,32.4,779261004712,759929152818
LED-SW-S-LA-AM,"LED Switch Star, Scoop cover, Light Almond, amber LED",79.6,39.8,78.60000000000001,39.300000000000004,779261004903,759929154812
LED-SW-S-LA-COV,"LED Switch Star, scoop cover, light almond coverplates",5.1,2.55,4.6000000000000005,2.3000000000000003,779261004804,759929152849
LED-SW-S-WH,"LED Switch Star, 2700K, scoop cover, white",67.1,33.55,64.8,32.4,779261004729,759929152825
LED-SW-S-WH-AM,"LED Switch Star, Scoop cover, White, amber LED",79.6,39.8,78.60000000000001,39.300000000000004,779261004910,759929154829
LED-SW-S-WH-COV,"LED Switch Star, scoop cover, white coverplates",5.1,2.55,4.6000000000000005,2.3000000000000003,779261004811,759929152856
LMSII-001,Terminal block connector & junction box,5.699999999999999,2.8499999999999996,5.6,2.8,779261010515,759929510144
LTP-001-12L,12' Power Cord - Opposite End,,,17.6,8.8,,759929690068
LTP-001-12R,"12' (144"") Power feed connector for single colour indoor",16.4,8.2,17.6,8.8,779261010584,759929690013
LTP-001-6L,"6' (72"") Power feed connector for single colour indoor-opposite end",8.2,4.1,9,4.5,779261010164,759929690143
LTP-001-6L-CM,"6' (72"") Power feed connector single colour through wall-opposite end",11.8,5.9,,,779261010508,
LTP-001-6R,"6' (72"") Power feed connector single colour through wall",8.2,4.1,9,4.5,779261009632,759929690136
LTP-001-6R-CM,"6' (72"") Power feed connector single colour through wall",11.8,5.9,15.6,7.8,779261010393,759929690167
LTP-001-CCT-6,72 in Power feed Indoor Connector for CCT Adjust,9.5,4.75,11,5.5,779261010485,759929696169
LTP-001-CCT-6-O,72 in Power feed Indoor Connector for CCT Adjust-opposite,9.5,4.75,11,5.5,779261014087,759929696312
LTP-001-HD-6,6' (72') Power feed Indoor Connector for HD,9.5,4.75,15.6,7.8,779261010980,759929692000
LTP-001-HD-HP-6,6' (72') Power feed Indoor Connector for HD- High Power,9.5,4.75,15.6,7.8,779261011024,759929692055
LTP-001-OD-6FT,Power feed connector for connection to outdoor signal amplifier,12.2,6.1,21.6,10.8,779261009694,759929690402
LTP-001-RGB-2IN,"2"" (5cm) in-line connector for RGB indoor",7.199999999999999,3.5999999999999996,7.2,3.6,779261010362,759929690211
LTP-001-RGB-6IN,"6"" (15cm) in-line connector for RGB indoor",8.299999999999999,4.1499999999999995,7.2,3.6,779261009687,759929690204
LTP-001-RGB-6L,"6' (72"") Power feed connector for RGB indoor, opposite",10.6,5.3,11.6,5.8,779261010171,759929690181
LTP-001-RGB-6R,"6' (72"") Power feed connector for RGB indoor",10.6,5.3,11.6,5.8,779261009656,759929690174
LTP-001-RGBW-12,"12' (144"") Power feed Indoor Connector for RGBW",23.5,11.75,17.6,8.8,779261011093,759929691164
LTP-001-RGBW-6,"6' (72"") Power feed Indoor Connector for RGBW",11.799999999999999,5.8999999999999995,9,4.5,779261010584,759929691157
LTP-001-RGBW-6IN,"6"" (15cm) in-line connector for RGBW",9.5,4.75,3.6,1.8,779261010607,759929691188
LTP-002,In-line connector for single colour indoor,4.1,2.05,3.6,1.8,779261009649,759929690020
LTP-002-CCT,In-line Connector for CCT Adjust,4.8,2.4,3.7,1.85,779261010492,759929696176
LTP-002-HD,In-line Connector for HD,4.8,2.4,7,3.5,779261011000,759929692017
LTP-002-RGB,In-line connector for RGB indoor,4.8,2.4,9,4.5,779261009663,759929690051
LTP-002-RGBW,In-line Connector for RGBW,5.8999999999999995,2.9499999999999997,3.2,1.6,779261010591,759929691171
LTP-003-6DC,"DC connector for LED Tape Light, with 6"" wire lead and DC connector",6.8,3.4,4.8,2.4,779261010379,759929690303
LTP-010-S,4' Plastic Tru-Form Mounting Channel with screws,,,14.8,7.4,,759929690129
LTP-100-2700K-COB-H90,"Chip-on-Board LED Strip Series, 2700K, 4.2W/FT, CFI>90, 100 ft spools",1084.4,542.2,885,442.5,779261013592,759929725470
LTP-100-2700K-H90,"Indoor LED Strip Series, 2700K, 4.3W/FT, CRI>90, 100 ft spools",1222.4,611.2,994.2,497.1,779261012700,759929721328
LTP-100-2700K-H90-LP,"Indoor LED Strip Series, 2700K, 2.2W/FT, CRI>90, 100 ft spools",836.4,418.2,680.2,340.1,779261012625,759929721335
LTP-100-2700K-HD-H90,"High Density LED Strip Series, 2700K, 5.76W/FT, CRI>90, 100 ft spools",1769.4,884.7,,,779261013226,
LTP-100-2700K-HD-LP-H90,"High Density LED Strip Series, 2700K, 3.5W/FT, CRI>90, 100 ft spools",851,425.5,,,779261012540,
LTP-100-2700K-HE-H90,"High Efficacy LED Strip Series, 2700K, 4.3W/FT, CRI>90, 100 ft spools",2412.6,1206.3,1962.4,981.2,779261013417,759929725456
LTP-100-3000K-COB-H90,"Chip-on-Board LED Strip Series, 3000K, 4.2W/FT, CFI>90, 100 ft spools",1084.4,542.2,885,442.5,779261012786,759929615474
LTP-100-3000K-H90,"Indoor LED Strip Series, 3000K, 4.3W/FT, CRI>90, 100 ft spools",1222.4,611.2,994.2,497.1,779261012724,759929611322
LTP-100-3000K-H90-LP,"Indoor LED Strip Series, 3000K, 2.2W/FT, CRI>90, 100 ft spools",836.4,418.2,680.2,340.1,779261012649,759929611339
LTP-100-3000K-HD-H90,"High Density LED Strip Series, 3000K, 5.76W/FT, CRI>90, 100 ft spools",1769.4,884.7,1798.8,899.4,779261013233,759929615412
LTP-100-3000K-HD-LP-H90,"High Density LED Strip Series, 3000K, 3.5W/FT, CRI>90, 100 ft spools",851,425.5,1046.6,523.3,779261012564,759929615436
LTP-100-3000K-HE-H90,"High Efficacy LED Strip Series, 3000K, 4.3W/FT, CRI>90, 100 ft spools",2412.6,1206.3,1962.4,981.2,779261013424,759929615450
LTP-100-3500K-COB-H90,"Chip-on-Board LED Strip Series, 3500K, 4.2W/FT, CFI>90, 100 ft spools",1084.4,542.2,885,442.5,779261013608,759929715471
LTP-100-3500K-H90,"Indoor LED Strip Series, 3500K, 4.3W/FT, CRI>90, 100 ft spools",1222.4,611.2,994.2,497.1,779261012731,759929711329
LTP-100-3500K-H90-LP,"Indoor LED Strip Series, 3500K, 2.2W/FT, CRI>90, 100 ft spools",836.4,418.2,680.2,340.1,779261013042,759929711336
LTP-100-3500K-HE-H90,"High Efficacy LED Strip Series, 3500K, 4.3W/FT, CRI>90, 100 ft spools",2412.6,1206.3,1962.4,981.2,779261013431,759929715457
LTP-100-4000K-COB-H90,"Chip-on-Board LED Strip Series, 4000K, 4.2W/FT, CFI>90, 100 ft spools",1084.4,542.2,885,442.5,779261013615,759929705472
LTP-100-4000K-H90,"Indoor LED Strip Series, 4000K, 4.3W/FT, CRI>90, 100 ft spools",1222.4,611.2,994.2,497.1,779261012748,759929701320
LTP-100-4000K-H90-LP,"Indoor LED Strip Series, 4000K, 2.2W/FT, CRI>90, 100 ft spools",836.4,418.2,680.2,340.1,779261012656,759929701337
LTP-100-4000K-HD-H90,"High Density LED Strip Series, 4000K, 5.76W/FT, CRI>90, 100 ft spools",1769.4,884.7,1798.8,899.4,779261013240,759929705410
LTP-100-4000K-HD-LP-H90,"High Density LED Strip Series, 4000K, 3.5W/FT, CRI>90, 100 ft spools",851,425.5,1046.6,523.3,779261012588,759929705434
LTP-100-4000K-HE-H90,"High Efficacy LED Strip Series, 4000K, 4.3W/FT, CRI>90, 100 ft spools",2412.6,1206.3,1962.4,981.2,779261013448,759929705458
LTP-100-6500K-COB-H90,"Chip-on-Board LED Strip Series, 6500K, 4.2W/FT, CFI>90, 100 ft spools",1084.4,542.2,885,442.5,779261013622,759929625473
LTP-100-6500K-H90,"Indoor LED Strip Series, 6500K, 4.3W/FT, CRI>90, 100 ft spools",1222.4,611.2,994.2,497.1,779261012755,759929621321
LTP-100-6500K-H90-LP,"Indoor LED Strip Series, 6500K, 2.2W/FT, CRI>90, 100 ft spools",836.4,418.2,680.2,340.1,779261012663,759929621338
LTP-100-6500K-HD-H90,"High Density LED Strip Series, 6500K, 5.76W/FT, CRI>90, 100 ft spools",1769.4,884.7,1798.8,899.4,779261013257,759929625411
LTP-100-6500K-HD-LP-H90,"High Density LED Strip Series, 6500K, 3.5W/FT, CRI>90, 100 ft spools",851,425.5,1046.6,523.3,779261013271,759929625435
LTP-100-6500K-HE-H90,"High Efficacy LED Strip Series, 6500K, 4.3W/FT, CRI>90, 100 ft spools",2412.6,1206.3,1962.4,981.2,779261013455,759929625459
LTP-100-AM,"Indoor LED Strip Series, Amber, 4.3W/FT, 100 ft spools",1222.4,611.2,994.2,497.1,779261012854,759929640100
LTP-100-AM-COB,"Chip-on-Board LED Strip Series, Amber, 4.2W/FT, 100 ft spools",1084.4,542.2,885,442.5,779261013639,759929643415
LTP-100-AM-LP,"Indoor LED Strip Series, Amber, 2.2W/FT, 100 ft spools",836.4,418.2,680.2,340.1,779261013066,759929640117
LTP-100-BL,"Indoor LED Strip Series, Blue, 4.3W/FT, 100 ft spools",1222.4,611.2,994.2,497.1,779261012878,759926650109
LTP-100-BL-COB,"Chip-on-Board LED Strip Series, Blue, 4.2W/FT, 100 ft spools",1084.4,542.2,885,442.5,779261013660,759929653414
LTP-100-BL-LP,"Indoor LED Strip Series, Blue, 2.2W/FT, 100 ft spools",836.4,418.2,680.2,340.1,779261013080,759929650116
LTP-100-GR,"Indoor LED Strip Series, Green, 4.3W/FT, 100 ft spools",1222.4,611.2,994.2,497.1,779261012861,759929630101
LTP-100-GR-COB,"Chip-on-Board LED Strip Series, Green, 4.2W/FT, 100 ft spools",1084.4,542.2,885,442.5,779261013653,759929633416
LTP-100-GR-LP,"Indoor LED Strip Series, Green, 2.2W/FT, 100 ft spools",836.4,418.2,680.2,340.1,779261013073,759929630118
LTP-100-RD,"Indoor LED Strip Series, Red, 4.3W/FT,  100 ft spools",1222.4,611.2,994.2,497.1,779261012847,759929660108
LTP-100-RD-COB,"Chip-on-Board LED Strip Series, Red, 4.2W/FT, 100 ft spools",1084.4,542.2,885,442.5,779261013646,759929663413
LTP-100-RD-LP,"Indoor LED Strip Series, Red, 2.2W/FT, 100 ft spools",836.4,418.2,680.2,340.1,779261013059,759929660115
LTP-100-RGB,"RGB Indoor LED Strip Series, 4.3W/FT, 100 ft spools",1467,733.5,1193,596.5,779261012762,759929680106
LTP-100-RGB-LP,"RGB Indoor LED Strip Series, 2.2W/FT, 100 ft spools",1003.6,501.8,816.4,408.2,779261012687,759929680113
LTP-100-RGB3000K-H90,"RGBW, RGB and 3000K Indoor LED Strip Series, 4.3W/FT, CFI>90, 100 ft spools",1650.2,825.1,1342.2,671.1,779261012601,759929691324
LTP-100-RGB4000K-H90,"RGBW, RGB and 4000K Indoor LED Strip Series, 4.3W/FT, CFI>90, 100 ft spools",1650.2,825.1,1342.2,671.1,779261013813,759929731327
LTP-100-RGB6500K-H90,"RGBW, RGB and 6500K Indoor LED Strip Series, 4.3W/FT, CFI>90, 100 ft spools",1650.2,825.1,1342.2,671.1,779261013820,759929741326
LTP-100-WW-DIM-H90,"Dim to Warm LED Strip Series, 5.5 W/FT, CFI>90, 100 ft spools",1496,748,1275.6,637.8,779261012526,759929614361
LTP-16-2700K-HD-H90,"High Density LED Strip Series, 2700K, 5.76W/FT, CRI>90, 16 ft spools",283.2,141.6,,,779261013189,
LTP-16-2700K-HD-LP-H90,"High Density LED Strip Series, 2700K, 3.5W/FT, CRI>90, 16 ft spools",157.1,78.55,,,779261012557,
LTP-16-2700K-HE-H90,"High Efficacy LED Strip Series, 2700K, 4.3W/FT, CRI>90, 16 ft spools",386,193,314,157,779261013363,759929725449
LTP-16-3000K-HD-H90,"High Density LED Strip Series, 3000K, 5.76W/FT, CRI>90, 16 ft spools",283.2,141.6,287.8,143.9,779261013196,759929615405
LTP-16-3000K-HD-LP-H90,"High Density LED Strip Series, 3000K, 3.5W/FT, CRI>90, 16 ft spools",157.1,78.55,167.4,83.7,779261012571,759929615429
LTP-16-3000K-HE-H90,"High Efficacy LED Strip Series, 3000K, 4.3W/FT, CRI>90, 16 ft spools",386,193,314,157,779261013370,759929615443
LTP-16-3500K-HE-H90,"High Efficacy LED Strip Series, 3500K, 4.3W/FT, CRI>90, 16 ft spools",386,193,314,157,779261013387,759929715440
LTP-16-4000K-HD-H90,"High Density LED Strip Series, 4000K, 5.76W/FT, CRI>90, 16 ft spools",283.2,141.6,287.8,143.9,779261013202,759929705403
LTP-16-4000K-HD-LP-H90,"High Density LED Strip Series, 4000K, 3.5W/FT, CRI>90, 16 ft spools",157.1,78.55,167.4,83.7,779261012595,759929705427
LTP-16-4000K-HE-H90,"High Efficacy LED Strip Series, 4000K, 4.3W/FT, CRI>90, 16 ft spools",386,193,314,157,779261013394,759929705441
LTP-16-6500K-HD-H90,"High Density LED Strip Series, 6500K, 5.76W/FT, CRI>90, 16 ft spools",283.2,141.6,287.8,143.9,779261013219,759929625404
LTP-16-6500K-HD-LP-H90,"High Density LED Strip Series, 6500K, 3.5W/FT, CRI>90, 16 ft spools",157.1,78.55,167.4,83.7,779261013264,759929625428
LTP-16-6500K-HE-H90,"High Efficacy LED Strip Series, 6500K, 4.3W/FT, CRI>90, 16 ft spools",386,193,314,157,779261013400,759929625442
LTP-16-CCT-H90,"CCT Adjust Indoor LED Strip Series, 5.8W/FT, CFI>90, 16 ft spools",260.1,130.05,254.6,127.3,779261014094,759929603259
LTP-16-WW-DIM-H90,"Dim to Warm LED Strip Series, 5.5 W/FT, CFI>90, 16 ft spools",239.4,119.7,204,102,779261012533,759929614354
LTP-20-2700K-COB-H90,"Chip-on-Board LED Strip Series, 2700K, 4.2W/FT, CFI>90, 20 ft spools",216.9,108.45,177,88.5,779261013516,759929725463
LTP-20-2700K-H90,"Indoor LED Strip Series, 2700K, 4.3W/FT, CRI>90, 20 ft spools",244.6,122.3,198.8,99.4,779261012717,759929723254
LTP-20-2700K-H90-LP,"Indoor LED Strip Series, 2700K, 2.2W/FT, CRI>90, 20 ft spools",167.3,83.65,136,68,779261012632,759929723261
LTP-20-3000K-COB-H90,"Chip-on-Board LED Strip Series, 3000K, 4.2W/FT, CFI>90, 20 ft spools",216.9,108.45,177,88.5,779261012793,759929615467
LTP-20-3000K-H90,"Indoor LED Strip Series, 3000K, 4.3W/FT, CRI>90, 20 ft spools",244.6,122.3,198.8,99.4,779261010317,759929613258
LTP-20-3000K-H90-LP,"Indoor LED Strip Series, 3000K, 2.2W/FT, CRI>90, 20 ft spools",167.3,83.65,136,68,779261012977,759929613265
LTP-20-3500K-COB-H90,"Chip-on-Board LED Strip Series, 3500K, 4.2W/FT, CFI>90, 20 ft spools",216.9,108.45,177,88.5,779261013523,759929715464
LTP-20-3500K-H90,"Indoor LED Strip Series, 3500K, 4.3W/FT, CRI>90, 20 ft spools",244.6,122.3,198.8,99.4,779261011574,759929713255
LTP-20-3500K-H90-LP,"Indoor LED Strip Series, 3500K, 2.2W/FT, CRI>90, 20 ft spools",167.3,83.65,136,68,779261012984,759929713262
LTP-20-4000K-COB-H90,"Chip-on-Board LED Strip Series, 4000K, 4.2W/FT, CFI>90, 20 ft spools",216.9,108.45,177,88.5,779261013530,759929705465
LTP-20-4000K-H90,"Indoor LED Strip Series, 4000K, 4.3W/FT, CRI>90, 20 ft spools",244.6,122.3,198.8,99.4,779261011499,759929703256
LTP-20-4000K-H90-LP,"Indoor LED Strip Series, 4000K, 2.2W/FT, CRI>90, 20 ft spools",167.3,83.65,136,68,779261012991,759929703263
LTP-20-6500K-COB-H90,"Chip-on-Board LED Strip Series, 6500K, 4.2W/FT, CFI>90, 20 ft spools",216.9,108.45,177,88.5,779261013547,759929625466
LTP-20-6500K-H90,"Indoor LED Strip Series, 6500K, 4.3W/FT, CRI>90, 20 ft spools",244.6,122.3,198.8,99.4,779261010300,759929623257
LTP-20-6500K-H90-LP,"Indoor LED Strip Series, 6500K, 2.2W/FT, CRI>90, 20 ft spools",167.3,83.65,136,68,779261012670,759929623264
LTP-20-AM,"Indoor LED Strip Series, Amber, 4.3W/FT, 20 ft spools",244.6,122.3,198.8,99.4,779261012816,759929640209
LTP-20-AM-COB,"Chip-on-Board LED Strip Series, Amber, 4.2W/FT, 20 ft spools",216.9,108.45,177,88.5,779261013554,759929643316
LTP-20-AM-LP,"Indoor LED Strip Series, Amber, 2.2W/FT, 20 ft spools",167.3,83.65,136,68,779261013011,759929640216
LTP-20-BL,"Indoor LED Strip Series, Blue, 4.3W/FT,  20 ft spools",244.6,122.3,198.8,99.4,779261012830,759929650208
LTP-20-BL-COB,"Chip-on-Board LED Strip Series, Blue, 4.2W/FT, 20 ft spools",216.9,108.45,177,88.5,779261013585,759929653315
LTP-20-BL-LP,"Indoor LED Strip Series, Blue, 2.2W/FT, 20 ft spools",167.3,83.65,136,68,779261013035,759929650215
LTP-20-GR,"Indoor LED Strip Series, Green, 4.3W/FT, 20 ft spools",244.6,122.3,198.8,99.4,779261012823,759929630200
LTP-20-GR-COB,"Chip-on-Board LED Strip Series, Green, 4.2W/FT, 20 ft spools",216.9,108.45,177,88.5,779261013578,759929633317
LTP-20-GR-LP,"Indoor LED Strip Series, Green, 2.2W/FT, 20 ft spools",167.3,83.65,136,68,779261013028,759929630217
LTP-20-RD,"Indoor LED Strip Series, Red, 4.3W/FT,  20 ft spools",244.6,122.3,198.8,99.4,779261012809,759929660207
LTP-20-RD-COB,"Chip-on-Board LED Strip Series, Red, 4.2W/FT,  20 ft spools",216.9,108.45,177,88.5,779261013561,759929663314
LTP-20-RD-LP,"Indoor LED Strip Series, Red, 2.2W/FT, 20 ft spools",167.3,83.65,136,68,779261013004,759929660214
LTP-20-RGB,"RGB Indoor LED Strip Series, 4.3W/FT, 20 ft spools",293.4,146.7,238.6,119.3,779261012779,759929680205
LTP-20-RGB-LP,"RGB Indoor LED Strip Series, 2.2W/FT, 20 ft spools",200.8,100.4,163.2,81.6,779261012694,759929683008
LTP-20-RGB3000K-H90,"RGBW, RGB and 3000K Indoor LED Strip Series, 4.3W/FT, CFI>90, 20 ft spools",330,165,268.4,134.2,779261012618,759929693250
LTP-20-RGB4000K-H90,"RGBW, RGB and 4000K Indoor LED Strip Series, 4.3W/FT, CFI>90, 20 ft spools",330,165,268.4,134.2,779261013790,759929733253
LTP-20-RGB6500K-H90,"RGBW, RGB and 6500K Indoor LED Strip Series, 4.3W/FT, CFI>90, 20 ft spools",330,165,268.4,134.2,779261013806,759929743252
LTP-OD-20-2700K-H90,"Outdoor LED Strip Series, 2700K, 4.3W/FT, CRI>90, 20 ft spools",397.2,198.6,258.4,129.2,779261013868,759929722332
LTP-OD-20-2700K-H90-LP,"Outdoor LED Strip Series, 2700K, 2.2W/FT, CRI>90, 20 ft spools",223.8,111.9,182.2,91.1,779261013912,759929722325
LTP-OD-20-3000K-H90,"Outdoor LED Strip Series, 3000K, 4.3W/FT, CRI>90, 20 ft spools",397.2,198.6,258.4,129.2,779261013875,759929612336
LTP-OD-20-3000K-H90-LP,"Outdoor LED Strip Series, 3000K, 2.2W/FT, CRI>90, 20 ft spools",223.8,111.9,182.2,91.1,779261013929,759929612329
LTP-OD-20-3500K-H90,"Outdoor LED Strip Series, 3500K, 4.3W/FT, CRI>90, 20 ft spools",397.2,198.6,258.4,129.2,779261013882,759929712333
LTP-OD-20-3500K-H90-LP,"Outdoor LED Strip Series, 3500K, 2.2W/FT, CRI>90, 20 ft spools",223.8,111.9,182.2,91.1,779261013936,759929712326
LTP-OD-20-4000K-H90,"Outdoor LED Strip Series, 4000K, 4.3W/FT, CRI>90, 20 ft spools",397.2,198.6,258.4,129.2,779261013899,759929702334
LTP-OD-20-4000K-H90-LP,"Outdoor LED Strip Series, 4000K, 2.2W/FT, CRI>90, 20 ft spools",223.8,111.9,182.2,91.1,779261013943,759929702327
LTP-OD-20-6500K-H90,"Outdoor LED Strip Series, 6500K, 4.3W/FT, CRI>90, 20 ft spools",397.2,198.6,258.4,129.2,779261013905,759929622335
LTP-OD-20-6500K-H90-LP,"Outdoor LED Strip Series, 6500K, 2.2W/FT, CRI>90, 20 ft spools",223.8,111.9,182.2,91.1,779261013950,759929622328
LTP-OD-20-RGB,"RGB Outdoor LED Strip Series, 4.3W/FT, 20 ft spools",353.2,176.6,287.2,143.6,779261013967,759929680212
LTP-OD-20-RGB-LP,"RGB Outdoor LED Strip Series, 2.2W/FT,20 ft spools",248.8,124.4,182.2,91.1,779261013974,759929683299
LTP-RGB-001-OD-6FT,Power feed connector for RGB outdoor,15.9,7.95,37.2,18.6,779261009700,759929690228
LTP-STP-12,"12' (144"") in-line connector for single colour indoor",12.3,6.15,18.2,9.1,779261011079,759929690266
LTP-STP-2,"2' (24"") in-line connector for single colour indoor",6.6,3.3,5.8,2.9,779261011222,759929690242
LTP-STP-2IN,"2"" (5cm) in-line connector for single colour indoor",4,2,3.8,1.9,779261010355,759929690280
LTP-STP-6IN,"6"" (15cm) in-line connector for single colour indoor",4,2,3.8,1.9,779261009670,759929690273
LTP-STP-CCT-6IN,"6"" (15cm) in-line connector for CCT Adjust ",7.199999999999999,3.5999999999999996,4.4,2.2,779261011086,759929691430
LTP-STP-HD-6IN,"6"" (15cm) in-line connector for HD  ",7.199999999999999,3.5999999999999996,7.2,3.6,779261011017,759929692024
LTP-XX-2700K-COB-H90,"Chip-on-Board LED Strip Series, 2700K, 4.2W/FT, CFI>90, custom cuts",13,6.5,10.6,5.3,779261013677,759929724541
LTP-XX-2700K-H90,"Indoor LED Strip Series, 2700K, 4.3W/FT, CRI>90, custom cuts",14.7,7.35,11.9,5.95,779261012885,759929723278
LTP-XX-2700K-H90-LP,"Indoor LED Strip Series, 2700K, 2.2W/FT, CRI>90, custom cuts",10,5,8.2,4.1,779261013097,759929723285
LTP-XX-2700K-HD-H90,"High Density LED Strip Series, 2700K, 5.76W/FT, CRI>90, custom cuts",21.25,10.625,,,779261013288,
LTP-XX-2700K-HD-LP-H90,"High Density LED Strip Series, 2700K, 3.5W/FT, CRI>90, custom cuts",12.4,6.2,,,779261013325,
LTP-XX-2700K-HE-H90,"High Efficacy LED Strip Series, 2700K, 4.3W/FT, CRI>90, custom cuts",28.95,14.475,23.5,11.75,779261013462,759929724343
LTP-XX-3000K-COB-H90,"Chip-on-Board LED Strip Series, 3000K, 4.2W/FT, CFI>90, custom cuts",13,6.5,10.6,5.3,779261013684,759929614542
LTP-XX-3000K-H90,"Indoor LED Strip Series, 3000K, 4.3W/FT, CRI>90, custom cuts",14.7,7.35,11.9,5.95,779261012892,759929614323
LTP-XX-3000K-H90-LP,"Indoor LED Strip Series, 3000K, 2.2W/FT, CRI>90, custom cuts",10,5,8.2,4.1,779261013103,759929614330
LTP-XX-3000K-HD-H90,"High Density LED Strip Series, 3000K, 5.76W/FT, CRI>90, custom cuts",21.25,10.625,21.6,10.8,779261013295,759929614408
LTP-XX-3000K-HD-LP-H90,"High Density LED Strip Series, 3000K, 3.5W/FT, CRI>90, custom cuts",12.4,6.2,12.6,6.3,779261013332,759929614415
LTP-XX-3000K-HE-H90,"High Efficacy LED Strip Series, 3000K, 4.3W/FT, CRI>90, custom cuts",28.95,14.475,23.5,11.75,779261013479,759929614347
LTP-XX-3500K-COB-H90,"Chip-on-Board LED Strip Series, 3500K, 4.2W/FT, CFI>90, custom cuts",13,6.5,10.6,5.3,779261013691,759929714542
LTP-XX-3500K-H90,"Indoor LED Strip Series, 3500K, 4.3W/FT, CRI>90, custom cuts",14.7,7.35,11.9,5.95,779261012908,759929713279
LTP-XX-3500K-H90-LP,"Indoor LED Strip Series, 3500K, 2.2W/FT, CRI>90, custom cuts",10,5,8.2,4.1,779261013110,759929713286
LTP-XX-3500K-HE-H90,"High Efficacy LED Strip Series, 3500K, 4.3W/FT, CRI>90, custom cuts",28.95,14.475,23.5,11.75,779261013486,759929714344
LTP-XX-4000K-COB-H90,"Chip-on-Board LED Strip Series, 4000K, 4.2W/FT, CFI>90, custom cuts",13,6.5,10.6,5.3,779261013707,759929704543
LTP-XX-4000K-H90,"Indoor LED Strip Series, 4000K, 4.3W/FT, CRI>90, custom cuts",14.7,7.35,11.9,5.95,779261012915,759929704321
LTP-XX-4000K-H90-LP,"Indoor LED Strip Series, 4000K, 2.2W/FT, CRI>90, custom cuts",10,5,8.2,4.1,779261013127,759929703287
LTP-XX-4000K-HD-H90,"High Density LED Strip Series, 4000K, 5.76W/FT, CRI>90, custom cuts",21.25,10.625,21.6,10.8,779261013301,759929704406
LTP-XX-4000K-HD-LP-H90,"High Density LED Strip Series, 4000K, 3.5W/FT, CRI>90, custom cuts",12.4,6.2,12.6,6.3,779261013349,759929704338
LTP-XX-4000K-HE-H90,"High Efficacy LED Strip Series, 4000K, 4.3W/FT, CRI>90, custom cuts",28.95,14.475,23.5,11.75,779261013493,759929704345
LTP-XX-6500K-COB-H90,"Chip-on-Board LED Strip Series, 6500K, 4.2W/FT, CFI>90, custom cuts",13,6.5,10.6,5.3,779261013714,759929624544
LTP-XX-6500K-H90,"Indoor LED Strip Series, 6500K, 4.3W/FT, CRI>90, custom cuts",14.7,7.35,11.9,5.95,779261012922,759929623271
LTP-XX-6500K-H90-LP,"Indoor LED Strip Series, 6500K, 2.2W/FT, CRI>90, custom cuts",10,5,8.2,4.1,779261013134,759929623288
LTP-XX-6500K-HD-H90,"High Density LED Strip Series, 6500K, 5.76W/FT, CRI>90, custom cuts",21.25,10.625,21.6,10.8,779261013318,759929624322
LTP-XX-6500K-HD-LP-H90,"High Density LED Strip Series, 6500K, 3.5W/FT, CRI>90, custom cuts",12.4,6.2,12.6,6.3,779261013356,759929624339
LTP-XX-6500K-HE-H90,"High Efficacy LED Strip Series, 6500K, 4.3W/FT, CRI>90, custom cuts",28.95,14.475,23.5,11.75,779261013509,759929624346
LTP-XX-AM,"Indoor LED Strip Series, Amber, 4.3W/FT, custom cuts",14.7,7.35,11.9,5.95,779261012946,759929640018
LTP-XX-AM-COB,"Chip-on-Board LED Strip Series, Amber, 4.2W/FT, custom cuts",13,6.5,10.6,5.3,779261013721,759929643330
LTP-XX-AM-LP,"Indoor LED Strip Series, Amber, 2.2W/FT, custom cuts",10,5,8.2,4.1,779261013158,759929640025
LTP-XX-BL,"Indoor LED Strip Series, Blue, 4.3W/FT, custom cuts",14.7,7.35,11.9,5.95,779261012960,759929650017
LTP-XX-BL-COB,"Chip-on-Board LED Strip Series, Blue, 4.2W/FT, custom cuts",13,6.5,10.6,5.3,779261013752,759929653339
LTP-XX-BL-LP,"Indoor LED Strip Series, Blue, 2.2W/FT, custom cuts",10,5,8.2,4.1,779261013172,759929650024
LTP-XX-GR,"Indoor LED Strip Series, Green, 4.3W/FT, custom cuts",14.7,7.35,11.9,5.95,779261012953,759929630019
LTP-XX-GR--LP,"Indoor LED Tape Light, Green, 2.2W/FT, custom cuts",,,8.2,4.1,,759929630026
LTP-XX-GR-COB,"Chip-on-Board LED Strip Series, Green, 4.2W/FT, custom cuts",13,6.5,10.6,5.3,779261013745,759929633331
LTP-XX-GR-LP,"Indoor LED Strip Series, Green, 2.2W/FT, custom cuts",10,5,,,779261013165,
LTP-XX-RD,"Indoor LED Strip Series, Red, 4.3W/FT, custom cuts",14.7,7.35,11.9,5.95,779261012939,759929660016
LTP-XX-RD-COB,"Chip-on-Board LED Strip Series, Red, 4.2W/FT, custom cuts",13,6.5,10.6,5.3,779261013738,759929663338
LTP-XX-RD-LP,"Indoor LED Strip Series, Red, 2.2W/FT, custom cuts",10,5,8.2,4.1,779261013141,759929660023
LTP-XX-RGB,"RGB Indoor LED Strip Series, 4.3W/FT, custom cuts",17.6,8.8,14.3,7.15,779261013776,759929680014
LTP-XX-RGB-LP,"RGB Indoor LED Strip Series, 2.2W/FT, custom cuts",12,6,9.8,4.9,779261013783,759929680021
LTP-XX-RGB3000K-H90,"RGBW, RGB and 3000K Indoor LED Strip Series, 4.3W/FT, CFI>90, custom cuts",19.8,9.9,16.1,8.05,779261013837,759929694325
LTP-XX-RGB4000K-H90,"RGBW, RGB and 4000K Indoor LED Strip Series, 4.3W/FT, CFI>90, custom cuts",19.8,9.9,16.1,8.05,779261013844,759929734328
LTP-XX-RGB6500K-H90,"RGBW, RGB and 6500K Indoor LED Strip Series, 4.3W/FT, CFI>90, custom cuts",19.8,9.9,16.1,8.05,779261013851,759929744327
LTP-XX-WW-DIM-H90,"Dim to Warm LED Strip Series, 5.5 W/FT, CFI>90, custom cuts",18.8,9.4,15.3,7.65,779261013769,759929614378
LV-FS-EC-001,End caps - bag of 6,5.1,2.55,3.2,1.6,779261009854,759929690044
LV-FS-MC-004,Mounting clips - bag of 20,8.9,4.45,5.8,2.9,779261009847,759929690037
LVLDL-04-TR-BK-L3,"4""LED Downlight Gen III, Trim only, black ",2.8000000000000003,1.4000000000000001,2.6,1.3,779261082284,759929384158
LVLDL-04-TR-BN-L3,"4""LED Downlight Gen III, Trim only, brushed nickel ",4.1,2.05,3.8000000000000003,1.9000000000000001,779261082307,759929384110
LVLDL-04-TR-BZ-L3,"4""LED Downlight Gen III, Trim only, bronze ",2.8000000000000003,1.4000000000000001,2.6,1.3,779261082291,759929384134
LVLDL-06-TR-BK-L3,"6""LED Downlight Gen III, Trim only, black ",3.5,1.75,3.4000000000000004,1.7000000000000002,779261082314,759929386152
LVLDL-06-TR-BN-L3,"6""LED Downlight Gen III, Trim only, brushed nickel ",5.3999999999999995,2.6999999999999997,5,2.5,779261082338,759929386114
LVLDL-06-TR-BZ-L3,"6""LED Downlight Gen III, Trim only, bronze ",3.5,1.75,3.4000000000000004,1.7000000000000002,779261082321,759929386138
LVLDL-BR-4-L3,"Beauty Ring (white only) for 4"" Gen III, ""L3"" Series Thin-Line",3.6,1.8,4.1,2.05,779261082529,759929384905
LVLDL-BR-6-L3,"Beauty Ring (white only) for 6"" Gen III, ""L3"" Series Thin-Line",5.3999999999999995,2.6999999999999997,6.1000000000000005,3.0500000000000003,779261082536,759929386909
LVLDL-CP-4-L3,"Construction plate (only) for 4"" Gen III, ""L3"" Series Thin-Line",9.2,4.6,14,7,779261082475,759929384783
LVLDL-CP-6-L3,"Construction plate (only) for 6"" Gen III, ""L3"" Series Thin-Line",10.7,5.35,16.4,8.2,779261082482,759929386787
LWL-100W-50,"LED Work Light, 100w, 5000k",,,271,135.5,,759929999130
LWL-60W-50,"LED Work Light, 60w, 5000k",,,192.6,96.3,,759929999185
LWL-FM,LED Work Lamp Floor Mount,,,33,16.5,,759929999161
LWL-MM,LED Work Lamp Magnet Mount,,,126,63,,759929999147
LWL-TM,LED Work Lamp Tripod Mount,,,82.2,41.1,,759929999154
RGL-4-TR-BK,"4"" Regressed Downlight trim, Black",6.8999999999999995,3.4499999999999997,6,3,779261050726,759929445316
RGL-4-TR-BZ,"4"" Regressed Downlight trim, Bronze",6.8999999999999995,3.4499999999999997,6,3,779261050733,759929445828
RGL-4-TR-SN,"4"" Regressed Downlight trim, Satin Nickel",9.1,4.55,8.399999999999999,4.199999999999999,779261050740,759929445408
RGL-4B-9W-BT,"4"" Regressed DownLight, 3 CCT Bluetooth, 9W, CRI90, White trim",59.1,29.55,47.6,23.8,779261050757,759929481253
RGL-4B-9W-SW,"4"" Regressed DownLight, 3 CCT Switch, 9W, CRI90, White trim",42.3,21.15,34.1,17.05,779261050764,759929482359
RGL-6-TR-BK,"6"" Regressed Downlight trim, Black",9.1,4.55,8.2,4.1,779261050771,759929645310
RGL-6-TR-BZ,"6"" Regressed Downlight trim, Bronze",9.1,4.55,8.2,4.1,779261050788,759929645822
RGL-6-TR-SN,"6"" Regressed Downlight trim, Satin Nickel",11.299999999999999,5.6499999999999995,10.6,5.3,779261050795,759929645402
RGL-6B-12W-BT,"6"" Regressed DownLight, 3 CCT Bluetooth, 9W, CRI90, White trim",66.3,33.15,53.4,26.7,779261050801,759929631252
RGL-6B-12W-SW,"6"" Regressed DownLight, 3 CCT Switch, 9W, CRI90, White trim",49.5,24.75,39.9,19.95,779261050818,759929632358
SL66-4FT-40W-40,"LED Tri-Proof Light, 4ft, 40W, 4000K,",214,107,212,106,779261001810,759929994418
SL66-AD-MC,"LED Tri-Proof adjusting mounting clips, bag of 2",17.3,8.65,13,6.5,779261001841,759929994715
SL66-SUS-KIT,LED Tri-Proof Suspension Kit ,17.3,8.65,13,6.5,779261001797,759929994708
SWL-60W-50,"LED String Work Light, 60w, 5000k",,,176,88,,759929999178
SX-12V-DD-60W,"SWITCHEX®Driver & Dimmer Switch,  12V, 60W",369.5,184.75,284.7,142.35,779261050238,759929829673
SX-24V-DD-100W,"SWITCHEX® Driver & Dimmer Switch, 24V 100W    

                     ",522.4,261.2,402.5,201.25,779261050221,759929829680
SX-TP-BR,SWITCHEX® Trimplate - brown,6.8999999999999995,3.4499999999999997,8.2,4.1,779261050245,759929829697
SX-TP-LA,SWITCHEX® Trimplate - light almond,6.8999999999999995,3.4499999999999997,8.2,4.1,779261050252,759929829703
TLWMV153WMBK,"LED Outdoor Sconce Body, 3000k, Black Finish",112.7,56.35,95.60000000000001,47.800000000000004,779261002770,759929548215
TLWMV153WMBR,"LED Outdoor Sconce Body, 3000k, Brown Finish",112.7,56.35,95.60000000000001,47.800000000000004,779261002787,759929548239
TLWMV153WMSV,"LED Outdoor Sconce Body, 3000k, Silver Finish",112.7,56.35,95.60000000000001,47.800000000000004,779261002794,759929548222
TLWMV154WMBK,"LED Outdoor Sconce Body, 4000k, Black Finish",112.7,56.35,95.60000000000001,47.800000000000004,779261002800,759929548314
TLWMV154WMBR,"LED Outdoor Sconce Body, 4000k, Brown Finish",112.7,56.35,95.60000000000001,47.800000000000004,779261002817,759929548338
TLWMV154WMSV,"LED Outdoor Sconce Body, 4000k, Silver Finish",112.7,56.35,95.60000000000001,47.800000000000004,779261002824,759929548321
TLWMV15XWMBK-01,"LED Outdoor Sconce Wave Cover,  Black Finish",53,26.5,42.7,21.35,779261002831,759929549519
TLWMV15XWMBK-02,"LED Outdoor Sconce Wing Cover,  Black Finish",101.4,50.7,81.7,40.85,779261002848,759929549618
TLWMV15XWMBK-04,"LED Outdoor Sconce Scoop Cover,  Black Finish",53,26.5,42.7,21.35,779261002855,759929549717
TLWMV15XWMBR-01,"LED Outdoor Sconce Wave Cover,  Brown Finish",50.2,25.1,40.5,20.25,779261002862,759929549533
TLWMV15XWMBR-02,"LED Outdoor Sconce Wing Cover,  Brown Finish",95.9,47.95,77.3,38.65,779261002879,759929549632
TLWMV15XWMBR-04,"LED Outdoor Sconce Scoop Cover,  Brown Finish",50.2,25.1,40.5,20.25,779261002886,759929549731
TLWMV15XWMSV-01,"LED Outdoor Sconce Wave Cover,  Silver Finish",53,26.5,42.7,21.35,779261002893,759929549526
TLWMV15XWMSV-02,"LED Outdoor Sconce Wing Cover,  Silver Finish",101.4,50.7,81.7,40.85,779261002909,759929549625
TLWMV15XWMSV-04,"LED Outdoor Sconce Scoop Cover,  Silver Finish",53,26.5,42.7,21.35,779261002916,759929549724
VO-C10-8,Clear U channel for Strip Series Tape ,5.3,2.65,,,779261009908,
WSL-15-30K-BN,"LED Wall Sconce light, 15W, 3000K, brushed nickel trim",83.19999999999999,41.599999999999994,72.8,36.4,779261050337,759929401121
